product_id,product_name,category,brand,unit_price,unit_cost,launch_year,warranty_months,weight_kg,product_sku,subcategory,model_family,colour,supplier_id,supplier_country,launch_date,tax_category,package_type,recyclable_packaging,active_flag,product_description_clean
PRD0001,Candle Bloom 100,Laptop,Candle,2393.92,1475.97,2014,24,1.196,SKU-CAN00001,Ultrabook,Arc,Silver,SUP001,Vietnam,2014-01-25,GST_STANDARD,Recycled box,False,True,"ultrabook designed for portable document work and video meetings, in the arc family and supplied by candle with a 24-month warranty."
PRD0002,Vela Halo 101,Smartphone,Vela,1391.38,905.35,2012,24,0.261,SKU-VEL00002,5G Smartphone,Atlas,Green,SUP002,Malaysia,2012-08-14,GST_STANDARD,Protective case,True,True,"5g smartphone designed for daily communication and navigation, in the atlas family and supplied by vela with a 24-month warranty."
PRD0003,Candle Quest 102,Tablet,Candle,316.95,160.31,2017,24,0.61,SKU-CAN00003,Productivity Tablet,Bloom,Graphite,SUP003,Korea,2017-10-07,GST_STANDARD,Recycled box,True,True,"productivity tablet designed for reading, annotation and handwritten notes, in the bloom family and supplied by candle with a 24-month warranty."
PRD0004,Vela Wave 103,Home Entertainment,Vela,468.81,280.81,2017,24,6.52,SKU-VEL00004,Smart Display,Core,Black,SUP004,Japan,2017-03-19,GST_STANDARD,Protective case,True,True,"smart display designed for shared film and television viewing, in the core family and supplied by vela with a 24-month warranty."
PRD0005,Candle Edge 104,Audio,Candle,503.71,301.0,2017,12,0.517,SKU-CAN00005,Wireless Audio,Edge,Gold,SUP005,Korea,2017-01-03,GST_STANDARD,Recycled box,True,True,"wireless audio designed for commuting and spoken-content listening, in the edge family and supplied by candle with a 12-month warranty."
PRD0006,Vela Nova 105,Smart Home,Vela,319.31,225.99,2013,12,0.263,SKU-VEL00006,Home Automation,Echo,Gold,SUP006,China,2013-02-10,GST_STANDARD,Box,True,True,"home automation designed for app-controlled room lighting, in the echo family and supplied by vela with a 12-month warranty."
PRD0007,Candle Shift 106,Gaming,Candle,1073.56,672.5,2012,24,1.324,SKU-CAN00007,Gaming Hardware,Flux,Blue,SUP007,Australia,2012-03-17,GST_STANDARD,Box,True,True,"gaming hardware designed for long desktop gaming sessions, in the flux family and supplied by candle with a 24-month warranty."
PRD0008,Vela Atlas 107,Wearable,Vela,146.16,99.2,2016,12,0.088,SKU-VEL00008,Health Wearable,Halo,Red,SUP008,China,2016-11-20,GST_STANDARD,Box,True,True,"health wearable designed for daily activity and sleep tracking, in the halo family and supplied by vela with a 12-month warranty."
PRD0009,Candle Flux 108,Networking,Candle,1213.1,714.64,2017,24,0.551,SKU-CAN00009,Connected Network,Lumen,Red,SUP009,Japan,2017-09-05,GST_STANDARD,Box,True,True,"connected network designed for home-office wireless coverage, in the lumen family and supplied by candle with a 24-month warranty."
PRD0010,Vela Pulse 109,Accessory,Vela,386.41,274.65,2016,12,0.171,SKU-VEL00010,Mobile Accessory,Nova,Black,SUP010,Malaysia,2016-03-13,GST_STANDARD,Box,True,True,"mobile accessory designed for adjustable desk mounting and device positioning, in the nova family and supplied by vela with a 12-month warranty."
PRD0011,Candle Vista 110,Laptop,Candle,1160.31,566.28,2014,24,1.537,SKU-CAN00011,Ultrabook,Orbit,White,SUP011,Australia,2014-09-22,GST_STANDARD,Protective case,True,True,"ultrabook designed for study, research and note taking, in the orbit family and supplied by candle with a 24-month warranty."
PRD0012,Vela Core 111,Smartphone,Vela,711.13,418.01,2017,24,0.219,SKU-VEL00012,5G Smartphone,Pulse,Blue,SUP012,Malaysia,2017-04-12,GST_STANDARD,Recycled box,True,True,"5g smartphone designed for mobile photography and messaging, in the pulse family and supplied by vela with a 24-month warranty."
PRD0013,Candle Lumen 112,Tablet,Candle,377.71,277.75,2016,24,0.46,SKU-CAN00013,Productivity Tablet,Quest,Black,SUP013,Vietnam,2016-04-04,GST_STANDARD,Protective case,False,True,"productivity tablet designed for portable media and video calls, in the quest family and supplied by candle with a 24-month warranty."
PRD0014,Vela Ridge 113,Home Entertainment,Vela,953.24,574.14,2016,24,8.318,SKU-VEL00014,Smart Display,Ridge,Silver,SUP014,Japan,2016-12-24,GST_STANDARD,Recycled box,True,True,"smart display designed for music and spoken-content playback, in the ridge family and supplied by vela with a 24-month warranty."
PRD0015,Candle Arc 114,Audio,Candle,828.91,624.12,2015,12,0.445,SKU-CAN00015,Wireless Audio,Shift,Black,SUP015,Vietnam,2015-02-22,GST_STANDARD,Protective case,True,True,"wireless audio designed for music during focused desk work, in the shift family and supplied by candle with a 12-month warranty."
PRD0016,Vela Echo 115,Smart Home,Vela,255.89,180.18,2014,12,0.364,SKU-VEL00016,Home Automation,Spark,Blue,SUP016,Australia,2014-10-06,GST_STANDARD,Recycled box,True,True,"home automation designed for scheduled control of a household power outlet, in the spark family and supplied by vela with a 12-month warranty."
PRD0017,Candle Orbit 116,Gaming,Candle,1611.29,798.7,2015,24,1.468,SKU-CAN00017,Gaming Hardware,Vista,Red,SUP017,China,2015-08-15,GST_STANDARD,Recycled box,False,True,"gaming hardware designed for casual games in a shared room, in the vista family and supplied by candle with a 24-month warranty."
PRD0018,Vela Spark 117,Wearable,Vela,953.09,477.67,2015,12,0.096,SKU-VEL00018,Health Wearable,Wave,Green,SUP018,China,2015-04-20,GST_STANDARD,Protective case,True,True,"health wearable designed for walking and commute notifications, in the wave family and supplied by vela with a 12-month warranty."
PRD0019,Candle Bloom 118,Networking,Candle,1020.41,652.9,2016,24,0.523,SKU-CAN00019,Connected Network,Arc,Graphite,SUP019,Malaysia,2016-09-04,GST_STANDARD,Protective case,True,True,"connected network designed for connecting several shared household devices, in the arc family and supplied by candle with a 24-month warranty."
PRD0020,Vela Halo 119,Accessory,Vela,254.09,127.33,2014,12,0.158,SKU-VEL00020,Mobile Accessory,Atlas,Green,SUP020,Australia,2014-02-10,GST_STANDARD,Protective case,True,True,"mobile accessory designed for protective storage during travel, in the atlas family and supplied by vela with a 12-month warranty."
PRD0021,Candle Quest 120,Laptop,Candle,1229.32,657.54,2017,24,1.422,SKU-CAN00021,Ultrabook,Bloom,Gold,SUP021,Vietnam,2017-12-09,GST_STANDARD,Recycled box,True,True,"ultrabook designed for creative projects and media editing, in the bloom family and supplied by candle with a 24-month warranty."
PRD0022,Vela Wave 121,Smartphone,Vela,1385.01,882.44,2012,24,0.291,SKU-VEL00022,5G Smartphone,Core,Red,SUP022,Korea,2012-10-05,GST_STANDARD,Box,True,True,"5g smartphone designed for work calls and calendar management, in the core family and supplied by vela with a 24-month warranty."
PRD0023,Candle Edge 122,Tablet,Candle,620.72,453.7,2017,24,0.845,SKU-CAN00023,Productivity Tablet,Edge,Silver,SUP023,Japan,2017-01-23,GST_STANDARD,Protective case,False,True,"productivity tablet designed for field forms and client presentations, in the edge family and supplied by candle with a 24-month warranty."
PRD0024,Vela Nova 123,Home Entertainment,Vela,3386.44,2530.89,2017,24,6.044,SKU-VEL00024,Smart Display,Echo,Red,SUP024,Korea,2017-05-22,GST_STANDARD,Box,False,True,"smart display designed for family media streaming, in the echo family and supplied by vela with a 24-month warranty."
PRD0025,Candle Shift 124,Audio,Candle,399.48,292.2,2013,12,0.501,SKU-CAN00025,Wireless Audio,Flux,Black,SUP025,Malaysia,2013-11-14,GST_STANDARD,Recycled box,False,True,"wireless audio designed for video calls and online classes, in the flux family and supplied by candle with a 12-month warranty."
PRD0026,Vela Atlas 125,Smart Home,Vela,841.05,613.06,2014,12,0.292,SKU-VEL00026,Home Automation,Halo,Green,SUP026,Australia,2014-03-12,GST_STANDARD,Box,True,True,"home automation designed for indoor temperature and humidity monitoring, in the halo family and supplied by vela with a 12-month warranty."
PRD0027,Candle Flux 126,Gaming,Candle,615.88,334.58,2013,24,1.008,SKU-CAN00027,Gaming Hardware,Lumen,Black,SUP027,Japan,2013-11-02,GST_STANDARD,Box,True,True,"gaming hardware designed for competitive play and voice communication, in the lumen family and supplied by candle with a 24-month warranty."
PRD0028,Vela Pulse 127,Wearable,Vela,831.06,523.78,2015,12,0.112,SKU-VEL00028,Health Wearable,Nova,Black,SUP028,China,2015-05-13,GST_STANDARD,Recycled box,True,True,"health wearable designed for exercise session summaries, in the nova family and supplied by vela with a 12-month warranty."
PRD0029,Candle Vista 128,Networking,Candle,476.78,302.35,2015,24,0.507,SKU-CAN00029,Connected Network,Orbit,Graphite,SUP029,Korea,2015-05-20,GST_STANDARD,Recycled box,True,True,"connected network designed for video meetings and media streaming, in the orbit family and supplied by candle with a 24-month warranty."
PRD0030,Vela Core 129,Accessory,Vela,360.75,235.73,2012,12,0.166,SKU-VEL00030,Mobile Accessory,Pulse,Silver,SUP030,Korea,2012-07-14,GST_STANDARD,Protective case,False,True,"mobile accessory designed for charging-cable organisation, in the pulse family and supplied by vela with a 12-month warranty."
PRD0031,Candle Lumen 130,Laptop,Candle,2841.2,1701.93,2015,24,1.329,SKU-CAN00031,Ultrabook,Quest,Red,SUP031,Japan,2015-04-02,GST_STANDARD,Recycled box,True,True,"ultrabook designed for shared home-office administration, in the quest family and supplied by candle with a 24-month warranty."
PRD0032,Vela Ridge 131,Smartphone,Vela,581.78,389.5,2014,24,0.22,SKU-VEL00032,5G Smartphone,Ridge,Blue,SUP032,Vietnam,2014-07-14,GST_STANDARD,Recycled box,True,True,"5g smartphone designed for travel planning and media use, in the ridge family and supplied by vela with a 24-month warranty."
PRD0033,Candle Arc 132,Tablet,Candle,884.6,530.34,2012,24,0.55,SKU-CAN00033,Productivity Tablet,Shift,Gold,SUP033,China,2012-08-08,GST_STANDARD,Protective case,True,True,"productivity tablet designed for family learning and shared browsing, in the shift family and supplied by candle with a 24-month warranty."
PRD0034,Vela Echo 133,Home Entertainment,Vela,797.09,492.73,2016,24,5.719,SKU-VEL00034,Smart Display,Spark,Blue,SUP034,China,2016-08-07,GST_STANDARD,Box,True,True,"smart display designed for casual living-room gaming, in the spark family and supplied by vela with a 24-month warranty."
PRD0035,Candle Orbit 134,Audio,Candle,215.11,110.78,2013,12,0.353,SKU-CAN00035,Wireless Audio,Vista,Graphite,SUP035,Japan,2013-05-09,GST_STANDARD,Box,True,True,"wireless audio designed for shared-room music playback, in the vista family and supplied by candle with a 12-month warranty."
PRD0036,Vela Spark 135,Smart Home,Vela,120.39,60.54,2016,12,0.369,SKU-VEL00036,Home Automation,Wave,Silver,SUP036,Japan,2016-05-12,GST_STANDARD,Box,False,True,"home automation designed for door and window activity alerts, in the wave family and supplied by vela with a 12-month warranty."
PRD0037,Candle Bloom 136,Gaming,Candle,1207.21,705.79,2016,24,1.264,SKU-CAN00037,Gaming Hardware,Arc,White,SUP037,Australia,2016-05-15,GST_STANDARD,Box,True,True,"gaming hardware designed for portable gaming and travel, in the arc family and supplied by candle with a 24-month warranty."
PRD0038,Vela Halo 137,Wearable,Vela,758.26,420.38,2014,12,0.157,SKU-VEL00038,Health Wearable,Atlas,Gold,SUP001,Malaysia,2014-03-10,GST_STANDARD,Box,False,True,"health wearable designed for calendar alerts and quick message checks, in the atlas family and supplied by vela with a 12-month warranty."
PRD0039,Candle Quest 138,Networking,Candle,951.13,538.7,2016,24,0.778,SKU-CAN00039,Connected Network,Bloom,Black,SUP002,Korea,2016-09-10,GST_STANDARD,Box,False,True,"connected network designed for guest-network and device management, in the bloom family and supplied by candle with a 24-month warranty."
PRD0040,Vela Wave 139,Accessory,Vela,239.17,163.21,2013,12,0.241,SKU-VEL00040,Mobile Accessory,Core,Gold,SUP003,China,2013-08-25,GST_STANDARD,Recycled box,True,True,"mobile accessory designed for connecting several devices through one compact adapter, in the core family and supplied by vela with a 12-month warranty."
PRD0041,Candle Edge 140,Laptop,Candle,3199.1,1714.84,2016,24,1.861,SKU-CAN00041,Ultrabook,Edge,Graphite,SUP004,China,2016-04-15,GST_STANDARD,Box,False,True,"ultrabook designed for travel-based work and presentations, in the edge family and supplied by candle with a 24-month warranty."
PRD0042,Vela Nova 141,Smartphone,Vela,1502.85,945.19,2017,24,0.23,SKU-VEL00042,5G Smartphone,Echo,Black,SUP005,Malaysia,2017-03-02,GST_STANDARD,Box,True,True,"5g smartphone designed for family communication and casual apps, in the echo family and supplied by vela with a 24-month warranty."
PRD0043,Candle Shift 142,Tablet,Candle,1487.36,790.22,2012,24,0.571,SKU-CAN00043,Productivity Tablet,Flux,Gold,SUP006,Korea,2012-12-01,GST_STANDARD,Box,True,True,"productivity tablet designed for drawing and lightweight creative work, in the flux family and supplied by candle with a 24-month warranty."
PRD0044,Vela Atlas 143,Home Entertainment,Vela,2873.82,1623.37,2015,24,8.16,SKU-VEL00044,Smart Display,Halo,Silver,SUP007,Vietnam,2015-07-25,GST_STANDARD,Box,True,True,"smart display designed for presentations and photo viewing, in the halo family and supplied by vela with a 24-month warranty."
PRD0045,Candle Flux 144,Audio,Candle,124.62,91.39,2016,12,0.517,SKU-CAN00045,Wireless Audio,Lumen,Green,SUP008,Malaysia,2016-06-27,GST_STANDARD,Recycled box,True,True,"wireless audio designed for long listening sessions at home, in the lumen family and supplied by candle with a 12-month warranty."
PRD0046,Vela Pulse 145,Smart Home,Vela,355.51,261.34,2014,12,0.294,SKU-VEL00046,Home Automation,Nova,Green,SUP009,Australia,2014-01-21,GST_STANDARD,Recycled box,True,True,"home automation designed for automated blind and curtain routines, in the nova family and supplied by vela with a 12-month warranty."
PRD0047,Candle Vista 146,Gaming,Candle,425.59,273.09,2016,24,1.285,SKU-CAN00047,Gaming Hardware,Orbit,Silver,SUP010,Vietnam,2016-08-20,GST_STANDARD,Recycled box,True,True,"gaming hardware designed for game streaming and media capture, in the orbit family and supplied by candle with a 24-month warranty."
PRD0048,Vela Core 147,Wearable,Vela,176.51,116.71,2014,12,0.097,SKU-VEL00048,Health Wearable,Pulse,Green,SUP011,Vietnam,2014-04-25,GST_STANDARD,Recycled box,True,True,"health wearable designed for habit reminders and everyday timekeeping, in the pulse family and supplied by vela with a 12-month warranty."
PRD0049,Candle Lumen 148,Networking,Candle,917.1,492.04,2017,24,0.657,SKU-CAN00049,Connected Network,Quest,Green,SUP012,Vietnam,2017-04-16,GST_STANDARD,Recycled box,False,True,"connected network designed for extending coverage between rooms, in the quest family and supplied by candle with a 24-month warranty."
PRD0050,Vela Ridge 149,Accessory,Vela,56.24,29.35,2015,12,0.205,SKU-VEL00050,Mobile Accessory,Ridge,Graphite,SUP013,Japan,2015-07-12,GST_STANDARD,Box,True,True,"mobile accessory designed for hands-free device support in a shared workspace, in the ridge family and supplied by vela with a 12-month warranty."
PRD0051,Candle Arc 150,Laptop,Candle,2153.52,1037.13,2014,24,1.48,SKU-CAN00051,Ultrabook,Shift,Black,SUP014,Japan,2014-10-25,GST_STANDARD,Recycled box,True,True,"ultrabook designed for portable document work and video meetings, in the shift family and supplied by candle with a 24-month warranty."
PRD0052,Vela Echo 151,Smartphone,Vela,1050.73,722.96,2017,24,0.259,SKU-VEL00052,5G Smartphone,Spark,Silver,SUP015,Malaysia,2017-04-05,GST_STANDARD,Box,True,True,"5g smartphone designed for daily communication and navigation, in the spark family and supplied by vela with a 24-month warranty."
PRD0053,Candle Orbit 152,Tablet,Candle,884.08,547.65,2017,24,0.748,SKU-CAN00053,Productivity Tablet,Vista,Red,SUP016,Japan,2017-11-20,GST_STANDARD,Protective case,True,False,"productivity tablet designed for reading, annotation and handwritten notes, in the vista family and supplied by candle with a 24-month warranty."
PRD0054,Vela Spark 153,Home Entertainment,Vela,2814.02,1417.94,2016,24,5.637,SKU-VEL00054,Smart Display,Wave,White,SUP017,Japan,2016-06-27,GST_STANDARD,Recycled box,True,False,"smart display designed for shared film and television viewing, in the wave family and supplied by vela with a 24-month warranty."
PRD0055,Candle Bloom 154,Audio,Candle,534.13,364.26,2014,12,0.658,SKU-CAN00055,Wireless Audio,Arc,White,SUP018,Malaysia,2014-09-18,GST_STANDARD,Protective case,True,True,"wireless audio designed for commuting and spoken-content listening, in the arc family and supplied by candle with a 12-month warranty."
PRD0056,Vela Halo 155,Smart Home,Vela,485.36,311.19,2013,12,0.475,SKU-VEL00056,Home Automation,Atlas,Gold,SUP019,Vietnam,2013-12-13,GST_STANDARD,Recycled box,True,True,"home automation designed for app-controlled room lighting, in the atlas family and supplied by vela with a 12-month warranty."
PRD0057,Candle Quest 156,Gaming,Candle,768.67,504.03,2014,24,1.274,SKU-CAN00057,Gaming Hardware,Bloom,Blue,SUP020,Korea,2014-09-05,GST_STANDARD,Recycled box,True,True,"gaming hardware designed for long desktop gaming sessions, in the bloom family and supplied by candle with a 24-month warranty."
PRD0058,Vela Wave 157,Wearable,Vela,137.85,78.42,2014,12,0.151,SKU-VEL00058,Health Wearable,Core,White,SUP021,Malaysia,2014-12-15,GST_STANDARD,Recycled box,True,True,"health wearable designed for daily activity and sleep tracking, in the core family and supplied by vela with a 12-month warranty."
PRD0059,Candle Edge 158,Networking,Candle,748.03,488.6,2013,24,0.671,SKU-CAN00059,Connected Network,Edge,Green,SUP022,China,2013-10-07,GST_STANDARD,Recycled box,True,True,"connected network designed for home-office wireless coverage, in the edge family and supplied by candle with a 24-month warranty."
PRD0060,Vela Nova 159,Accessory,Vela,147.43,74.05,2014,12,0.197,SKU-VEL00060,Mobile Accessory,Echo,Red,SUP023,Malaysia,2014-10-17,GST_STANDARD,Recycled box,True,True,"mobile accessory designed for adjustable desk mounting and device positioning, in the echo family and supplied by vela with a 12-month warranty."
PRD0061,Candle Shift 160,Laptop,Candle,1070.18,765.0,2017,24,1.785,SKU-CAN00061,Ultrabook,Flux,Black,SUP024,Vietnam,2017-11-03,GST_STANDARD,Protective case,True,True,"ultrabook designed for study, research and note taking, in the flux family and supplied by candle with a 24-month warranty."
PRD0062,Vela Atlas 161,Smartphone,Vela,1491.83,990.24,2014,24,0.185,SKU-VEL00062,5G Smartphone,Halo,Red,SUP025,China,2014-02-14,GST_STANDARD,Recycled box,False,True,"5g smartphone designed for mobile photography and messaging, in the halo family and supplied by vela with a 24-month warranty."
PRD0063,Candle Flux 162,Tablet,Candle,1461.12,1000.93,2012,24,0.81,SKU-CAN00063,Productivity Tablet,Lumen,Blue,SUP026,Korea,2012-04-17,GST_STANDARD,Recycled box,False,True,"productivity tablet designed for portable media and video calls, in the lumen family and supplied by candle with a 24-month warranty."
PRD0064,Vela Pulse 163,Home Entertainment,Vela,1934.54,1329.84,2016,24,8.283,SKU-VEL00064,Smart Display,Nova,White,SUP027,Korea,2016-03-26,GST_STANDARD,Box,True,True,"smart display designed for music and spoken-content playback, in the nova family and supplied by vela with a 24-month warranty."
PRD0065,Candle Vista 164,Audio,Candle,515.94,267.8,2013,12,0.446,SKU-CAN00065,Wireless Audio,Orbit,Blue,SUP028,Australia,2013-01-07,GST_STANDARD,Protective case,True,True,"wireless audio designed for music during focused desk work, in the orbit family and supplied by candle with a 12-month warranty."
PRD0066,Vela Core 165,Smart Home,Vela,66.71,34.82,2015,12,0.274,SKU-VEL00066,Home Automation,Pulse,Black,SUP029,China,2015-05-11,GST_STANDARD,Box,False,True,"home automation designed for scheduled control of a household power outlet, in the pulse family and supplied by vela with a 12-month warranty."
PRD0067,Candle Lumen 166,Gaming,Candle,1666.09,870.41,2014,24,0.869,SKU-CAN00067,Gaming Hardware,Quest,Silver,SUP030,Vietnam,2014-11-26,GST_STANDARD,Protective case,True,True,"gaming hardware designed for casual games in a shared room, in the quest family and supplied by candle with a 24-month warranty."
PRD0068,Vela Ridge 167,Wearable,Vela,331.71,232.02,2012,12,0.164,SKU-VEL00068,Health Wearable,Ridge,Blue,SUP031,China,2012-05-22,GST_STANDARD,Box,False,True,"health wearable designed for walking and commute notifications, in the ridge family and supplied by vela with a 12-month warranty."
PRD0069,Candle Arc 168,Networking,Candle,1370.67,937.15,2017,24,0.652,SKU-CAN00069,Connected Network,Shift,Gold,SUP032,Malaysia,2017-03-14,GST_STANDARD,Recycled box,True,True,"connected network designed for connecting several shared household devices, in the shift family and supplied by candle with a 24-month warranty."
PRD0070,Vela Echo 169,Accessory,Vela,376.35,269.67,2013,12,0.231,SKU-VEL00070,Mobile Accessory,Spark,White,SUP033,China,2013-04-03,GST_STANDARD,Box,True,True,"mobile accessory designed for protective storage during travel, in the spark family and supplied by vela with a 12-month warranty."
PRD0071,Candle Orbit 170,Laptop,Candle,1342.48,723.89,2012,24,1.908,SKU-CAN00071,Ultrabook,Vista,White,SUP034,China,2012-09-10,GST_STANDARD,Box,False,False,"ultrabook designed for creative projects and media editing, in the vista family and supplied by candle with a 24-month warranty."
PRD0072,Vela Spark 171,Smartphone,Vela,713.12,519.01,2013,24,0.227,SKU-VEL00072,5G Smartphone,Wave,Graphite,SUP035,Australia,2013-03-24,GST_STANDARD,Recycled box,True,True,"5g smartphone designed for work calls and calendar management, in the wave family and supplied by vela with a 24-month warranty."
PRD0073,Candle Bloom 172,Tablet,Candle,1270.32,740.63,2017,24,0.562,SKU-CAN00073,Productivity Tablet,Arc,Silver,SUP036,Japan,2017-07-27,GST_STANDARD,Box,True,True,"productivity tablet designed for field forms and client presentations, in the arc family and supplied by candle with a 24-month warranty."
PRD0074,Vela Halo 173,Home Entertainment,Vela,587.22,440.18,2015,24,10.013,SKU-VEL00074,Smart Display,Atlas,White,SUP037,Korea,2015-08-13,GST_STANDARD,Protective case,True,True,"smart display designed for family media streaming, in the atlas family and supplied by vela with a 24-month warranty."
PRD0075,Candle Quest 174,Audio,Candle,649.4,320.41,2015,12,0.556,SKU-CAN00075,Wireless Audio,Bloom,Gold,SUP001,Malaysia,2015-12-08,GST_STANDARD,Protective case,True,True,"wireless audio designed for video calls and online classes, in the bloom family and supplied by candle with a 12-month warranty."
PRD0076,Vela Wave 175,Smart Home,Vela,729.89,509.24,2014,12,0.43,SKU-VEL00076,Home Automation,Core,Green,SUP002,Korea,2014-07-13,GST_STANDARD,Protective case,False,True,"home automation designed for indoor temperature and humidity monitoring, in the core family and supplied by vela with a 12-month warranty."
PRD0077,Candle Edge 176,Gaming,Candle,1748.69,839.83,2017,24,0.878,SKU-CAN00077,Gaming Hardware,Edge,Graphite,SUP003,China,2017-07-08,GST_STANDARD,Box,True,True,"gaming hardware designed for competitive play and voice communication, in the edge family and supplied by candle with a 24-month warranty."
PRD0078,Vela Nova 177,Wearable,Vela,1051.69,598.73,2015,12,0.154,SKU-VEL00078,Health Wearable,Echo,Gold,SUP004,Korea,2015-12-05,GST_STANDARD,Protective case,True,True,"health wearable designed for exercise session summaries, in the echo family and supplied by vela with a 12-month warranty."
PRD0079,Candle Shift 178,Networking,Candle,1319.99,805.63,2015,24,0.801,SKU-CAN00079,Connected Network,Flux,Silver,SUP005,Japan,2015-07-17,GST_STANDARD,Box,False,True,"connected network designed for video meetings and media streaming, in the flux family and supplied by candle with a 24-month warranty."
PRD0080,Vela Atlas 179,Accessory,Vela,15.23,9.37,2015,12,0.23,SKU-VEL00080,Mobile Accessory,Halo,Blue,SUP006,Malaysia,2015-07-25,GST_STANDARD,Box,True,True,"mobile accessory designed for charging-cable organisation, in the halo family and supplied by vela with a 12-month warranty."
PRD0081,Candle Flux 180,Laptop,Candle,1506.97,1109.15,2016,24,1.705,SKU-CAN00081,Ultrabook,Lumen,Black,SUP007,Korea,2016-06-22,GST_STANDARD,Box,False,True,"ultrabook designed for shared home-office administration, in the lumen family and supplied by candle with a 24-month warranty."
PRD0082,Vela Pulse 181,Smartphone,Vela,1853.06,1170.21,2017,24,0.179,SKU-VEL00082,5G Smartphone,Nova,Red,SUP008,China,2017-09-27,GST_STANDARD,Protective case,True,True,"5g smartphone designed for travel planning and media use, in the nova family and supplied by vela with a 24-month warranty."
PRD0083,Candle Vista 182,Tablet,Candle,1563.94,1152.23,2012,24,0.716,SKU-CAN00083,Productivity Tablet,Orbit,Green,SUP009,Malaysia,2012-05-27,GST_STANDARD,Recycled box,False,True,"productivity tablet designed for family learning and shared browsing, in the orbit family and supplied by candle with a 24-month warranty."
PRD0084,Vela Core 183,Home Entertainment,Vela,1560.4,1156.93,2014,24,7.89,SKU-VEL00084,Smart Display,Pulse,Silver,SUP010,Korea,2014-03-06,GST_STANDARD,Recycled box,True,False,"smart display designed for casual living-room gaming, in the pulse family and supplied by vela with a 24-month warranty."
PRD0085,Candle Lumen 184,Audio,Candle,477.42,248.55,2016,12,0.58,SKU-CAN00085,Wireless Audio,Quest,Green,SUP011,Korea,2016-08-13,GST_STANDARD,Box,True,True,"wireless audio designed for shared-room music playback, in the quest family and supplied by candle with a 12-month warranty."
PRD0086,Vela Ridge 185,Smart Home,Vela,747.25,525.48,2016,12,0.271,SKU-VEL00086,Home Automation,Ridge,Graphite,SUP012,Vietnam,2016-07-20,GST_STANDARD,Box,True,True,"home automation designed for door and window activity alerts, in the ridge family and supplied by vela with a 12-month warranty."
PRD0087,Candle Arc 186,Gaming,Candle,164.58,93.74,2013,24,1.086,SKU-CAN00087,Gaming Hardware,Shift,Silver,SUP013,Vietnam,2013-07-08,GST_STANDARD,Protective case,False,True,"gaming hardware designed for portable gaming and travel, in the shift family and supplied by candle with a 24-month warranty."
PRD0088,Vela Echo 187,Wearable,Vela,767.45,505.3,2012,12,0.13,SKU-VEL00088,Health Wearable,Spark,Green,SUP014,Korea,2012-06-03,GST_STANDARD,Box,True,True,"health wearable designed for calendar alerts and quick message checks, in the spark family and supplied by vela with a 12-month warranty."
PRD0089,Candle Orbit 188,Networking,Candle,1041.14,698.69,2013,24,0.907,SKU-CAN00089,Connected Network,Vista,Red,SUP015,China,2013-10-04,GST_STANDARD,Recycled box,True,True,"connected network designed for guest-network and device management, in the vista family and supplied by candle with a 24-month warranty."
PRD0090,Vela Spark 189,Accessory,Vela,223.82,132.72,2014,12,0.142,SKU-VEL00090,Mobile Accessory,Wave,Red,SUP016,Korea,2014-06-04,GST_STANDARD,Box,True,True,"mobile accessory designed for connecting several devices through one compact adapter, in the wave family and supplied by vela with a 12-month warranty."
PRD0091,Candle Bloom 190,Laptop,Candle,2959.54,1741.01,2012,24,1.984,SKU-CAN00091,Ultrabook,Arc,Silver,SUP017,Australia,2012-04-26,GST_STANDARD,Recycled box,True,True,"ultrabook designed for travel-based work and presentations, in the arc family and supplied by candle with a 24-month warranty."
PRD0092,Vela Halo 191,Smartphone,Vela,1139.05,823.19,2013,24,0.207,SKU-VEL00092,5G Smartphone,Atlas,Gold,SUP018,Japan,2013-08-03,GST_STANDARD,Box,True,True,"5g smartphone designed for family communication and casual apps, in the atlas family and supplied by vela with a 24-month warranty."
PRD0093,Candle Quest 192,Tablet,Candle,1233.02,899.89,2014,24,0.554,SKU-CAN00093,Productivity Tablet,Bloom,Black,SUP019,China,2014-11-23,GST_STANDARD,Recycled box,False,True,"productivity tablet designed for drawing and lightweight creative work, in the bloom family and supplied by candle with a 24-month warranty."
PRD0094,Vela Wave 193,Home Entertainment,Vela,627.77,421.95,2017,24,7.036,SKU-VEL00094,Smart Display,Core,Silver,SUP020,Vietnam,2017-05-02,GST_STANDARD,Box,True,True,"smart display designed for presentations and photo viewing, in the core family and supplied by vela with a 24-month warranty."
PRD0095,Candle Edge 194,Audio,Candle,697.69,446.75,2012,12,0.561,SKU-CAN00095,Wireless Audio,Edge,Black,SUP021,Korea,2012-12-16,GST_STANDARD,Protective case,True,True,"wireless audio designed for long listening sessions at home, in the edge family and supplied by candle with a 12-month warranty."
PRD0096,Vela Nova 195,Smart Home,Vela,327.95,233.61,2017,12,0.281,SKU-VEL00096,Home Automation,Echo,Gold,SUP022,Malaysia,2017-12-27,GST_STANDARD,Box,True,True,"home automation designed for automated blind and curtain routines, in the echo family and supplied by vela with a 12-month warranty."
PRD0097,Candle Shift 196,Gaming,Candle,2221.25,1174.38,2015,24,1.253,SKU-CAN00097,Gaming Hardware,Flux,Red,SUP023,Japan,2015-01-11,GST_STANDARD,Recycled box,True,True,"gaming hardware designed for game streaming and media capture, in the flux family and supplied by candle with a 24-month warranty."
PRD0098,Vela Atlas 197,Wearable,Vela,848.52,579.68,2015,12,0.149,SKU-VEL00098,Health Wearable,Halo,Green,SUP024,Japan,2015-06-11,GST_STANDARD,Recycled box,True,True,"health wearable designed for habit reminders and everyday timekeeping, in the halo family and supplied by vela with a 12-month warranty."
PRD0099,Candle Flux 198,Networking,Candle,245.95,132.11,2012,24,0.706,SKU-CAN00099,Connected Network,Lumen,Graphite,SUP025,Japan,2012-09-26,GST_STANDARD,Recycled box,True,True,"connected network designed for extending coverage between rooms, in the lumen family and supplied by candle with a 24-month warranty."
PRD0100,Vela Pulse 199,Accessory,Vela,206.02,129.14,2017,12,0.146,SKU-VEL00100,Mobile Accessory,Nova,Black,SUP026,Japan,2017-04-03,GST_STANDARD,Protective case,True,True,"mobile accessory designed for hands-free device support in a shared workspace, in the nova family and supplied by vela with a 12-month warranty."
PRD0101,Candle Vista 200,Laptop,Candle,1188.71,884.99,2016,24,1.472,SKU-CAN00101,Ultrabook,Orbit,Blue,SUP027,Australia,2016-10-27,GST_STANDARD,Recycled box,False,True,"ultrabook designed for portable document work and video meetings, in the orbit family and supplied by candle with a 24-month warranty."
PRD0102,Vela Core 201,Smartphone,Vela,1075.3,674.67,2015,24,0.278,SKU-VEL00102,5G Smartphone,Pulse,Graphite,SUP028,Malaysia,2015-09-10,GST_STANDARD,Protective case,True,True,"5g smartphone designed for daily communication and navigation, in the pulse family and supplied by vela with a 24-month warranty."
PRD0103,Candle Lumen 202,Tablet,Candle,619.16,406.39,2012,24,0.765,SKU-CAN00103,Productivity Tablet,Quest,Gold,SUP029,Vietnam,2012-12-01,GST_STANDARD,Box,True,True,"productivity tablet designed for reading, annotation and handwritten notes, in the quest family and supplied by candle with a 24-month warranty."
PRD0104,Vela Ridge 203,Home Entertainment,Vela,1407.8,999.72,2013,24,9.574,SKU-VEL00104,Smart Display,Ridge,Gold,SUP030,Vietnam,2013-12-11,GST_STANDARD,Protective case,True,True,"smart display designed for shared film and television viewing, in the ridge family and supplied by vela with a 24-month warranty."
PRD0105,Candle Arc 204,Audio,Candle,431.76,208.46,2013,12,0.52,SKU-CAN00105,Wireless Audio,Shift,Silver,SUP031,Japan,2013-10-07,GST_STANDARD,Recycled box,True,True,"wireless audio designed for commuting and spoken-content listening, in the shift family and supplied by candle with a 12-month warranty."
PRD0106,Vela Echo 205,Smart Home,Vela,40.68,25.11,2016,12,0.266,SKU-VEL00106,Home Automation,Spark,Blue,SUP032,Malaysia,2016-02-04,GST_STANDARD,Protective case,True,True,"home automation designed for app-controlled room lighting, in the spark family and supplied by vela with a 12-month warranty."
PRD0107,Candle Orbit 206,Gaming,Candle,1780.98,944.42,2013,24,0.95,SKU-CAN00107,Gaming Hardware,Vista,Graphite,SUP033,Malaysia,2013-05-04,GST_STANDARD,Box,True,True,"gaming hardware designed for long desktop gaming sessions, in the vista family and supplied by candle with a 24-month warranty."
PRD0108,Vela Spark 207,Wearable,Vela,462.45,294.06,2017,12,0.147,SKU-VEL00108,Health Wearable,Wave,Green,SUP034,Malaysia,2017-03-19,GST_STANDARD,Protective case,True,True,"health wearable designed for daily activity and sleep tracking, in the wave family and supplied by vela with a 12-month warranty."
PRD0109,Candle Bloom 208,Networking,Candle,326.84,163.55,2014,24,0.54,SKU-CAN00109,Connected Network,Arc,Gold,SUP035,Korea,2014-01-13,GST_STANDARD,Protective case,True,True,"connected network designed for home-office wireless coverage, in the arc family and supplied by candle with a 24-month warranty."
PRD0110,Vela Halo 209,Accessory,Vela,110.2,72.82,2012,12,0.238,SKU-VEL00110,Mobile Accessory,Atlas,Red,SUP036,Australia,2012-03-12,GST_STANDARD,Protective case,True,True,"mobile accessory designed for adjustable desk mounting and device positioning, in the atlas family and supplied by vela with a 12-month warranty."
PRD0111,Candle Quest 210,Laptop,Candle,2227.8,1489.57,2015,24,2.003,SKU-CAN00111,Ultrabook,Bloom,White,SUP037,Japan,2015-10-26,GST_STANDARD,Box,False,True,"ultrabook designed for study, research and note taking, in the bloom family and supplied by candle with a 24-month warranty."
PRD0112,Vela Wave 211,Smartphone,Vela,1668.77,808.22,2013,24,0.218,SKU-VEL00112,5G Smartphone,Core,Blue,SUP001,Malaysia,2013-01-12,GST_STANDARD,Box,True,True,"5g smartphone designed for mobile photography and messaging, in the core family and supplied by vela with a 24-month warranty."
PRD0113,Candle Edge 212,Tablet,Candle,418.73,211.97,2013,24,0.526,SKU-CAN00113,Productivity Tablet,Edge,Green,SUP002,Malaysia,2013-03-13,GST_STANDARD,Protective case,True,True,"productivity tablet designed for portable media and video calls, in the edge family and supplied by candle with a 24-month warranty."
PRD0114,Vela Nova 213,Home Entertainment,Vela,2474.92,1778.51,2016,24,7.257,SKU-VEL00114,Smart Display,Echo,Black,SUP003,Japan,2016-07-14,GST_STANDARD,Box,True,True,"smart display designed for music and spoken-content playback, in the echo family and supplied by vela with a 24-month warranty."
PRD0115,Candle Shift 214,Audio,Candle,678.71,466.59,2014,12,0.387,SKU-CAN00115,Wireless Audio,Flux,Red,SUP004,Vietnam,2014-08-20,GST_STANDARD,Recycled box,True,True,"wireless audio designed for music during focused desk work, in the flux family and supplied by candle with a 12-month warranty."
PRD0116,Vela Atlas 215,Smart Home,Vela,333.11,187.54,2015,12,0.358,SKU-VEL00116,Home Automation,Halo,Black,SUP005,China,2015-04-25,GST_STANDARD,Recycled box,True,True,"home automation designed for scheduled control of a household power outlet, in the halo family and supplied by vela with a 12-month warranty."
PRD0117,Candle Flux 216,Gaming,Candle,684.24,336.78,2013,24,1.588,SKU-CAN00117,Gaming Hardware,Lumen,Gold,SUP006,Korea,2013-04-07,GST_STANDARD,Protective case,True,False,"gaming hardware designed for casual games in a shared room, in the lumen family and supplied by candle with a 24-month warranty."
PRD0118,Vela Pulse 217,Wearable,Vela,578.97,356.92,2017,12,0.151,SKU-VEL00118,Health Wearable,Nova,Gold,SUP007,Korea,2017-09-22,GST_STANDARD,Box,True,True,"health wearable designed for walking and commute notifications, in the nova family and supplied by vela with a 12-month warranty."
PRD0119,Candle Vista 218,Networking,Candle,871.39,544.14,2013,24,0.809,SKU-CAN00119,Connected Network,Orbit,Silver,SUP008,Australia,2013-07-20,GST_STANDARD,Protective case,False,True,"connected network designed for connecting several shared household devices, in the orbit family and supplied by candle with a 24-month warranty."
PRD0120,Vela Core 219,Accessory,Vela,46.82,30.92,2016,12,0.221,SKU-VEL00120,Mobile Accessory,Pulse,White,SUP009,Korea,2016-02-23,GST_STANDARD,Recycled box,True,True,"mobile accessory designed for protective storage during travel, in the pulse family and supplied by vela with a 12-month warranty."
PRD0121,Candle Lumen 220,Laptop,Candle,2314.16,1383.98,2016,24,1.247,SKU-CAN00121,Ultrabook,Quest,Red,SUP010,Japan,2016-11-18,GST_STANDARD,Protective case,True,True,"ultrabook designed for creative projects and media editing, in the quest family and supplied by candle with a 24-month warranty."
PRD0122,Vela Ridge 221,Smartphone,Vela,1652.29,1129.78,2014,24,0.265,SKU-VEL00122,5G Smartphone,Ridge,Silver,SUP011,Japan,2014-09-20,GST_STANDARD,Recycled box,True,True,"5g smartphone designed for work calls and calendar management, in the ridge family and supplied by vela with a 24-month warranty."
PRD0123,Candle Arc 222,Tablet,Candle,906.0,670.1,2016,24,0.546,SKU-CAN00123,Productivity Tablet,Shift,Blue,SUP012,China,2016-05-21,GST_STANDARD,Protective case,True,True,"productivity tablet designed for field forms and client presentations, in the shift family and supplied by candle with a 24-month warranty."
PRD0124,Vela Echo 223,Home Entertainment,Vela,659.93,322.67,2013,24,6.967,SKU-VEL00124,Smart Display,Spark,Graphite,SUP013,Korea,2013-12-23,GST_STANDARD,Recycled box,False,True,"smart display designed for family media streaming, in the spark family and supplied by vela with a 24-month warranty."
PRD0125,Candle Orbit 224,Audio,Candle,517.12,388.19,2013,12,0.398,SKU-CAN00125,Wireless Audio,Vista,Green,SUP014,Malaysia,2013-11-24,GST_STANDARD,Recycled box,True,True,"wireless audio designed for video calls and online classes, in the vista family and supplied by candle with a 12-month warranty."
PRD0126,Vela Spark 225,Smart Home,Vela,273.65,184.46,2012,12,0.479,SKU-VEL00126,Home Automation,Wave,Silver,SUP015,Australia,2012-05-04,GST_STANDARD,Recycled box,False,True,"home automation designed for indoor temperature and humidity monitoring, in the wave family and supplied by vela with a 12-month warranty."
PRD0127,Candle Bloom 226,Gaming,Candle,415.41,309.84,2013,24,1.027,SKU-CAN00127,Gaming Hardware,Arc,Black,SUP016,Vietnam,2013-01-15,GST_STANDARD,Box,False,True,"gaming hardware designed for competitive play and voice communication, in the arc family and supplied by candle with a 24-month warranty."
PRD0128,Vela Halo 227,Wearable,Vela,237.78,120.0,2014,12,0.121,SKU-VEL00128,Health Wearable,Atlas,Green,SUP017,Australia,2014-07-23,GST_STANDARD,Protective case,True,True,"health wearable designed for exercise session summaries, in the atlas family and supplied by vela with a 12-month warranty."
PRD0129,Candle Quest 228,Networking,Candle,1446.26,730.79,2013,24,0.532,SKU-CAN00129,Connected Network,Bloom,Black,SUP018,Japan,2013-08-11,GST_STANDARD,Protective case,False,True,"connected network designed for video meetings and media streaming, in the bloom family and supplied by candle with a 24-month warranty."
PRD0130,Vela Wave 229,Accessory,Vela,234.4,120.8,2017,12,0.146,SKU-VEL00130,Mobile Accessory,Core,Green,SUP019,Malaysia,2017-08-20,GST_STANDARD,Protective case,True,True,"mobile accessory designed for charging-cable organisation, in the core family and supplied by vela with a 12-month warranty."
PRD0131,Candle Edge 230,Laptop,Candle,2047.43,1221.71,2013,24,1.107,SKU-CAN00131,Ultrabook,Edge,Green,SUP020,Vietnam,2013-12-06,GST_STANDARD,Box,True,True,"ultrabook designed for shared home-office administration, in the edge family and supplied by candle with a 24-month warranty."
PRD0132,Vela Nova 231,Smartphone,Vela,1616.97,876.55,2016,24,0.275,SKU-VEL00132,5G Smartphone,Echo,Silver,SUP021,Vietnam,2016-09-02,GST_STANDARD,Box,True,True,"5g smartphone designed for travel planning and media use, in the echo family and supplied by vela with a 24-month warranty."
PRD0133,Candle Shift 232,Tablet,Candle,772.02,470.47,2016,24,0.453,SKU-CAN00133,Productivity Tablet,Flux,Black,SUP022,Japan,2016-11-11,GST_STANDARD,Protective case,True,True,"productivity tablet designed for family learning and shared browsing, in the flux family and supplied by candle with a 24-month warranty."
PRD0134,Vela Atlas 233,Home Entertainment,Vela,1214.25,651.37,2016,24,7.968,SKU-VEL00134,Smart Display,Halo,Graphite,SUP023,Australia,2016-11-12,GST_STANDARD,Box,True,True,"smart display designed for casual living-room gaming, in the halo family and supplied by vela with a 24-month warranty."
PRD0135,Candle Flux 234,Audio,Candle,1054.93,772.09,2016,12,0.446,SKU-CAN00135,Wireless Audio,Lumen,Blue,SUP024,Japan,2016-12-11,GST_STANDARD,Box,True,True,"wireless audio designed for shared-room music playback, in the lumen family and supplied by candle with a 12-month warranty."
PRD0136,Vela Pulse 235,Smart Home,Vela,360.6,212.98,2013,12,0.406,SKU-VEL00136,Home Automation,Nova,Blue,SUP025,Malaysia,2013-09-20,GST_STANDARD,Recycled box,False,True,"home automation designed for door and window activity alerts, in the nova family and supplied by vela with a 12-month warranty."
PRD0137,Candle Vista 236,Gaming,Candle,1138.46,679.77,2012,24,1.064,SKU-CAN00137,Gaming Hardware,Orbit,Green,SUP026,Vietnam,2012-07-09,GST_STANDARD,Box,True,True,"gaming hardware designed for portable gaming and travel, in the orbit family and supplied by candle with a 24-month warranty."
PRD0138,Vela Core 237,Wearable,Vela,818.63,502.72,2017,12,0.148,SKU-VEL00138,Health Wearable,Pulse,Blue,SUP027,Japan,2017-03-06,GST_STANDARD,Recycled box,True,True,"health wearable designed for calendar alerts and quick message checks, in the pulse family and supplied by vela with a 12-month warranty."
PRD0139,Candle Lumen 238,Networking,Candle,1416.61,955.55,2016,24,0.802,SKU-CAN00139,Connected Network,Quest,White,SUP028,Malaysia,2016-06-19,GST_STANDARD,Recycled box,False,True,"connected network designed for guest-network and device management, in the quest family and supplied by candle with a 24-month warranty."
PRD0140,Vela Ridge 239,Accessory,Vela,394.57,230.68,2015,12,0.205,SKU-VEL00140,Mobile Accessory,Ridge,Blue,SUP029,Australia,2015-02-20,GST_STANDARD,Box,False,True,"mobile accessory designed for connecting several devices through one compact adapter, in the ridge family and supplied by vela with a 12-month warranty."
PRD0141,Candle Arc 240,Laptop,Candle,2256.8,1168.33,2017,24,1.123,SKU-CAN00141,Ultrabook,Shift,Green,SUP030,Australia,2017-07-23,GST_STANDARD,Recycled box,True,True,"ultrabook designed for travel-based work and presentations, in the shift family and supplied by candle with a 24-month warranty."
PRD0142,Vela Echo 241,Smartphone,Vela,1647.71,801.34,2012,24,0.238,SKU-VEL00142,5G Smartphone,Spark,Blue,SUP031,Korea,2012-02-26,GST_STANDARD,Recycled box,True,True,"5g smartphone designed for family communication and casual apps, in the spark family and supplied by vela with a 24-month warranty."
PRD0143,Candle Orbit 242,Tablet,Candle,926.46,555.21,2015,24,0.696,SKU-CAN00143,Productivity Tablet,Vista,White,SUP032,China,2015-04-24,GST_STANDARD,Recycled box,False,False,"productivity tablet designed for drawing and lightweight creative work, in the vista family and supplied by candle with a 24-month warranty."
PRD0144,Vela Spark 243,Home Entertainment,Vela,2737.49,1374.81,2013,24,5.594,SKU-VEL00144,Smart Display,Wave,Black,SUP033,Korea,2013-11-13,GST_STANDARD,Recycled box,False,True,"smart display designed for presentations and photo viewing, in the wave family and supplied by vela with a 24-month warranty."
PRD0145,Candle Bloom 244,Audio,Candle,564.49,421.55,2016,12,0.572,SKU-CAN00145,Wireless Audio,Arc,White,SUP034,Australia,2016-12-20,GST_STANDARD,Box,False,False,"wireless audio designed for long listening sessions at home, in the arc family and supplied by candle with a 12-month warranty."
PRD0146,Vela Halo 245,Smart Home,Vela,508.56,311.56,2013,12,0.387,SKU-VEL00146,Home Automation,Atlas,Silver,SUP035,Japan,2013-08-08,GST_STANDARD,Recycled box,False,True,"home automation designed for automated blind and curtain routines, in the atlas family and supplied by vela with a 12-month warranty."
PRD0147,Candle Quest 246,Gaming,Candle,1002.37,495.29,2017,24,1.428,SKU-CAN00147,Gaming Hardware,Bloom,Red,SUP036,China,2017-06-21,GST_STANDARD,Recycled box,True,True,"gaming hardware designed for game streaming and media capture, in the bloom family and supplied by candle with a 24-month warranty."
PRD0148,Vela Wave 247,Wearable,Vela,457.28,249.83,2015,12,0.141,SKU-VEL00148,Health Wearable,Core,Green,SUP037,Japan,2015-09-19,GST_STANDARD,Recycled box,True,True,"health wearable designed for habit reminders and everyday timekeeping, in the core family and supplied by vela with a 12-month warranty."
PRD0149,Candle Edge 248,Networking,Candle,427.78,205.78,2014,24,0.801,SKU-CAN00149,Connected Network,Edge,Green,SUP001,Korea,2014-02-10,GST_STANDARD,Recycled box,False,True,"connected network designed for extending coverage between rooms, in the edge family and supplied by candle with a 24-month warranty."
PRD0150,Vela Nova 249,Accessory,Vela,338.38,181.79,2017,12,0.148,SKU-VEL00150,Mobile Accessory,Echo,Green,SUP002,China,2017-04-25,GST_STANDARD,Protective case,True,True,"mobile accessory designed for hands-free device support in a shared workspace, in the echo family and supplied by vela with a 12-month warranty."
PRD0151,Candle Shift 250,Laptop,Candle,3024.81,2185.89,2012,24,1.302,SKU-CAN00151,Ultrabook,Flux,Black,SUP003,Australia,2012-10-16,GST_STANDARD,Recycled box,False,True,"ultrabook designed for portable document work and video meetings, in the flux family and supplied by candle with a 24-month warranty."
PRD0152,Vela Atlas 251,Smartphone,Vela,575.19,403.89,2013,24,0.246,SKU-VEL00152,5G Smartphone,Halo,White,SUP004,Japan,2013-08-13,GST_STANDARD,Recycled box,True,True,"5g smartphone designed for daily communication and navigation, in the halo family and supplied by vela with a 24-month warranty."
PRD0153,Candle Flux 252,Tablet,Candle,718.81,430.5,2015,24,0.585,SKU-CAN00153,Productivity Tablet,Lumen,Blue,SUP005,Vietnam,2015-08-18,GST_STANDARD,Recycled box,False,True,"productivity tablet designed for reading, annotation and handwritten notes, in the lumen family and supplied by candle with a 24-month warranty."
PRD0154,Vela Pulse 253,Home Entertainment,Vela,3096.85,1534.75,2014,24,5.567,SKU-VEL00154,Smart Display,Nova,Black,SUP006,China,2014-10-13,GST_STANDARD,Recycled box,True,True,"smart display designed for shared film and television viewing, in the nova family and supplied by vela with a 24-month warranty."
PRD0155,Candle Vista 254,Audio,Candle,372.71,223.64,2016,12,0.536,SKU-CAN00155,Wireless Audio,Orbit,White,SUP007,Vietnam,2016-04-26,GST_STANDARD,Recycled box,True,True,"wireless audio designed for commuting and spoken-content listening, in the orbit family and supplied by candle with a 12-month warranty."
PRD0156,Vela Core 255,Smart Home,Vela,402.17,233.19,2015,12,0.426,SKU-VEL00156,Home Automation,Pulse,Green,SUP008,Korea,2015-03-21,GST_STANDARD,Box,True,True,"home automation designed for app-controlled room lighting, in the pulse family and supplied by vela with a 12-month warranty."
PRD0157,Candle Lumen 256,Gaming,Candle,1654.35,1078.3,2017,24,1.323,SKU-CAN00157,Gaming Hardware,Quest,White,SUP009,Vietnam,2017-01-13,GST_STANDARD,Recycled box,True,True,"gaming hardware designed for long desktop gaming sessions, in the quest family and supplied by candle with a 24-month warranty."
PRD0158,Vela Ridge 257,Wearable,Vela,561.62,289.98,2014,12,0.138,SKU-VEL00158,Health Wearable,Ridge,Red,SUP010,China,2014-10-11,GST_STANDARD,Box,True,True,"health wearable designed for daily activity and sleep tracking, in the ridge family and supplied by vela with a 12-month warranty."
PRD0159,Candle Arc 258,Networking,Candle,1223.4,738.77,2017,24,0.742,SKU-CAN00159,Connected Network,Shift,Green,SUP011,Korea,2017-10-01,GST_STANDARD,Recycled box,False,True,"connected network designed for home-office wireless coverage, in the shift family and supplied by candle with a 24-month warranty."
PRD0160,Vela Echo 259,Accessory,Vela,140.78,94.46,2016,12,0.146,SKU-VEL00160,Mobile Accessory,Spark,Black,SUP012,China,2016-08-09,GST_STANDARD,Protective case,False,True,"mobile accessory designed for adjustable desk mounting and device positioning, in the spark family and supplied by vela with a 12-month warranty."
PRD0161,Candle Orbit 260,Laptop,Candle,1855.03,1178.82,2015,24,1.174,SKU-CAN00161,Ultrabook,Vista,Green,SUP013,Korea,2015-09-02,GST_STANDARD,Protective case,False,True,"ultrabook designed for study, research and note taking, in the vista family and supplied by candle with a 24-month warranty."
PRD0162,Vela Spark 261,Smartphone,Vela,1783.95,1220.1,2013,24,0.257,SKU-VEL00162,5G Smartphone,Wave,Gold,SUP014,China,2013-08-07,GST_STANDARD,Box,True,True,"5g smartphone designed for mobile photography and messaging, in the wave family and supplied by vela with a 24-month warranty."
PRD0163,Candle Bloom 262,Tablet,Candle,459.77,288.41,2014,24,0.508,SKU-CAN00163,Productivity Tablet,Arc,Green,SUP015,Japan,2014-05-20,GST_STANDARD,Recycled box,True,False,"productivity tablet designed for portable media and video calls, in the arc family and supplied by candle with a 24-month warranty."
PRD0164,Vela Halo 263,Home Entertainment,Vela,1650.2,1042.52,2012,24,7.806,SKU-VEL00164,Smart Display,Atlas,White,SUP016,Australia,2012-09-13,GST_STANDARD,Protective case,True,True,"smart display designed for music and spoken-content playback, in the atlas family and supplied by vela with a 24-month warranty."
PRD0165,Candle Quest 264,Audio,Candle,471.13,317.7,2016,12,0.348,SKU-CAN00165,Wireless Audio,Bloom,White,SUP017,Japan,2016-01-22,GST_STANDARD,Box,True,False,"wireless audio designed for music during focused desk work, in the bloom family and supplied by candle with a 12-month warranty."
PRD0166,Vela Wave 265,Smart Home,Vela,401.82,208.38,2016,12,0.318,SKU-VEL00166,Home Automation,Core,Black,SUP018,China,2016-10-11,GST_STANDARD,Box,False,True,"home automation designed for scheduled control of a household power outlet, in the core family and supplied by vela with a 12-month warranty."
PRD0167,Candle Edge 266,Gaming,Candle,2514.98,1886.02,2016,24,1.389,SKU-CAN00167,Gaming Hardware,Edge,Black,SUP019,Japan,2016-08-24,GST_STANDARD,Protective case,True,True,"gaming hardware designed for casual games in a shared room, in the edge family and supplied by candle with a 24-month warranty."
PRD0168,Vela Nova 267,Wearable,Vela,654.31,462.73,2017,12,0.098,SKU-VEL00168,Health Wearable,Echo,Blue,SUP020,Australia,2017-05-08,GST_STANDARD,Protective case,True,True,"health wearable designed for walking and commute notifications, in the echo family and supplied by vela with a 12-month warranty."
PRD0169,Candle Shift 268,Networking,Candle,1449.49,800.31,2016,24,0.785,SKU-CAN00169,Connected Network,Flux,White,SUP021,Korea,2016-12-21,GST_STANDARD,Recycled box,True,True,"connected network designed for connecting several shared household devices, in the flux family and supplied by candle with a 24-month warranty."
PRD0170,Vela Atlas 269,Accessory,Vela,202.15,137.76,2013,12,0.171,SKU-VEL00170,Mobile Accessory,Halo,Green,SUP022,Japan,2013-10-20,GST_STANDARD,Recycled box,True,True,"mobile accessory designed for protective storage during travel, in the halo family and supplied by vela with a 12-month warranty."
PRD0171,Candle Flux 270,Laptop,Candle,2618.35,1808.77,2013,24,1.119,SKU-CAN00171,Ultrabook,Lumen,Gold,SUP023,China,2013-03-04,GST_STANDARD,Recycled box,True,True,"ultrabook designed for creative projects and media editing, in the lumen family and supplied by candle with a 24-month warranty."
PRD0172,Vela Pulse 271,Smartphone,Vela,642.62,480.45,2016,24,0.244,SKU-VEL00172,5G Smartphone,Nova,Red,SUP024,Japan,2016-01-18,GST_STANDARD,Protective case,True,False,"5g smartphone designed for work calls and calendar management, in the nova family and supplied by vela with a 24-month warranty."
PRD0173,Candle Vista 272,Tablet,Candle,1519.14,797.0,2012,24,0.527,SKU-CAN00173,Productivity Tablet,Orbit,Gold,SUP025,Japan,2012-01-26,GST_STANDARD,Recycled box,True,True,"productivity tablet designed for field forms and client presentations, in the orbit family and supplied by candle with a 24-month warranty."
PRD0174,Vela Core 273,Home Entertainment,Vela,2319.35,1202.12,2017,24,8.096,SKU-VEL00174,Smart Display,Pulse,White,SUP026,China,2017-12-21,GST_STANDARD,Box,True,True,"smart display designed for family media streaming, in the pulse family and supplied by vela with a 24-month warranty."
PRD0175,Candle Lumen 274,Audio,Candle,883.13,666.6,2017,12,0.555,SKU-CAN00175,Wireless Audio,Quest,Green,SUP027,Japan,2017-06-04,GST_STANDARD,Recycled box,False,True,"wireless audio designed for video calls and online classes, in the quest family and supplied by candle with a 12-month warranty."
PRD0176,Vela Ridge 275,Smart Home,Vela,408.12,244.43,2015,12,0.458,SKU-VEL00176,Home Automation,Ridge,White,SUP028,Korea,2015-02-20,GST_STANDARD,Recycled box,True,True,"home automation designed for indoor temperature and humidity monitoring, in the ridge family and supplied by vela with a 12-month warranty."
PRD0177,Candle Arc 276,Gaming,Candle,1856.25,900.37,2012,24,1.328,SKU-CAN00177,Gaming Hardware,Shift,Blue,SUP029,Australia,2012-09-23,GST_STANDARD,Box,True,True,"gaming hardware designed for competitive play and voice communication, in the shift family and supplied by candle with a 24-month warranty."
PRD0178,Vela Echo 277,Wearable,Vela,184.26,123.99,2016,12,0.159,SKU-VEL00178,Health Wearable,Spark,Blue,SUP030,Malaysia,2016-02-16,GST_STANDARD,Protective case,False,False,"health wearable designed for exercise session summaries, in the spark family and supplied by vela with a 12-month warranty."
PRD0179,Candle Orbit 278,Networking,Candle,769.0,519.4,2014,24,0.899,SKU-CAN00179,Connected Network,Vista,Black,SUP031,China,2014-10-19,GST_STANDARD,Protective case,True,True,"connected network designed for video meetings and media streaming, in the vista family and supplied by candle with a 24-month warranty."
PRD0180,Vela Spark 279,Accessory,Vela,270.59,169.29,2015,12,0.173,SKU-VEL00180,Mobile Accessory,Wave,Graphite,SUP032,Australia,2015-04-25,GST_STANDARD,Recycled box,False,True,"mobile accessory designed for charging-cable organisation, in the wave family and supplied by vela with a 12-month warranty."
PRD0181,Candle Bloom 280,Laptop,Candle,2410.31,1352.03,2014,24,1.471,SKU-CAN00181,Ultrabook,Arc,White,SUP033,China,2014-11-18,GST_STANDARD,Protective case,True,True,"ultrabook designed for shared home-office administration, in the arc family and supplied by candle with a 24-month warranty."
PRD0182,Vela Halo 281,Smartphone,Vela,680.44,352.75,2017,24,0.167,SKU-VEL00182,5G Smartphone,Atlas,Red,SUP034,Korea,2017-12-17,GST_STANDARD,Recycled box,False,True,"5g smartphone designed for travel planning and media use, in the atlas family and supplied by vela with a 24-month warranty."
PRD0183,Candle Quest 282,Tablet,Candle,442.77,297.81,2017,24,0.767,SKU-CAN00183,Productivity Tablet,Bloom,Green,SUP035,Vietnam,2017-05-08,GST_STANDARD,Box,True,True,"productivity tablet designed for family learning and shared browsing, in the bloom family and supplied by candle with a 24-month warranty."
PRD0184,Vela Wave 283,Home Entertainment,Vela,685.26,340.6,2017,24,7.27,SKU-VEL00184,Smart Display,Core,Red,SUP036,Malaysia,2017-04-27,GST_STANDARD,Box,False,True,"smart display designed for casual living-room gaming, in the core family and supplied by vela with a 24-month warranty."
PRD0185,Candle Edge 284,Audio,Candle,884.92,568.21,2016,12,0.547,SKU-CAN00185,Wireless Audio,Edge,Graphite,SUP037,China,2016-10-05,GST_STANDARD,Recycled box,True,True,"wireless audio designed for shared-room music playback, in the edge family and supplied by candle with a 12-month warranty."
PRD0186,Vela Nova 285,Smart Home,Vela,280.16,167.55,2014,12,0.372,SKU-VEL00186,Home Automation,Echo,Graphite,SUP001,Australia,2014-04-15,GST_STANDARD,Box,False,True,"home automation designed for door and window activity alerts, in the echo family and supplied by vela with a 12-month warranty."
PRD0187,Candle Shift 286,Gaming,Candle,1875.79,973.03,2013,24,1.117,SKU-CAN00187,Gaming Hardware,Flux,Gold,SUP002,Korea,2013-09-24,GST_STANDARD,Protective case,True,True,"gaming hardware designed for portable gaming and travel, in the flux family and supplied by candle with a 24-month warranty."
PRD0188,Vela Atlas 287,Wearable,Vela,936.44,673.97,2012,12,0.135,SKU-VEL00188,Health Wearable,Halo,Blue,SUP003,Australia,2012-12-07,GST_STANDARD,Box,False,True,"health wearable designed for calendar alerts and quick message checks, in the halo family and supplied by vela with a 12-month warranty."
PRD0189,Candle Flux 288,Networking,Candle,325.61,186.91,2012,24,0.795,SKU-CAN00189,Connected Network,Lumen,Red,SUP004,Japan,2012-03-18,GST_STANDARD,Box,True,True,"connected network designed for guest-network and device management, in the lumen family and supplied by candle with a 24-month warranty."
PRD0190,Vela Pulse 289,Accessory,Vela,274.29,152.32,2014,12,0.147,SKU-VEL00190,Mobile Accessory,Nova,Blue,SUP005,Japan,2014-06-21,GST_STANDARD,Recycled box,False,True,"mobile accessory designed for connecting several devices through one compact adapter, in the nova family and supplied by vela with a 12-month warranty."
PRD0191,Candle Vista 290,Laptop,Candle,2181.41,1095.42,2016,24,1.229,SKU-CAN00191,Ultrabook,Orbit,White,SUP006,Japan,2016-04-23,GST_STANDARD,Box,True,True,"ultrabook designed for travel-based work and presentations, in the orbit family and supplied by candle with a 24-month warranty."
PRD0192,Vela Core 291,Smartphone,Vela,796.68,387.74,2015,24,0.292,SKU-VEL00192,5G Smartphone,Pulse,White,SUP007,Malaysia,2015-10-12,GST_STANDARD,Recycled box,True,True,"5g smartphone designed for family communication and casual apps, in the pulse family and supplied by vela with a 24-month warranty."
PRD0193,Candle Lumen 292,Tablet,Candle,596.94,451.71,2012,24,0.462,SKU-CAN00193,Productivity Tablet,Quest,Black,SUP008,Korea,2012-02-04,GST_STANDARD,Recycled box,True,True,"productivity tablet designed for drawing and lightweight creative work, in the quest family and supplied by candle with a 24-month warranty."
PRD0194,Vela Ridge 293,Home Entertainment,Vela,537.22,344.7,2014,24,6.545,SKU-VEL00194,Smart Display,Ridge,Green,SUP009,Malaysia,2014-03-02,GST_STANDARD,Protective case,True,True,"smart display designed for presentations and photo viewing, in the ridge family and supplied by vela with a 24-month warranty."
PRD0195,Candle Arc 294,Audio,Candle,89.95,61.16,2014,12,0.362,SKU-CAN00195,Wireless Audio,Shift,Red,SUP010,Japan,2014-04-14,GST_STANDARD,Box,True,False,"wireless audio designed for long listening sessions at home, in the shift family and supplied by candle with a 12-month warranty."
PRD0196,Vela Echo 295,Smart Home,Vela,483.11,345.7,2017,12,0.433,SKU-VEL00196,Home Automation,Spark,Silver,SUP011,Australia,2017-09-12,GST_STANDARD,Box,False,True,"home automation designed for automated blind and curtain routines, in the spark family and supplied by vela with a 12-month warranty."
PRD0197,Candle Orbit 296,Gaming,Candle,179.71,133.79,2015,24,1.367,SKU-CAN00197,Gaming Hardware,Vista,White,SUP012,Australia,2015-09-18,GST_STANDARD,Box,False,True,"gaming hardware designed for game streaming and media capture, in the vista family and supplied by candle with a 24-month warranty."
PRD0198,Vela Spark 297,Wearable,Vela,736.33,550.62,2014,12,0.095,SKU-VEL00198,Health Wearable,Wave,White,SUP013,Japan,2014-03-02,GST_STANDARD,Box,True,True,"health wearable designed for habit reminders and everyday timekeeping, in the wave family and supplied by vela with a 12-month warranty."
PRD0199,Candle Bloom 298,Networking,Candle,1201.16,889.09,2014,24,0.755,SKU-CAN00199,Connected Network,Arc,Gold,SUP014,Vietnam,2014-04-25,GST_STANDARD,Box,True,True,"connected network designed for extending coverage between rooms, in the arc family and supplied by candle with a 24-month warranty."
PRD0200,Vela Halo 299,Accessory,Vela,160.69,95.41,2015,12,0.242,SKU-VEL00200,Mobile Accessory,Atlas,Blue,SUP015,China,2015-09-07,GST_STANDARD,Protective case,True,True,"mobile accessory designed for hands-free device support in a shared workspace, in the atlas family and supplied by vela with a 12-month warranty."
PRD0201,Candle Quest 300,Laptop,Candle,2237.43,1670.91,2015,24,1.367,SKU-CAN00201,Ultrabook,Bloom,Silver,SUP016,Japan,2015-02-10,GST_STANDARD,Box,True,True,"ultrabook designed for portable document work and video meetings, in the bloom family and supplied by candle with a 24-month warranty."
PRD0202,Vela Wave 301,Smartphone,Vela,1282.0,825.47,2015,24,0.295,SKU-VEL00202,5G Smartphone,Core,Red,SUP017,Japan,2015-02-10,GST_STANDARD,Box,True,True,"5g smartphone designed for daily communication and navigation, in the core family and supplied by vela with a 24-month warranty."
PRD0203,Candle Edge 302,Tablet,Candle,1327.73,929.41,2016,24,0.507,SKU-CAN00203,Productivity Tablet,Edge,Black,SUP018,Vietnam,2016-07-25,GST_STANDARD,Protective case,True,False,"productivity tablet designed for reading, annotation and handwritten notes, in the edge family and supplied by candle with a 24-month warranty."
PRD0204,Vela Nova 303,Home Entertainment,Vela,2130.68,1157.94,2016,24,6.671,SKU-VEL00204,Smart Display,Echo,White,SUP019,Australia,2016-09-25,GST_STANDARD,Protective case,False,True,"smart display designed for shared film and television viewing, in the echo family and supplied by vela with a 24-month warranty."
PRD0205,Candle Shift 304,Audio,Candle,864.54,557.04,2016,12,0.392,SKU-CAN00205,Wireless Audio,Flux,Green,SUP020,China,2016-04-10,GST_STANDARD,Protective case,False,True,"wireless audio designed for commuting and spoken-content listening, in the flux family and supplied by candle with a 12-month warranty."
PRD0206,Vela Atlas 305,Smart Home,Vela,633.94,350.86,2017,12,0.482,SKU-VEL00206,Home Automation,Halo,Blue,SUP021,Malaysia,2017-02-23,GST_STANDARD,Box,True,False,"home automation designed for app-controlled room lighting, in the halo family and supplied by vela with a 12-month warranty."
PRD0207,Candle Flux 306,Gaming,Candle,2221.73,1251.68,2012,24,1.571,SKU-CAN00207,Gaming Hardware,Lumen,Silver,SUP022,Vietnam,2012-03-25,GST_STANDARD,Protective case,True,True,"gaming hardware designed for long desktop gaming sessions, in the lumen family and supplied by candle with a 24-month warranty."
PRD0208,Vela Pulse 307,Wearable,Vela,425.89,227.8,2013,12,0.159,SKU-VEL00208,Health Wearable,Nova,Blue,SUP023,China,2013-10-19,GST_STANDARD,Box,False,True,"health wearable designed for daily activity and sleep tracking, in the nova family and supplied by vela with a 12-month warranty."
PRD0209,Candle Vista 308,Networking,Candle,767.93,470.98,2017,24,0.763,SKU-CAN00209,Connected Network,Orbit,Silver,SUP024,Malaysia,2017-03-25,GST_STANDARD,Recycled box,False,True,"connected network designed for home-office wireless coverage, in the orbit family and supplied by candle with a 24-month warranty."
PRD0210,Vela Core 309,Accessory,Vela,389.28,242.51,2012,12,0.182,SKU-VEL00210,Mobile Accessory,Pulse,Graphite,SUP025,Vietnam,2012-05-19,GST_STANDARD,Recycled box,False,True,"mobile accessory designed for adjustable desk mounting and device positioning, in the pulse family and supplied by vela with a 12-month warranty."
PRD0211,Candle Lumen 310,Laptop,Candle,2355.83,1635.23,2012,24,1.34,SKU-CAN00211,Ultrabook,Quest,Blue,SUP026,Vietnam,2012-02-22,GST_STANDARD,Box,True,True,"ultrabook designed for study, research and note taking, in the quest family and supplied by candle with a 24-month warranty."
PRD0212,Vela Ridge 311,Smartphone,Vela,369.65,278.95,2013,24,0.233,SKU-VEL00212,5G Smartphone,Ridge,Red,SUP027,Vietnam,2013-06-10,GST_STANDARD,Box,True,True,"5g smartphone designed for mobile photography and messaging, in the ridge family and supplied by vela with a 24-month warranty."
PRD0213,Candle Arc 312,Tablet,Candle,1091.55,663.69,2014,24,0.777,SKU-CAN00213,Productivity Tablet,Shift,Silver,SUP028,Korea,2014-09-23,GST_STANDARD,Protective case,True,True,"productivity tablet designed for portable media and video calls, in the shift family and supplied by candle with a 24-month warranty."
PRD0214,Vela Echo 313,Home Entertainment,Vela,2467.77,1730.83,2014,24,7.455,SKU-VEL00214,Smart Display,Spark,Green,SUP029,Malaysia,2014-10-26,GST_STANDARD,Box,True,True,"smart display designed for music and spoken-content playback, in the spark family and supplied by vela with a 24-month warranty."
PRD0215,Candle Orbit 314,Audio,Candle,273.66,154.54,2013,12,0.519,SKU-CAN00215,Wireless Audio,Vista,Graphite,SUP030,Japan,2013-10-21,GST_STANDARD,Box,False,True,"wireless audio designed for music during focused desk work, in the vista family and supplied by candle with a 12-month warranty."
PRD0216,Vela Spark 315,Smart Home,Vela,503.39,292.18,2017,12,0.406,SKU-VEL00216,Home Automation,Wave,Silver,SUP031,Japan,2017-09-23,GST_STANDARD,Recycled box,False,True,"home automation designed for scheduled control of a household power outlet, in the wave family and supplied by vela with a 12-month warranty."
PRD0217,Candle Bloom 316,Gaming,Candle,648.29,314.04,2013,24,1.523,SKU-CAN00217,Gaming Hardware,Arc,Green,SUP032,China,2013-10-02,GST_STANDARD,Box,True,False,"gaming hardware designed for casual games in a shared room, in the arc family and supplied by candle with a 24-month warranty."
PRD0218,Vela Halo 317,Wearable,Vela,637.83,420.35,2016,12,0.113,SKU-VEL00218,Health Wearable,Atlas,Graphite,SUP033,Japan,2016-11-20,GST_STANDARD,Protective case,False,True,"health wearable designed for walking and commute notifications, in the atlas family and supplied by vela with a 12-month warranty."
PRD0219,Candle Quest 318,Networking,Candle,227.25,136.57,2015,24,0.587,SKU-CAN00219,Connected Network,Bloom,Red,SUP034,Australia,2015-12-19,GST_STANDARD,Protective case,True,True,"connected network designed for connecting several shared household devices, in the bloom family and supplied by candle with a 24-month warranty."
PRD0220,Vela Wave 319,Accessory,Vela,144.35,103.56,2016,12,0.208,SKU-VEL00220,Mobile Accessory,Core,Silver,SUP035,Australia,2016-12-06,GST_STANDARD,Recycled box,False,True,"mobile accessory designed for protective storage during travel, in the core family and supplied by vela with a 12-month warranty."
PRD0221,Candle Edge 320,Laptop,Candle,1071.11,554.39,2013,24,1.312,SKU-CAN00221,Ultrabook,Edge,Silver,SUP036,Malaysia,2013-05-04,GST_STANDARD,Box,False,True,"ultrabook designed for creative projects and media editing, in the edge family and supplied by candle with a 24-month warranty."
PRD0222,Vela Nova 321,Smartphone,Vela,1210.33,695.45,2017,24,0.166,SKU-VEL00222,5G Smartphone,Echo,Graphite,SUP037,Korea,2017-08-10,GST_STANDARD,Recycled box,True,True,"5g smartphone designed for work calls and calendar management, in the echo family and supplied by vela with a 24-month warranty."
PRD0223,Candle Shift 322,Tablet,Candle,1235.21,801.08,2013,24,0.818,SKU-CAN00223,Productivity Tablet,Flux,Black,SUP001,Vietnam,2013-11-07,GST_STANDARD,Box,True,True,"productivity tablet designed for field forms and client presentations, in the flux family and supplied by candle with a 24-month warranty."
PRD0224,Vela Atlas 323,Home Entertainment,Vela,3534.57,2376.98,2015,24,8.281,SKU-VEL00224,Smart Display,Halo,Green,SUP002,Japan,2015-02-07,GST_STANDARD,Protective case,True,True,"smart display designed for family media streaming, in the halo family and supplied by vela with a 24-month warranty."
PRD0225,Candle Flux 324,Audio,Candle,1060.36,798.15,2016,12,0.444,SKU-CAN00225,Wireless Audio,Lumen,Red,SUP003,Malaysia,2016-08-08,GST_STANDARD,Protective case,False,True,"wireless audio designed for video calls and online classes, in the lumen family and supplied by candle with a 12-month warranty."
PRD0226,Vela Pulse 325,Smart Home,Vela,497.16,265.81,2015,12,0.314,SKU-VEL00226,Home Automation,Nova,Graphite,SUP004,Vietnam,2015-03-27,GST_STANDARD,Recycled box,True,True,"home automation designed for indoor temperature and humidity monitoring, in the nova family and supplied by vela with a 12-month warranty."
PRD0227,Candle Vista 326,Gaming,Candle,1769.34,1279.01,2017,24,1.286,SKU-CAN00227,Gaming Hardware,Orbit,White,SUP005,Vietnam,2017-05-22,GST_STANDARD,Recycled box,True,True,"gaming hardware designed for competitive play and voice communication, in the orbit family and supplied by candle with a 24-month warranty."
PRD0228,Vela Core 327,Wearable,Vela,121.94,62.03,2015,12,0.138,SKU-VEL00228,Health Wearable,Pulse,Black,SUP006,Korea,2015-07-17,GST_STANDARD,Protective case,False,True,"health wearable designed for exercise session summaries, in the pulse family and supplied by vela with a 12-month warranty."
PRD0229,Candle Lumen 328,Networking,Candle,963.55,563.85,2013,24,0.636,SKU-CAN00229,Connected Network,Quest,Black,SUP007,Vietnam,2013-06-10,GST_STANDARD,Box,True,True,"connected network designed for video meetings and media streaming, in the quest family and supplied by candle with a 24-month warranty."
PRD0230,Vela Ridge 329,Accessory,Vela,290.53,179.25,2017,12,0.229,SKU-VEL00230,Mobile Accessory,Ridge,Blue,SUP008,Japan,2017-10-23,GST_STANDARD,Recycled box,True,True,"mobile accessory designed for charging-cable organisation, in the ridge family and supplied by vela with a 12-month warranty."
PRD0231,Candle Arc 330,Laptop,Candle,1674.19,814.33,2012,24,1.685,SKU-CAN00231,Ultrabook,Shift,Green,SUP009,Korea,2012-11-04,GST_STANDARD,Protective case,True,True,"ultrabook designed for shared home-office administration, in the shift family and supplied by candle with a 24-month warranty."
PRD0232,Vela Echo 331,Smartphone,Vela,1634.96,1136.74,2015,24,0.25,SKU-VEL00232,5G Smartphone,Spark,Silver,SUP010,China,2015-09-11,GST_STANDARD,Box,False,True,"5g smartphone designed for travel planning and media use, in the spark family and supplied by vela with a 24-month warranty."
PRD0233,Candle Orbit 332,Tablet,Candle,804.27,468.38,2013,24,0.761,SKU-CAN00233,Productivity Tablet,Vista,Black,SUP011,Japan,2013-02-15,GST_STANDARD,Recycled box,True,True,"productivity tablet designed for family learning and shared browsing, in the vista family and supplied by candle with a 24-month warranty."
PRD0234,Vela Spark 333,Home Entertainment,Vela,1058.58,566.51,2017,24,6.63,SKU-VEL00234,Smart Display,Wave,Graphite,SUP012,China,2017-01-17,GST_STANDARD,Recycled box,True,True,"smart display designed for casual living-room gaming, in the wave family and supplied by vela with a 24-month warranty."
PRD0235,Candle Bloom 334,Audio,Candle,452.44,279.07,2017,12,0.371,SKU-CAN00235,Wireless Audio,Arc,Blue,SUP013,Japan,2017-09-27,GST_STANDARD,Recycled box,True,True,"wireless audio designed for shared-room music playback, in the arc family and supplied by candle with a 12-month warranty."
PRD0236,Vela Halo 335,Smart Home,Vela,131.33,64.07,2014,12,0.457,SKU-VEL00236,Home Automation,Atlas,Graphite,SUP014,Australia,2014-05-17,GST_STANDARD,Protective case,True,True,"home automation designed for door and window activity alerts, in the atlas family and supplied by vela with a 12-month warranty."
PRD0237,Candle Quest 336,Gaming,Candle,2383.14,1460.17,2016,24,1.096,SKU-CAN00237,Gaming Hardware,Bloom,Graphite,SUP015,Vietnam,2016-11-22,GST_STANDARD,Box,True,True,"gaming hardware designed for portable gaming and travel, in the bloom family and supplied by candle with a 24-month warranty."
PRD0238,Vela Wave 337,Wearable,Vela,814.82,515.81,2015,12,0.095,SKU-VEL00238,Health Wearable,Core,Red,SUP016,Malaysia,2015-12-23,GST_STANDARD,Protective case,True,True,"health wearable designed for calendar alerts and quick message checks, in the core family and supplied by vela with a 12-month warranty."
PRD0239,Candle Edge 338,Networking,Candle,761.02,557.13,2016,24,0.906,SKU-CAN00239,Connected Network,Edge,Black,SUP017,Japan,2016-04-09,GST_STANDARD,Box,True,True,"connected network designed for guest-network and device management, in the edge family and supplied by candle with a 24-month warranty."
PRD0240,Vela Nova 339,Accessory,Vela,417.49,302.32,2013,12,0.154,SKU-VEL00240,Mobile Accessory,Echo,Silver,SUP018,China,2013-12-21,GST_STANDARD,Protective case,True,True,"mobile accessory designed for connecting several devices through one compact adapter, in the echo family and supplied by vela with a 12-month warranty."
PRD0241,Candle Shift 340,Laptop,Candle,2265.52,1425.95,2012,24,1.584,SKU-CAN00241,Ultrabook,Flux,Silver,SUP019,China,2012-08-20,GST_STANDARD,Box,True,True,"ultrabook designed for travel-based work and presentations, in the flux family and supplied by candle with a 24-month warranty."
PRD0242,Vela Atlas 341,Smartphone,Vela,390.52,235.88,2012,24,0.284,SKU-VEL00242,5G Smartphone,Halo,Red,SUP020,Japan,2012-01-23,GST_STANDARD,Recycled box,False,True,"5g smartphone designed for family communication and casual apps, in the halo family and supplied by vela with a 24-month warranty."
PRD0243,Candle Flux 342,Tablet,Candle,1176.42,751.16,2017,24,0.45,SKU-CAN00243,Productivity Tablet,Lumen,Red,SUP021,Japan,2017-07-07,GST_STANDARD,Box,True,True,"productivity tablet designed for drawing and lightweight creative work, in the lumen family and supplied by candle with a 24-month warranty."
PRD0244,Vela Pulse 343,Home Entertainment,Vela,847.84,427.98,2017,24,6.456,SKU-VEL00244,Smart Display,Nova,Red,SUP022,Japan,2017-12-21,GST_STANDARD,Recycled box,True,True,"smart display designed for presentations and photo viewing, in the nova family and supplied by vela with a 24-month warranty."
PRD0245,Candle Vista 344,Audio,Candle,616.59,298.19,2016,12,0.405,SKU-CAN00245,Wireless Audio,Orbit,Graphite,SUP023,Vietnam,2016-01-02,GST_STANDARD,Box,True,True,"wireless audio designed for long listening sessions at home, in the orbit family and supplied by candle with a 12-month warranty."
PRD0246,Vela Core 345,Smart Home,Vela,674.8,374.08,2012,12,0.372,SKU-VEL00246,Home Automation,Pulse,White,SUP024,Malaysia,2012-10-13,GST_STANDARD,Protective case,True,True,"home automation designed for automated blind and curtain routines, in the pulse family and supplied by vela with a 12-month warranty."
PRD0247,Candle Lumen 346,Gaming,Candle,694.04,377.92,2015,24,1.503,SKU-CAN00247,Gaming Hardware,Quest,Graphite,SUP025,Australia,2015-05-16,GST_STANDARD,Box,True,True,"gaming hardware designed for game streaming and media capture, in the quest family and supplied by candle with a 24-month warranty."
PRD0248,Vela Ridge 347,Wearable,Vela,451.1,293.91,2012,12,0.089,SKU-VEL00248,Health Wearable,Ridge,Graphite,SUP026,Japan,2012-11-05,GST_STANDARD,Recycled box,True,True,"health wearable designed for habit reminders and everyday timekeeping, in the ridge family and supplied by vela with a 12-month warranty."
PRD0249,Candle Arc 348,Networking,Candle,1193.82,703.77,2013,24,0.894,SKU-CAN00249,Connected Network,Shift,Graphite,SUP027,Malaysia,2013-12-05,GST_STANDARD,Recycled box,True,True,"connected network designed for extending coverage between rooms, in the shift family and supplied by candle with a 24-month warranty."
PRD0250,Vela Echo 349,Accessory,Vela,79.79,45.85,2013,12,0.228,SKU-VEL00250,Mobile Accessory,Spark,Green,SUP028,Korea,2013-11-08,GST_STANDARD,Recycled box,True,True,"mobile accessory designed for hands-free device support in a shared workspace, in the spark family and supplied by vela with a 12-month warranty."
PRD0251,Candle Orbit 350,Laptop,Candle,2656.31,1769.69,2014,24,1.313,SKU-CAN00251,Ultrabook,Vista,White,SUP029,Malaysia,2014-06-17,GST_STANDARD,Protective case,True,True,"ultrabook designed for portable document work and video meetings, in the vista family and supplied by candle with a 24-month warranty."
PRD0252,Vela Spark 351,Smartphone,Vela,457.51,346.35,2016,24,0.227,SKU-VEL00252,5G Smartphone,Wave,Blue,SUP030,China,2016-01-07,GST_STANDARD,Protective case,True,True,"5g smartphone designed for daily communication and navigation, in the wave family and supplied by vela with a 24-month warranty."
PRD0253,Candle Bloom 352,Tablet,Candle,1494.32,972.7,2016,24,0.578,SKU-CAN00253,Productivity Tablet,Arc,Red,SUP031,Vietnam,2016-07-23,GST_STANDARD,Recycled box,True,True,"productivity tablet designed for reading, annotation and handwritten notes, in the arc family and supplied by candle with a 24-month warranty."
PRD0254,Vela Halo 353,Home Entertainment,Vela,952.39,639.47,2015,24,6.084,SKU-VEL00254,Smart Display,Atlas,Graphite,SUP032,Korea,2015-08-03,GST_STANDARD,Recycled box,True,True,"smart display designed for shared film and television viewing, in the atlas family and supplied by vela with a 24-month warranty."
PRD0255,Candle Quest 354,Audio,Candle,718.45,508.62,2016,12,0.346,SKU-CAN00255,Wireless Audio,Bloom,Gold,SUP033,Australia,2016-12-18,GST_STANDARD,Box,True,True,"wireless audio designed for commuting and spoken-content listening, in the bloom family and supplied by candle with a 12-month warranty."
PRD0256,Vela Wave 355,Smart Home,Vela,297.13,176.78,2015,12,0.299,SKU-VEL00256,Home Automation,Core,Red,SUP034,Korea,2015-11-22,GST_STANDARD,Box,True,True,"home automation designed for app-controlled room lighting, in the core family and supplied by vela with a 12-month warranty."
PRD0257,Candle Edge 356,Gaming,Candle,1869.6,1168.07,2016,24,1.492,SKU-CAN00257,Gaming Hardware,Edge,Red,SUP035,Vietnam,2016-12-07,GST_STANDARD,Recycled box,True,True,"gaming hardware designed for long desktop gaming sessions, in the edge family and supplied by candle with a 24-month warranty."
PRD0258,Vela Nova 357,Wearable,Vela,649.82,312.94,2012,12,0.149,SKU-VEL00258,Health Wearable,Echo,Silver,SUP036,Korea,2012-08-24,GST_STANDARD,Protective case,True,True,"health wearable designed for daily activity and sleep tracking, in the echo family and supplied by vela with a 12-month warranty."
PRD0259,Candle Shift 358,Networking,Candle,1140.48,596.82,2012,24,0.92,SKU-CAN00259,Connected Network,Flux,Gold,SUP037,Vietnam,2012-05-16,GST_STANDARD,Box,True,True,"connected network designed for home-office wireless coverage, in the flux family and supplied by candle with a 24-month warranty."
PRD0260,Vela Atlas 359,Accessory,Vela,386.46,245.08,2014,12,0.165,SKU-VEL00260,Mobile Accessory,Halo,Graphite,SUP001,China,2014-12-19,GST_STANDARD,Recycled box,True,True,"mobile accessory designed for adjustable desk mounting and device positioning, in the halo family and supplied by vela with a 12-month warranty."
PRD0261,Candle Flux 360,Laptop,Candle,1185.43,755.18,2017,24,1.186,SKU-CAN00261,Ultrabook,Lumen,Silver,SUP002,China,2017-12-07,GST_STANDARD,Box,False,True,"ultrabook designed for study, research and note taking, in the lumen family and supplied by candle with a 24-month warranty."
PRD0262,Vela Pulse 361,Smartphone,Vela,973.33,530.48,2014,24,0.213,SKU-VEL00262,5G Smartphone,Nova,White,SUP003,Australia,2014-07-21,GST_STANDARD,Box,False,True,"5g smartphone designed for mobile photography and messaging, in the nova family and supplied by vela with a 24-month warranty."
PRD0263,Candle Vista 362,Tablet,Candle,590.67,429.89,2012,24,0.739,SKU-CAN00263,Productivity Tablet,Orbit,Black,SUP004,Australia,2012-03-20,GST_STANDARD,Box,False,True,"productivity tablet designed for portable media and video calls, in the orbit family and supplied by candle with a 24-month warranty."
PRD0264,Vela Core 363,Home Entertainment,Vela,2735.39,1639.4,2015,24,7.923,SKU-VEL00264,Smart Display,Pulse,Blue,SUP005,Korea,2015-01-27,GST_STANDARD,Protective case,True,True,"smart display designed for music and spoken-content playback, in the pulse family and supplied by vela with a 24-month warranty."
PRD0265,Candle Lumen 364,Audio,Candle,94.03,62.74,2015,12,0.375,SKU-CAN00265,Wireless Audio,Quest,Red,SUP006,Japan,2015-08-01,GST_STANDARD,Protective case,False,True,"wireless audio designed for music during focused desk work, in the quest family and supplied by candle with a 12-month warranty."
PRD0266,Vela Ridge 365,Smart Home,Vela,667.96,500.36,2016,12,0.333,SKU-VEL00266,Home Automation,Ridge,Silver,SUP007,China,2016-08-27,GST_STANDARD,Box,False,True,"home automation designed for scheduled control of a household power outlet, in the ridge family and supplied by vela with a 12-month warranty."
PRD0267,Candle Arc 366,Gaming,Candle,657.53,483.04,2016,24,1.438,SKU-CAN00267,Gaming Hardware,Shift,Graphite,SUP008,Japan,2016-12-06,GST_STANDARD,Protective case,True,True,"gaming hardware designed for casual games in a shared room, in the shift family and supplied by candle with a 24-month warranty."
PRD0268,Vela Echo 367,Wearable,Vela,395.01,254.55,2015,12,0.156,SKU-VEL00268,Health Wearable,Spark,Red,SUP009,Australia,2015-08-16,GST_STANDARD,Box,False,True,"health wearable designed for walking and commute notifications, in the spark family and supplied by vela with a 12-month warranty."
PRD0269,Candle Orbit 368,Networking,Candle,236.51,118.59,2012,24,0.865,SKU-CAN00269,Connected Network,Vista,Graphite,SUP010,Australia,2012-03-16,GST_STANDARD,Box,True,True,"connected network designed for connecting several shared household devices, in the vista family and supplied by candle with a 24-month warranty."
PRD0270,Vela Spark 369,Accessory,Vela,381.87,286.21,2015,12,0.209,SKU-VEL00270,Mobile Accessory,Wave,Red,SUP011,Vietnam,2015-09-19,GST_STANDARD,Box,True,True,"mobile accessory designed for protective storage during travel, in the wave family and supplied by vela with a 12-month warranty."
PRD0271,Candle Bloom 370,Laptop,Candle,2076.99,1418.45,2012,24,1.586,SKU-CAN00271,Ultrabook,Arc,Graphite,SUP012,Australia,2012-03-26,GST_STANDARD,Box,True,True,"ultrabook designed for creative projects and media editing, in the arc family and supplied by candle with a 24-month warranty."
PRD0272,Vela Halo 371,Smartphone,Vela,830.69,626.2,2015,24,0.184,SKU-VEL00272,5G Smartphone,Atlas,Red,SUP013,Korea,2015-06-26,GST_STANDARD,Box,True,True,"5g smartphone designed for work calls and calendar management, in the atlas family and supplied by vela with a 24-month warranty."
PRD0273,Candle Quest 372,Tablet,Candle,697.23,509.95,2013,24,0.806,SKU-CAN00273,Productivity Tablet,Bloom,Green,SUP014,Japan,2013-08-01,GST_STANDARD,Protective case,False,True,"productivity tablet designed for field forms and client presentations, in the bloom family and supplied by candle with a 24-month warranty."
PRD0274,Vela Wave 373,Home Entertainment,Vela,2425.87,1621.95,2016,24,9.929,SKU-VEL00274,Smart Display,Core,Graphite,SUP015,Japan,2016-09-02,GST_STANDARD,Box,True,True,"smart display designed for family media streaming, in the core family and supplied by vela with a 24-month warranty."
PRD0275,Candle Edge 374,Audio,Candle,928.24,543.73,2014,12,0.469,SKU-CAN00275,Wireless Audio,Edge,Red,SUP016,Malaysia,2014-11-27,GST_STANDARD,Box,True,True,"wireless audio designed for video calls and online classes, in the edge family and supplied by candle with a 12-month warranty."
PRD0276,Vela Nova 375,Smart Home,Vela,443.22,256.97,2015,12,0.302,SKU-VEL00276,Home Automation,Echo,Red,SUP017,Vietnam,2015-08-23,GST_STANDARD,Recycled box,False,True,"home automation designed for indoor temperature and humidity monitoring, in the echo family and supplied by vela with a 12-month warranty."
PRD0277,Candle Shift 376,Gaming,Candle,1740.27,1194.33,2015,24,1.062,SKU-CAN00277,Gaming Hardware,Flux,Graphite,SUP018,China,2015-10-23,GST_STANDARD,Recycled box,True,True,"gaming hardware designed for competitive play and voice communication, in the flux family and supplied by candle with a 24-month warranty."
PRD0278,Vela Atlas 377,Wearable,Vela,623.42,327.53,2013,12,0.145,SKU-VEL00278,Health Wearable,Halo,Green,SUP019,Malaysia,2013-02-07,GST_STANDARD,Box,True,True,"health wearable designed for exercise session summaries, in the halo family and supplied by vela with a 12-month warranty."
PRD0279,Candle Flux 378,Networking,Candle,165.58,97.51,2015,24,0.841,SKU-CAN00279,Connected Network,Lumen,Green,SUP020,China,2015-06-09,GST_STANDARD,Recycled box,False,True,"connected network designed for video meetings and media streaming, in the lumen family and supplied by candle with a 24-month warranty."
PRD0280,Vela Pulse 379,Accessory,Vela,149.57,110.62,2013,12,0.185,SKU-VEL00280,Mobile Accessory,Nova,Red,SUP021,Malaysia,2013-01-17,GST_STANDARD,Protective case,True,True,"mobile accessory designed for charging-cable organisation, in the nova family and supplied by vela with a 12-month warranty."
PRD0281,Candle Vista 380,Laptop,Candle,1296.1,774.68,2012,24,1.691,SKU-CAN00281,Ultrabook,Orbit,Black,SUP022,Vietnam,2012-06-22,GST_STANDARD,Box,False,True,"ultrabook designed for shared home-office administration, in the orbit family and supplied by candle with a 24-month warranty."
PRD0282,Vela Core 381,Smartphone,Vela,641.72,419.15,2017,24,0.217,SKU-VEL00282,5G Smartphone,Pulse,Green,SUP023,Australia,2017-07-11,GST_STANDARD,Protective case,False,True,"5g smartphone designed for travel planning and media use, in the pulse family and supplied by vela with a 24-month warranty."
PRD0283,Candle Lumen 382,Tablet,Candle,427.47,290.43,2015,24,0.828,SKU-CAN00283,Productivity Tablet,Quest,Silver,SUP024,Malaysia,2015-11-27,GST_STANDARD,Protective case,True,True,"productivity tablet designed for family learning and shared browsing, in the quest family and supplied by candle with a 24-month warranty."
PRD0284,Vela Ridge 383,Home Entertainment,Vela,4182.34,2821.58,2012,24,6.914,SKU-VEL00284,Smart Display,Ridge,Blue,SUP025,Vietnam,2012-08-09,GST_STANDARD,Protective case,True,True,"smart display designed for casual living-room gaming, in the ridge family and supplied by vela with a 24-month warranty."
PRD0285,Candle Arc 384,Audio,Candle,709.46,518.4,2014,12,0.394,SKU-CAN00285,Wireless Audio,Shift,Black,SUP026,China,2014-03-02,GST_STANDARD,Recycled box,True,True,"wireless audio designed for shared-room music playback, in the shift family and supplied by candle with a 12-month warranty."
PRD0286,Vela Echo 385,Smart Home,Vela,159.28,104.01,2015,12,0.439,SKU-VEL00286,Home Automation,Spark,Blue,SUP027,Malaysia,2015-08-17,GST_STANDARD,Box,False,True,"home automation designed for door and window activity alerts, in the spark family and supplied by vela with a 12-month warranty."
PRD0287,Candle Orbit 386,Gaming,Candle,2324.3,1714.38,2015,24,1.271,SKU-CAN00287,Gaming Hardware,Vista,Black,SUP028,Vietnam,2015-01-03,GST_STANDARD,Recycled box,False,True,"gaming hardware designed for portable gaming and travel, in the vista family and supplied by candle with a 24-month warranty."
PRD0288,Vela Spark 387,Wearable,Vela,324.08,162.36,2014,12,0.145,SKU-VEL00288,Health Wearable,Wave,Graphite,SUP029,Japan,2014-09-21,GST_STANDARD,Recycled box,True,True,"health wearable designed for calendar alerts and quick message checks, in the wave family and supplied by vela with a 12-month warranty."
PRD0289,Candle Bloom 388,Networking,Candle,553.34,357.7,2015,24,0.521,SKU-CAN00289,Connected Network,Arc,White,SUP030,Japan,2015-12-10,GST_STANDARD,Protective case,True,True,"connected network designed for guest-network and device management, in the arc family and supplied by candle with a 24-month warranty."
PRD0290,Vela Halo 389,Accessory,Vela,151.92,97.76,2016,12,0.199,SKU-VEL00290,Mobile Accessory,Atlas,Silver,SUP031,Malaysia,2016-03-18,GST_STANDARD,Protective case,True,True,"mobile accessory designed for connecting several devices through one compact adapter, in the atlas family and supplied by vela with a 12-month warranty."
PRD0291,Candle Quest 390,Laptop,Candle,2517.39,1740.6,2012,24,1.459,SKU-CAN00291,Ultrabook,Bloom,Green,SUP032,China,2012-07-15,GST_STANDARD,Box,False,True,"ultrabook designed for travel-based work and presentations, in the bloom family and supplied by candle with a 24-month warranty."
PRD0292,Vela Wave 391,Smartphone,Vela,1683.43,1085.07,2016,24,0.228,SKU-VEL00292,5G Smartphone,Core,Green,SUP033,China,2016-10-27,GST_STANDARD,Protective case,True,True,"5g smartphone designed for family communication and casual apps, in the core family and supplied by vela with a 24-month warranty."
PRD0293,Candle Edge 392,Tablet,Candle,1414.37,697.34,2012,24,0.5,SKU-CAN00293,Productivity Tablet,Edge,Blue,SUP034,Japan,2012-05-17,GST_STANDARD,Box,True,True,"productivity tablet designed for drawing and lightweight creative work, in the edge family and supplied by candle with a 24-month warranty."
PRD0294,Vela Nova 393,Home Entertainment,Vela,2659.23,1418.28,2015,24,8.966,SKU-VEL00294,Smart Display,Echo,Black,SUP035,China,2015-02-21,GST_STANDARD,Protective case,True,True,"smart display designed for presentations and photo viewing, in the echo family and supplied by vela with a 24-month warranty."
PRD0295,Candle Shift 394,Audio,Candle,1095.89,791.34,2013,12,0.465,SKU-CAN00295,Wireless Audio,Flux,Red,SUP036,Malaysia,2013-10-19,GST_STANDARD,Box,True,True,"wireless audio designed for long listening sessions at home, in the flux family and supplied by candle with a 12-month warranty."
PRD0296,Vela Atlas 395,Smart Home,Vela,767.13,491.77,2016,12,0.358,SKU-VEL00296,Home Automation,Halo,Gold,SUP037,Japan,2016-03-24,GST_STANDARD,Box,True,True,"home automation designed for automated blind and curtain routines, in the halo family and supplied by vela with a 12-month warranty."
PRD0297,Candle Flux 396,Gaming,Candle,2214.14,1480.32,2015,24,1.255,SKU-CAN00297,Gaming Hardware,Lumen,Silver,SUP001,Japan,2015-08-24,GST_STANDARD,Recycled box,True,True,"gaming hardware designed for game streaming and media capture, in the lumen family and supplied by candle with a 24-month warranty."
PRD0298,Vela Pulse 397,Wearable,Vela,724.89,351.97,2016,12,0.131,SKU-VEL00298,Health Wearable,Nova,Blue,SUP002,Vietnam,2016-12-14,GST_STANDARD,Box,False,True,"health wearable designed for habit reminders and everyday timekeeping, in the nova family and supplied by vela with a 12-month warranty."
PRD0299,Candle Vista 398,Networking,Candle,1325.19,713.02,2017,24,0.95,SKU-CAN00299,Connected Network,Orbit,Blue,SUP003,China,2017-03-17,GST_STANDARD,Recycled box,True,True,"connected network designed for extending coverage between rooms, in the orbit family and supplied by candle with a 24-month warranty."
PRD0300,Vela Core 399,Accessory,Vela,305.18,194.03,2015,12,0.221,SKU-VEL00300,Mobile Accessory,Pulse,Graphite,SUP004,Malaysia,2015-05-05,GST_STANDARD,Box,False,True,"mobile accessory designed for hands-free device support in a shared workspace, in the pulse family and supplied by vela with a 12-month warranty."
PRD0301,Candle Lumen 400,Laptop,Candle,1027.91,660.41,2017,24,1.687,SKU-CAN00301,Ultrabook,Quest,White,SUP005,Australia,2017-03-25,GST_STANDARD,Box,True,True,"ultrabook designed for portable document work and video meetings, in the quest family and supplied by candle with a 24-month warranty."
PRD0302,Vela Ridge 401,Smartphone,Vela,1005.45,533.41,2016,24,0.268,SKU-VEL00302,5G Smartphone,Ridge,Blue,SUP006,Australia,2016-09-22,GST_STANDARD,Box,True,True,"5g smartphone designed for daily communication and navigation, in the ridge family and supplied by vela with a 24-month warranty."
PRD0303,Candle Arc 402,Tablet,Candle,1580.3,937.5,2015,24,0.83,SKU-CAN00303,Productivity Tablet,Shift,Graphite,SUP007,Korea,2015-03-23,GST_STANDARD,Recycled box,True,True,"productivity tablet designed for reading, annotation and handwritten notes, in the shift family and supplied by candle with a 24-month warranty."
PRD0304,Vela Echo 403,Home Entertainment,Vela,966.94,572.55,2015,24,8.233,SKU-VEL00304,Smart Display,Spark,Black,SUP008,China,2015-08-18,GST_STANDARD,Recycled box,True,True,"smart display designed for shared film and television viewing, in the spark family and supplied by vela with a 24-month warranty."
PRD0305,Candle Orbit 404,Audio,Candle,260.29,179.2,2017,12,0.587,SKU-CAN00305,Wireless Audio,Vista,Silver,SUP009,Korea,2017-05-19,GST_STANDARD,Protective case,True,True,"wireless audio designed for commuting and spoken-content listening, in the vista family and supplied by candle with a 12-month warranty."
PRD0306,Vela Spark 405,Smart Home,Vela,487.14,241.84,2014,12,0.36,SKU-VEL00306,Home Automation,Wave,Green,SUP010,Japan,2014-02-06,GST_STANDARD,Protective case,False,True,"home automation designed for app-controlled room lighting, in the wave family and supplied by vela with a 12-month warranty."
PRD0307,Candle Bloom 406,Gaming,Candle,2081.93,1425.31,2015,24,1.265,SKU-CAN00307,Gaming Hardware,Arc,Green,SUP011,Korea,2015-02-19,GST_STANDARD,Recycled box,True,True,"gaming hardware designed for long desktop gaming sessions, in the arc family and supplied by candle with a 24-month warranty."
PRD0308,Vela Halo 407,Wearable,Vela,1088.84,537.32,2014,12,0.102,SKU-VEL00308,Health Wearable,Atlas,Green,SUP012,Japan,2014-05-06,GST_STANDARD,Box,True,True,"health wearable designed for daily activity and sleep tracking, in the atlas family and supplied by vela with a 12-month warranty."
PRD0309,Candle Quest 408,Networking,Candle,1023.7,575.06,2012,24,0.776,SKU-CAN00309,Connected Network,Bloom,Gold,SUP013,Australia,2012-07-02,GST_STANDARD,Protective case,True,True,"connected network designed for home-office wireless coverage, in the bloom family and supplied by candle with a 24-month warranty."
PRD0310,Vela Wave 409,Accessory,Vela,83.71,54.33,2013,12,0.138,SKU-VEL00310,Mobile Accessory,Core,Red,SUP014,Vietnam,2013-05-06,GST_STANDARD,Box,True,True,"mobile accessory designed for adjustable desk mounting and device positioning, in the core family and supplied by vela with a 12-month warranty."
PRD0311,Candle Edge 410,Laptop,Candle,1369.17,962.52,2015,24,1.377,SKU-CAN00311,Ultrabook,Edge,Red,SUP015,China,2015-03-19,GST_STANDARD,Recycled box,True,False,"ultrabook designed for study, research and note taking, in the edge family and supplied by candle with a 24-month warranty."
PRD0312,Vela Nova 411,Smartphone,Vela,1449.43,924.03,2015,24,0.198,SKU-VEL00312,5G Smartphone,Echo,Silver,SUP016,Vietnam,2015-10-06,GST_STANDARD,Protective case,True,True,"5g smartphone designed for mobile photography and messaging, in the echo family and supplied by vela with a 24-month warranty."
PRD0313,Candle Shift 412,Tablet,Candle,1109.77,765.12,2014,24,0.775,SKU-CAN00313,Productivity Tablet,Flux,Red,SUP017,Japan,2014-06-07,GST_STANDARD,Box,False,False,"productivity tablet designed for portable media and video calls, in the flux family and supplied by candle with a 24-month warranty."
PRD0314,Vela Atlas 413,Home Entertainment,Vela,1867.88,1334.44,2014,24,5.954,SKU-VEL00314,Smart Display,Halo,Graphite,SUP018,Australia,2014-02-04,GST_STANDARD,Recycled box,True,True,"smart display designed for music and spoken-content playback, in the halo family and supplied by vela with a 24-month warranty."
PRD0315,Candle Flux 414,Audio,Candle,197.15,111.98,2015,12,0.567,SKU-CAN00315,Wireless Audio,Lumen,Blue,SUP019,China,2015-02-13,GST_STANDARD,Recycled box,True,True,"wireless audio designed for music during focused desk work, in the lumen family and supplied by candle with a 12-month warranty."
PRD0316,Vela Pulse 415,Smart Home,Vela,640.98,364.05,2014,12,0.414,SKU-VEL00316,Home Automation,Nova,Blue,SUP020,Japan,2014-12-18,GST_STANDARD,Recycled box,False,True,"home automation designed for scheduled control of a household power outlet, in the nova family and supplied by vela with a 12-month warranty."
PRD0317,Candle Vista 416,Gaming,Candle,2234.93,1155.13,2017,24,1.35,SKU-CAN00317,Gaming Hardware,Orbit,Black,SUP021,Japan,2017-02-12,GST_STANDARD,Protective case,False,True,"gaming hardware designed for casual games in a shared room, in the orbit family and supplied by candle with a 24-month warranty."
PRD0318,Vela Core 417,Wearable,Vela,930.52,564.67,2012,12,0.143,SKU-VEL00318,Health Wearable,Pulse,Black,SUP022,Malaysia,2012-12-19,GST_STANDARD,Box,False,True,"health wearable designed for walking and commute notifications, in the pulse family and supplied by vela with a 12-month warranty."
PRD0319,Candle Lumen 418,Networking,Candle,882.45,459.29,2013,24,0.533,SKU-CAN00319,Connected Network,Quest,Silver,SUP023,Australia,2013-07-12,GST_STANDARD,Box,True,True,"connected network designed for connecting several shared household devices, in the quest family and supplied by candle with a 24-month warranty."
PRD0320,Vela Ridge 419,Accessory,Vela,190.98,120.07,2015,12,0.197,SKU-VEL00320,Mobile Accessory,Ridge,Blue,SUP024,Korea,2015-07-12,GST_STANDARD,Protective case,True,True,"mobile accessory designed for protective storage during travel, in the ridge family and supplied by vela with a 12-month warranty."
PRD0321,Candle Arc 420,Laptop,Candle,2525.88,1605.48,2016,24,1.845,SKU-CAN00321,Ultrabook,Shift,Green,SUP025,Malaysia,2016-04-18,GST_STANDARD,Box,True,True,"ultrabook designed for creative projects and media editing, in the shift family and supplied by candle with a 24-month warranty."
PRD0322,Vela Echo 421,Smartphone,Vela,1333.07,791.5,2013,24,0.233,SKU-VEL00322,5G Smartphone,Spark,Black,SUP026,Vietnam,2013-12-08,GST_STANDARD,Recycled box,True,True,"5g smartphone designed for work calls and calendar management, in the spark family and supplied by vela with a 24-month warranty."
PRD0323,Candle Orbit 422,Tablet,Candle,1588.55,823.22,2013,24,0.63,SKU-CAN00323,Productivity Tablet,Vista,Green,SUP027,Vietnam,2013-08-03,GST_STANDARD,Recycled box,True,True,"productivity tablet designed for field forms and client presentations, in the vista family and supplied by candle with a 24-month warranty."
PRD0324,Vela Spark 423,Home Entertainment,Vela,632.08,354.95,2016,24,7.462,SKU-VEL00324,Smart Display,Wave,White,SUP028,Korea,2016-01-05,GST_STANDARD,Recycled box,True,True,"smart display designed for family media streaming, in the wave family and supplied by vela with a 24-month warranty."
PRD0325,Candle Bloom 424,Audio,Candle,926.64,483.31,2012,12,0.537,SKU-CAN00325,Wireless Audio,Arc,Gold,SUP029,Japan,2012-04-26,GST_STANDARD,Protective case,True,True,"wireless audio designed for video calls and online classes, in the arc family and supplied by candle with a 12-month warranty."
PRD0326,Vela Halo 425,Smart Home,Vela,62.48,32.42,2016,12,0.285,SKU-VEL00326,Home Automation,Atlas,Green,SUP030,Korea,2016-12-19,GST_STANDARD,Box,False,True,"home automation designed for indoor temperature and humidity monitoring, in the atlas family and supplied by vela with a 12-month warranty."
PRD0327,Candle Quest 426,Gaming,Candle,1792.58,925.74,2012,24,1.432,SKU-CAN00327,Gaming Hardware,Bloom,White,SUP031,China,2012-08-03,GST_STANDARD,Box,True,True,"gaming hardware designed for competitive play and voice communication, in the bloom family and supplied by candle with a 24-month warranty."
PRD0328,Vela Wave 427,Wearable,Vela,490.58,326.62,2012,12,0.141,SKU-VEL00328,Health Wearable,Core,White,SUP032,Malaysia,2012-02-16,GST_STANDARD,Recycled box,True,True,"health wearable designed for exercise session summaries, in the core family and supplied by vela with a 12-month warranty."
PRD0329,Candle Edge 428,Networking,Candle,320.22,203.09,2013,24,0.812,SKU-CAN00329,Connected Network,Edge,Silver,SUP033,China,2013-05-20,GST_STANDARD,Protective case,True,True,"connected network designed for video meetings and media streaming, in the edge family and supplied by candle with a 24-month warranty."
PRD0330,Vela Nova 429,Accessory,Vela,222.78,154.94,2015,12,0.196,SKU-VEL00330,Mobile Accessory,Echo,Graphite,SUP034,Australia,2015-06-02,GST_STANDARD,Recycled box,True,True,"mobile accessory designed for charging-cable organisation, in the echo family and supplied by vela with a 12-month warranty."
PRD0331,Candle Shift 430,Laptop,Candle,1007.66,670.46,2013,24,1.285,SKU-CAN00331,Ultrabook,Flux,Graphite,SUP035,Japan,2013-02-24,GST_STANDARD,Box,True,True,"ultrabook designed for shared home-office administration, in the flux family and supplied by candle with a 24-month warranty."
PRD0332,Vela Atlas 431,Smartphone,Vela,896.69,491.67,2015,24,0.206,SKU-VEL00332,5G Smartphone,Halo,Graphite,SUP036,Japan,2015-08-08,GST_STANDARD,Protective case,False,True,"5g smartphone designed for travel planning and media use, in the halo family and supplied by vela with a 24-month warranty."
PRD0333,Candle Flux 432,Tablet,Candle,1274.3,700.36,2013,24,0.662,SKU-CAN00333,Productivity Tablet,Lumen,Blue,SUP037,China,2013-10-09,GST_STANDARD,Box,True,True,"productivity tablet designed for family learning and shared browsing, in the lumen family and supplied by candle with a 24-month warranty."
PRD0334,Vela Pulse 433,Home Entertainment,Vela,2155.76,1106.83,2012,24,9.233,SKU-VEL00334,Smart Display,Nova,Red,SUP001,China,2012-12-26,GST_STANDARD,Recycled box,True,True,"smart display designed for casual living-room gaming, in the nova family and supplied by vela with a 24-month warranty."
PRD0335,Candle Vista 434,Audio,Candle,439.66,297.37,2014,12,0.505,SKU-CAN00335,Wireless Audio,Orbit,Graphite,SUP002,Malaysia,2014-09-14,GST_STANDARD,Protective case,False,True,"wireless audio designed for shared-room music playback, in the orbit family and supplied by candle with a 12-month warranty."
PRD0336,Vela Core 435,Smart Home,Vela,657.61,319.14,2013,12,0.279,SKU-VEL00336,Home Automation,Pulse,Green,SUP003,Japan,2013-07-15,GST_STANDARD,Recycled box,False,True,"home automation designed for door and window activity alerts, in the pulse family and supplied by vela with a 12-month warranty."
PRD0337,Candle Lumen 436,Gaming,Candle,2341.34,1503.84,2015,24,1.128,SKU-CAN00337,Gaming Hardware,Quest,Green,SUP004,Korea,2015-05-24,GST_STANDARD,Protective case,True,True,"gaming hardware designed for portable gaming and travel, in the quest family and supplied by candle with a 24-month warranty."
PRD0338,Vela Ridge 437,Wearable,Vela,925.26,668.25,2016,12,0.108,SKU-VEL00338,Health Wearable,Ridge,Green,SUP005,Malaysia,2016-09-03,GST_STANDARD,Recycled box,True,True,"health wearable designed for calendar alerts and quick message checks, in the ridge family and supplied by vela with a 12-month warranty."
PRD0339,Candle Arc 438,Networking,Candle,1457.58,840.01,2014,24,0.821,SKU-CAN00339,Connected Network,Shift,Black,SUP006,China,2014-08-13,GST_STANDARD,Recycled box,True,True,"connected network designed for guest-network and device management, in the shift family and supplied by candle with a 24-month warranty."
PRD0340,Vela Echo 439,Accessory,Vela,244.07,183.56,2014,12,0.243,SKU-VEL00340,Mobile Accessory,Spark,White,SUP007,Australia,2014-08-14,GST_STANDARD,Box,True,True,"mobile accessory designed for connecting several devices through one compact adapter, in the spark family and supplied by vela with a 12-month warranty."
PRD0341,Candle Orbit 440,Laptop,Candle,2657.98,1701.97,2015,24,1.758,SKU-CAN00341,Ultrabook,Vista,Red,SUP008,Vietnam,2015-08-15,GST_STANDARD,Recycled box,True,True,"ultrabook designed for travel-based work and presentations, in the vista family and supplied by candle with a 24-month warranty."
PRD0342,Vela Spark 441,Smartphone,Vela,771.91,378.42,2016,24,0.188,SKU-VEL00342,5G Smartphone,Wave,White,SUP009,Malaysia,2016-04-22,GST_STANDARD,Recycled box,True,True,"5g smartphone designed for family communication and casual apps, in the wave family and supplied by vela with a 24-month warranty."
PRD0343,Candle Bloom 442,Tablet,Candle,1104.21,702.71,2017,24,0.457,SKU-CAN00343,Productivity Tablet,Arc,White,SUP010,Australia,2017-08-09,GST_STANDARD,Recycled box,True,True,"productivity tablet designed for drawing and lightweight creative work, in the arc family and supplied by candle with a 24-month warranty."
PRD0344,Vela Halo 443,Home Entertainment,Vela,2796.46,1589.92,2013,24,8.744,SKU-VEL00344,Smart Display,Atlas,White,SUP011,Australia,2013-03-15,GST_STANDARD,Protective case,True,True,"smart display designed for presentations and photo viewing, in the atlas family and supplied by vela with a 24-month warranty."
PRD0345,Candle Quest 444,Audio,Candle,437.36,229.26,2013,12,0.514,SKU-CAN00345,Wireless Audio,Bloom,Gold,SUP012,Vietnam,2013-05-04,GST_STANDARD,Recycled box,True,True,"wireless audio designed for long listening sessions at home, in the bloom family and supplied by candle with a 12-month warranty."
PRD0346,Vela Wave 445,Smart Home,Vela,291.88,171.93,2017,12,0.276,SKU-VEL00346,Home Automation,Core,Green,SUP013,Korea,2017-12-06,GST_STANDARD,Protective case,False,True,"home automation designed for automated blind and curtain routines, in the core family and supplied by vela with a 12-month warranty."
PRD0347,Candle Edge 446,Gaming,Candle,2438.33,1719.8,2015,24,1.447,SKU-CAN00347,Gaming Hardware,Edge,Graphite,SUP014,Korea,2015-09-23,GST_STANDARD,Box,True,True,"gaming hardware designed for game streaming and media capture, in the edge family and supplied by candle with a 24-month warranty."
PRD0348,Vela Nova 447,Wearable,Vela,340.62,245.95,2016,12,0.091,SKU-VEL00348,Health Wearable,Echo,Red,SUP015,Vietnam,2016-07-12,GST_STANDARD,Protective case,True,True,"health wearable designed for habit reminders and everyday timekeeping, in the echo family and supplied by vela with a 12-month warranty."
PRD0349,Candle Shift 448,Networking,Candle,1056.93,623.05,2012,24,0.734,SKU-CAN00349,Connected Network,Flux,Gold,SUP016,China,2012-07-20,GST_STANDARD,Box,False,True,"connected network designed for extending coverage between rooms, in the flux family and supplied by candle with a 24-month warranty."
PRD0350,Vela Atlas 449,Accessory,Vela,175.83,98.31,2016,12,0.132,SKU-VEL00350,Mobile Accessory,Halo,White,SUP017,Japan,2016-11-18,GST_STANDARD,Box,False,True,"mobile accessory designed for hands-free device support in a shared workspace, in the halo family and supplied by vela with a 12-month warranty."
PRD0351,Candle Flux 450,Laptop,Candle,1823.65,1170.61,2016,24,2.032,SKU-CAN00351,Ultrabook,Lumen,Green,SUP018,Vietnam,2016-11-04,GST_STANDARD,Recycled box,False,True,"ultrabook designed for portable document work and video meetings, in the lumen family and supplied by candle with a 24-month warranty."
PRD0352,Vela Pulse 451,Smartphone,Vela,1200.9,736.19,2017,24,0.183,SKU-VEL00352,5G Smartphone,Nova,Red,SUP019,Japan,2017-01-05,GST_STANDARD,Box,False,True,"5g smartphone designed for daily communication and navigation, in the nova family and supplied by vela with a 24-month warranty."
PRD0353,Candle Vista 452,Tablet,Candle,1349.93,883.35,2017,24,0.775,SKU-CAN00353,Productivity Tablet,Orbit,Gold,SUP020,Korea,2017-08-25,GST_STANDARD,Box,True,True,"productivity tablet designed for reading, annotation and handwritten notes, in the orbit family and supplied by candle with a 24-month warranty."
PRD0354,Vela Core 453,Home Entertainment,Vela,2902.62,2176.32,2015,24,9.184,SKU-VEL00354,Smart Display,Pulse,Green,SUP021,Vietnam,2015-10-18,GST_STANDARD,Protective case,True,True,"smart display designed for shared film and television viewing, in the pulse family and supplied by vela with a 24-month warranty."
PRD0355,Candle Lumen 454,Audio,Candle,412.17,292.2,2017,12,0.447,SKU-CAN00355,Wireless Audio,Quest,Gold,SUP022,China,2017-02-22,GST_STANDARD,Recycled box,True,True,"wireless audio designed for commuting and spoken-content listening, in the quest family and supplied by candle with a 12-month warranty."
PRD0356,Vela Ridge 455,Smart Home,Vela,215.96,144.34,2014,12,0.272,SKU-VEL00356,Home Automation,Ridge,Graphite,SUP023,Korea,2014-08-19,GST_STANDARD,Box,False,False,"home automation designed for app-controlled room lighting, in the ridge family and supplied by vela with a 12-month warranty."
PRD0357,Candle Arc 456,Gaming,Candle,2299.18,1593.89,2012,24,0.866,SKU-CAN00357,Gaming Hardware,Shift,Graphite,SUP024,Australia,2012-06-27,GST_STANDARD,Box,True,True,"gaming hardware designed for long desktop gaming sessions, in the shift family and supplied by candle with a 24-month warranty."
PRD0358,Vela Echo 457,Wearable,Vela,1013.74,665.94,2016,12,0.154,SKU-VEL00358,Health Wearable,Spark,White,SUP025,Korea,2016-05-03,GST_STANDARD,Box,True,True,"health wearable designed for daily activity and sleep tracking, in the spark family and supplied by vela with a 12-month warranty."
PRD0359,Candle Orbit 458,Networking,Candle,597.95,312.74,2012,24,0.902,SKU-CAN00359,Connected Network,Vista,Blue,SUP026,Korea,2012-02-21,GST_STANDARD,Box,True,True,"connected network designed for home-office wireless coverage, in the vista family and supplied by candle with a 24-month warranty."
PRD0360,Vela Spark 459,Accessory,Vela,362.06,218.41,2015,12,0.156,SKU-VEL00360,Mobile Accessory,Wave,Graphite,SUP027,Vietnam,2015-06-12,GST_STANDARD,Protective case,True,True,"mobile accessory designed for adjustable desk mounting and device positioning, in the wave family and supplied by vela with a 12-month warranty."
PRD0361,Candle Bloom 460,Laptop,Candle,1242.28,934.43,2014,24,1.959,SKU-CAN00361,Ultrabook,Arc,Graphite,SUP028,Malaysia,2014-07-15,GST_STANDARD,Recycled box,True,True,"ultrabook designed for study, research and note taking, in the arc family and supplied by candle with a 24-month warranty."
PRD0362,Vela Halo 461,Smartphone,Vela,1217.27,614.76,2012,24,0.233,SKU-VEL00362,5G Smartphone,Atlas,Blue,SUP029,Australia,2012-09-14,GST_STANDARD,Box,True,True,"5g smartphone designed for mobile photography and messaging, in the atlas family and supplied by vela with a 24-month warranty."
PRD0363,Candle Quest 462,Tablet,Candle,554.22,355.02,2016,24,0.496,SKU-CAN00363,Productivity Tablet,Bloom,Graphite,SUP030,Vietnam,2016-07-04,GST_STANDARD,Box,True,True,"productivity tablet designed for portable media and video calls, in the bloom family and supplied by candle with a 24-month warranty."
PRD0364,Vela Wave 463,Home Entertainment,Vela,3680.48,2792.99,2017,24,7.906,SKU-VEL00364,Smart Display,Core,White,SUP031,Vietnam,2017-11-02,GST_STANDARD,Protective case,True,True,"smart display designed for music and spoken-content playback, in the core family and supplied by vela with a 24-month warranty."
PRD0365,Candle Edge 464,Audio,Candle,1165.16,846.13,2012,12,0.424,SKU-CAN00365,Wireless Audio,Edge,Silver,SUP032,Vietnam,2012-12-08,GST_STANDARD,Box,True,True,"wireless audio designed for music during focused desk work, in the edge family and supplied by candle with a 12-month warranty."
PRD0366,Vela Nova 465,Smart Home,Vela,356.03,248.86,2017,12,0.344,SKU-VEL00366,Home Automation,Echo,Graphite,SUP033,Australia,2017-06-22,GST_STANDARD,Box,False,True,"home automation designed for scheduled control of a household power outlet, in the echo family and supplied by vela with a 12-month warranty."
PRD0367,Candle Shift 466,Gaming,Candle,179.97,86.48,2016,24,1.337,SKU-CAN00367,Gaming Hardware,Flux,Graphite,SUP034,Australia,2016-12-02,GST_STANDARD,Recycled box,True,True,"gaming hardware designed for casual games in a shared room, in the flux family and supplied by candle with a 24-month warranty."
PRD0368,Vela Atlas 467,Wearable,Vela,372.64,274.46,2016,12,0.137,SKU-VEL00368,Health Wearable,Halo,Green,SUP035,Malaysia,2016-03-05,GST_STANDARD,Box,True,True,"health wearable designed for walking and commute notifications, in the halo family and supplied by vela with a 12-month warranty."
PRD0369,Candle Flux 468,Networking,Candle,123.0,91.62,2015,24,0.661,SKU-CAN00369,Connected Network,Lumen,Graphite,SUP036,China,2015-10-20,GST_STANDARD,Protective case,True,True,"connected network designed for connecting several shared household devices, in the lumen family and supplied by candle with a 24-month warranty."
PRD0370,Vela Pulse 469,Accessory,Vela,285.36,213.13,2017,12,0.216,SKU-VEL00370,Mobile Accessory,Nova,Blue,SUP037,Australia,2017-01-19,GST_STANDARD,Box,True,True,"mobile accessory designed for protective storage during travel, in the nova family and supplied by vela with a 12-month warranty."
PRD0371,Candle Vista 470,Laptop,Candle,2179.78,1505.0,2014,24,1.456,SKU-CAN00371,Ultrabook,Orbit,Gold,SUP001,China,2014-09-03,GST_STANDARD,Box,True,True,"ultrabook designed for creative projects and media editing, in the orbit family and supplied by candle with a 24-month warranty."
PRD0372,Vela Core 471,Smartphone,Vela,943.73,493.55,2012,24,0.237,SKU-VEL00372,5G Smartphone,Pulse,Blue,SUP002,Japan,2012-01-11,GST_STANDARD,Protective case,False,True,"5g smartphone designed for work calls and calendar management, in the pulse family and supplied by vela with a 24-month warranty."
PRD0373,Candle Lumen 472,Tablet,Candle,664.52,500.9,2015,24,0.812,SKU-CAN00373,Productivity Tablet,Quest,Red,SUP003,Japan,2015-06-01,GST_STANDARD,Protective case,True,True,"productivity tablet designed for field forms and client presentations, in the quest family and supplied by candle with a 24-month warranty."
PRD0374,Vela Ridge 473,Home Entertainment,Vela,1846.98,947.97,2017,24,8.141,SKU-VEL00374,Smart Display,Ridge,Silver,SUP004,Japan,2017-02-20,GST_STANDARD,Recycled box,True,False,"smart display designed for family media streaming, in the ridge family and supplied by vela with a 24-month warranty."
PRD0375,Candle Arc 474,Audio,Candle,901.8,622.72,2017,12,0.406,SKU-CAN00375,Wireless Audio,Shift,Red,SUP005,Malaysia,2017-09-01,GST_STANDARD,Protective case,False,False,"wireless audio designed for video calls and online classes, in the shift family and supplied by candle with a 12-month warranty."
PRD0376,Vela Echo 475,Smart Home,Vela,689.26,384.75,2013,12,0.474,SKU-VEL00376,Home Automation,Spark,Green,SUP006,China,2013-06-19,GST_STANDARD,Protective case,True,True,"home automation designed for indoor temperature and humidity monitoring, in the spark family and supplied by vela with a 12-month warranty."
PRD0377,Candle Orbit 476,Gaming,Candle,941.97,474.04,2014,24,1.595,SKU-CAN00377,Gaming Hardware,Vista,Blue,SUP007,Korea,2014-12-14,GST_STANDARD,Recycled box,True,True,"gaming hardware designed for competitive play and voice communication, in the vista family and supplied by candle with a 24-month warranty."
PRD0378,Vela Spark 477,Wearable,Vela,472.12,290.23,2016,12,0.149,SKU-VEL00378,Health Wearable,Wave,Green,SUP008,Japan,2016-04-02,GST_STANDARD,Box,False,True,"health wearable designed for exercise session summaries, in the wave family and supplied by vela with a 12-month warranty."
PRD0379,Candle Bloom 478,Networking,Candle,722.92,364.78,2017,24,0.584,SKU-CAN00379,Connected Network,Arc,Black,SUP009,Korea,2017-08-15,GST_STANDARD,Recycled box,True,True,"connected network designed for video meetings and media streaming, in the arc family and supplied by candle with a 24-month warranty."
PRD0380,Vela Halo 479,Accessory,Vela,370.74,186.04,2016,12,0.241,SKU-VEL00380,Mobile Accessory,Atlas,Blue,SUP010,Korea,2016-02-14,GST_STANDARD,Recycled box,True,True,"mobile accessory designed for charging-cable organisation, in the atlas family and supplied by vela with a 12-month warranty."
PRD0381,Candle Quest 480,Laptop,Candle,2583.59,1401.6,2017,24,1.391,SKU-CAN00381,Ultrabook,Bloom,Black,SUP011,Vietnam,2017-01-25,GST_STANDARD,Recycled box,True,True,"ultrabook designed for shared home-office administration, in the bloom family and supplied by candle with a 24-month warranty."
PRD0382,Vela Wave 481,Smartphone,Vela,1459.89,890.24,2014,24,0.2,SKU-VEL00382,5G Smartphone,Core,Gold,SUP012,Vietnam,2014-08-14,GST_STANDARD,Protective case,False,True,"5g smartphone designed for travel planning and media use, in the core family and supplied by vela with a 24-month warranty."
PRD0383,Candle Edge 482,Tablet,Candle,1128.0,706.99,2015,24,0.548,SKU-CAN00383,Productivity Tablet,Edge,Green,SUP013,Vietnam,2015-03-17,GST_STANDARD,Box,True,True,"productivity tablet designed for family learning and shared browsing, in the edge family and supplied by candle with a 24-month warranty."
PRD0384,Vela Nova 483,Home Entertainment,Vela,2615.99,1698.49,2017,24,5.891,SKU-VEL00384,Smart Display,Echo,Silver,SUP014,Malaysia,2017-04-09,GST_STANDARD,Protective case,True,True,"smart display designed for casual living-room gaming, in the echo family and supplied by vela with a 24-month warranty."
PRD0385,Candle Shift 484,Audio,Candle,272.03,197.65,2013,12,0.609,SKU-CAN00385,Wireless Audio,Flux,Blue,SUP015,Australia,2013-02-13,GST_STANDARD,Box,True,True,"wireless audio designed for shared-room music playback, in the flux family and supplied by candle with a 12-month warranty."
PRD0386,Vela Atlas 485,Smart Home,Vela,703.44,387.2,2017,12,0.487,SKU-VEL00386,Home Automation,Halo,Gold,SUP016,China,2017-03-16,GST_STANDARD,Box,True,True,"home automation designed for door and window activity alerts, in the halo family and supplied by vela with a 12-month warranty."
PRD0387,Candle Flux 486,Gaming,Candle,2307.58,1388.02,2012,24,1.01,SKU-CAN00387,Gaming Hardware,Lumen,Gold,SUP017,Australia,2012-05-04,GST_STANDARD,Protective case,False,True,"gaming hardware designed for portable gaming and travel, in the lumen family and supplied by candle with a 24-month warranty."
PRD0388,Vela Pulse 487,Wearable,Vela,981.72,545.58,2015,12,0.12,SKU-VEL00388,Health Wearable,Nova,White,SUP018,Vietnam,2015-03-23,GST_STANDARD,Protective case,True,True,"health wearable designed for calendar alerts and quick message checks, in the nova family and supplied by vela with a 12-month warranty."
PRD0389,Candle Vista 488,Networking,Candle,452.02,229.05,2017,24,0.54,SKU-CAN00389,Connected Network,Orbit,Green,SUP019,Japan,2017-01-18,GST_STANDARD,Box,True,True,"connected network designed for guest-network and device management, in the orbit family and supplied by candle with a 24-month warranty."
PRD0390,Vela Core 489,Accessory,Vela,391.31,202.64,2017,12,0.235,SKU-VEL00390,Mobile Accessory,Pulse,Black,SUP020,China,2017-11-09,GST_STANDARD,Protective case,True,True,"mobile accessory designed for connecting several devices through one compact adapter, in the pulse family and supplied by vela with a 12-month warranty."
PRD0391,Candle Lumen 490,Laptop,Candle,1914.32,1389.49,2012,24,1.753,SKU-CAN00391,Ultrabook,Quest,Blue,SUP021,Korea,2012-02-20,GST_STANDARD,Protective case,True,True,"ultrabook designed for travel-based work and presentations, in the quest family and supplied by candle with a 24-month warranty."
PRD0392,Vela Ridge 491,Smartphone,Vela,647.54,337.76,2012,24,0.175,SKU-VEL00392,5G Smartphone,Ridge,Graphite,SUP022,Japan,2012-10-26,GST_STANDARD,Protective case,True,True,"5g smartphone designed for family communication and casual apps, in the ridge family and supplied by vela with a 24-month warranty."
PRD0393,Candle Arc 492,Tablet,Candle,728.35,392.6,2016,24,0.64,SKU-CAN00393,Productivity Tablet,Shift,Blue,SUP023,Korea,2016-10-05,GST_STANDARD,Box,True,True,"productivity tablet designed for drawing and lightweight creative work, in the shift family and supplied by candle with a 24-month warranty."
PRD0394,Vela Echo 493,Home Entertainment,Vela,1051.66,736.37,2016,24,7.287,SKU-VEL00394,Smart Display,Spark,White,SUP024,Japan,2016-09-23,GST_STANDARD,Protective case,False,True,"smart display designed for presentations and photo viewing, in the spark family and supplied by vela with a 24-month warranty."
PRD0395,Candle Orbit 494,Audio,Candle,366.66,254.03,2012,12,0.499,SKU-CAN00395,Wireless Audio,Vista,Green,SUP025,Australia,2012-01-17,GST_STANDARD,Recycled box,False,True,"wireless audio designed for long listening sessions at home, in the vista family and supplied by candle with a 12-month warranty."
PRD0396,Vela Spark 495,Smart Home,Vela,672.25,431.22,2012,12,0.307,SKU-VEL00396,Home Automation,Wave,Black,SUP026,Japan,2012-06-14,GST_STANDARD,Recycled box,True,True,"home automation designed for automated blind and curtain routines, in the wave family and supplied by vela with a 12-month warranty."
PRD0397,Candle Bloom 496,Gaming,Candle,1333.88,673.43,2012,24,0.986,SKU-CAN00397,Gaming Hardware,Arc,White,SUP027,Australia,2012-07-11,GST_STANDARD,Protective case,True,True,"gaming hardware designed for game streaming and media capture, in the arc family and supplied by candle with a 24-month warranty."
PRD0398,Vela Halo 497,Wearable,Vela,567.86,350.48,2017,12,0.12,SKU-VEL00398,Health Wearable,Atlas,Red,SUP028,Japan,2017-06-18,GST_STANDARD,Recycled box,True,True,"health wearable designed for habit reminders and everyday timekeeping, in the atlas family and supplied by vela with a 12-month warranty."
PRD0399,Candle Quest 498,Networking,Candle,273.24,206.8,2012,24,0.935,SKU-CAN00399,Connected Network,Bloom,Blue,SUP029,Malaysia,2012-03-11,GST_STANDARD,Protective case,True,True,"connected network designed for extending coverage between rooms, in the bloom family and supplied by candle with a 24-month warranty."
PRD0400,Vela Wave 499,Accessory,Vela,158.67,105.01,2014,12,0.137,SKU-VEL00400,Mobile Accessory,Core,Black,SUP030,Japan,2014-06-27,GST_STANDARD,Recycled box,True,True,"mobile accessory designed for hands-free device support in a shared workspace, in the core family and supplied by vela with a 12-month warranty."
PRD0401,Candle Edge 500,Laptop,Candle,2421.46,1596.72,2013,24,1.691,SKU-CAN00401,Ultrabook,Edge,Silver,SUP031,China,2013-05-09,GST_STANDARD,Recycled box,False,True,"ultrabook designed for portable document work and video meetings, in the edge family and supplied by candle with a 24-month warranty."
PRD0402,Vela Nova 501,Smartphone,Vela,335.07,211.25,2012,24,0.295,SKU-VEL00402,5G Smartphone,Echo,Red,SUP032,Korea,2012-08-18,GST_STANDARD,Recycled box,True,True,"5g smartphone designed for daily communication and navigation, in the echo family and supplied by vela with a 24-month warranty."
PRD0403,Candle Shift 502,Tablet,Candle,615.54,396.75,2016,24,0.753,SKU-CAN00403,Productivity Tablet,Flux,Blue,SUP033,Vietnam,2016-03-05,GST_STANDARD,Recycled box,True,True,"productivity tablet designed for reading, annotation and handwritten notes, in the flux family and supplied by candle with a 24-month warranty."
PRD0404,Vela Atlas 503,Home Entertainment,Vela,1363.51,666.28,2013,24,6.318,SKU-VEL00404,Smart Display,Halo,Graphite,SUP034,Japan,2013-12-20,GST_STANDARD,Recycled box,True,True,"smart display designed for shared film and television viewing, in the halo family and supplied by vela with a 24-month warranty."
PRD0405,Candle Flux 504,Audio,Candle,146.11,87.39,2017,12,0.633,SKU-CAN00405,Wireless Audio,Lumen,White,SUP035,Australia,2017-08-24,GST_STANDARD,Box,True,True,"wireless audio designed for commuting and spoken-content listening, in the lumen family and supplied by candle with a 12-month warranty."
PRD0406,Vela Pulse 505,Smart Home,Vela,403.51,209.62,2013,12,0.283,SKU-VEL00406,Home Automation,Nova,White,SUP036,Korea,2013-07-09,GST_STANDARD,Protective case,False,True,"home automation designed for app-controlled room lighting, in the nova family and supplied by vela with a 12-month warranty."
PRD0407,Candle Vista 506,Gaming,Candle,607.64,429.7,2017,24,1.641,SKU-CAN00407,Gaming Hardware,Orbit,Silver,SUP037,Australia,2017-06-19,GST_STANDARD,Recycled box,True,True,"gaming hardware designed for long desktop gaming sessions, in the orbit family and supplied by candle with a 24-month warranty."
PRD0408,Vela Core 507,Wearable,Vela,1038.75,594.13,2013,12,0.12,SKU-VEL00408,Health Wearable,Pulse,Green,SUP001,China,2013-09-20,GST_STANDARD,Recycled box,True,True,"health wearable designed for daily activity and sleep tracking, in the pulse family and supplied by vela with a 12-month warranty."
PRD0409,Candle Lumen 508,Networking,Candle,178.56,98.08,2015,24,0.77,SKU-CAN00409,Connected Network,Quest,Blue,SUP002,China,2015-09-16,GST_STANDARD,Recycled box,True,True,"connected network designed for home-office wireless coverage, in the quest family and supplied by candle with a 24-month warranty."
PRD0410,Vela Ridge 509,Accessory,Vela,212.08,123.66,2015,12,0.219,SKU-VEL00410,Mobile Accessory,Ridge,Red,SUP003,Japan,2015-09-04,GST_STANDARD,Protective case,True,True,"mobile accessory designed for adjustable desk mounting and device positioning, in the ridge family and supplied by vela with a 12-month warranty."
PRD0411,Candle Arc 510,Laptop,Candle,2843.11,1831.32,2015,24,1.463,SKU-CAN00411,Ultrabook,Shift,Gold,SUP004,China,2015-12-04,GST_STANDARD,Recycled box,True,True,"ultrabook designed for study, research and note taking, in the shift family and supplied by candle with a 24-month warranty."
PRD0412,Vela Echo 511,Smartphone,Vela,383.4,230.9,2015,24,0.16,SKU-VEL00412,5G Smartphone,Spark,Red,SUP005,China,2015-12-21,GST_STANDARD,Protective case,False,True,"5g smartphone designed for mobile photography and messaging, in the spark family and supplied by vela with a 24-month warranty."
PRD0413,Candle Orbit 512,Tablet,Candle,1348.47,772.67,2015,24,0.518,SKU-CAN00413,Productivity Tablet,Vista,Silver,SUP006,China,2015-06-18,GST_STANDARD,Protective case,False,True,"productivity tablet designed for portable media and video calls, in the vista family and supplied by candle with a 24-month warranty."
PRD0414,Vela Spark 513,Home Entertainment,Vela,1024.71,614.11,2015,24,5.546,SKU-VEL00414,Smart Display,Wave,Red,SUP007,Korea,2015-12-04,GST_STANDARD,Box,True,True,"smart display designed for music and spoken-content playback, in the wave family and supplied by vela with a 24-month warranty."
PRD0415,Candle Bloom 514,Audio,Candle,78.5,59.25,2014,12,0.526,SKU-CAN00415,Wireless Audio,Arc,Black,SUP008,China,2014-10-05,GST_STANDARD,Protective case,False,True,"wireless audio designed for music during focused desk work, in the arc family and supplied by candle with a 12-month warranty."
PRD0416,Vela Halo 515,Smart Home,Vela,420.25,267.37,2013,12,0.434,SKU-VEL00416,Home Automation,Atlas,Graphite,SUP009,Malaysia,2013-02-08,GST_STANDARD,Box,False,True,"home automation designed for scheduled control of a household power outlet, in the atlas family and supplied by vela with a 12-month warranty."
PRD0417,Candle Quest 516,Gaming,Candle,1281.86,725.5,2017,24,1.543,SKU-CAN00417,Gaming Hardware,Bloom,Red,SUP010,Japan,2017-11-20,GST_STANDARD,Recycled box,True,True,"gaming hardware designed for casual games in a shared room, in the bloom family and supplied by candle with a 24-month warranty."
PRD0418,Vela Wave 517,Wearable,Vela,301.4,213.65,2013,12,0.129,SKU-VEL00418,Health Wearable,Core,Red,SUP011,Vietnam,2013-06-19,GST_STANDARD,Recycled box,False,True,"health wearable designed for walking and commute notifications, in the core family and supplied by vela with a 12-month warranty."
PRD0419,Candle Edge 518,Networking,Candle,1458.66,873.2,2017,24,0.71,SKU-CAN00419,Connected Network,Edge,Gold,SUP012,Japan,2017-03-02,GST_STANDARD,Protective case,True,True,"connected network designed for connecting several shared household devices, in the edge family and supplied by candle with a 24-month warranty."
PRD0420,Vela Nova 519,Accessory,Vela,365.11,249.59,2013,12,0.171,SKU-VEL00420,Mobile Accessory,Echo,Black,SUP013,China,2013-11-19,GST_STANDARD,Recycled box,True,True,"mobile accessory designed for protective storage during travel, in the echo family and supplied by vela with a 12-month warranty."
PRD0421,Candle Shift 520,Laptop,Candle,2441.59,1195.2,2016,24,1.946,SKU-CAN00421,Ultrabook,Flux,Black,SUP014,Korea,2016-04-04,GST_STANDARD,Box,True,True,"ultrabook designed for creative projects and media editing, in the flux family and supplied by candle with a 24-month warranty."
PRD0422,Vela Atlas 521,Smartphone,Vela,1345.12,884.17,2016,24,0.222,SKU-VEL00422,5G Smartphone,Halo,Blue,SUP015,Korea,2016-12-25,GST_STANDARD,Protective case,True,True,"5g smartphone designed for work calls and calendar management, in the halo family and supplied by vela with a 24-month warranty."
PRD0423,Candle Flux 522,Tablet,Candle,1099.29,558.19,2012,24,0.844,SKU-CAN00423,Productivity Tablet,Lumen,Graphite,SUP016,Australia,2012-08-05,GST_STANDARD,Recycled box,True,True,"productivity tablet designed for field forms and client presentations, in the lumen family and supplied by candle with a 24-month warranty."
PRD0424,Vela Pulse 523,Home Entertainment,Vela,2256.09,1116.62,2012,24,5.366,SKU-VEL00424,Smart Display,Nova,Gold,SUP017,Japan,2012-06-03,GST_STANDARD,Protective case,False,True,"smart display designed for family media streaming, in the nova family and supplied by vela with a 24-month warranty."
PRD0425,Candle Vista 524,Audio,Candle,615.94,461.98,2012,12,0.616,SKU-CAN00425,Wireless Audio,Orbit,Graphite,SUP018,Malaysia,2012-04-04,GST_STANDARD,Protective case,True,True,"wireless audio designed for video calls and online classes, in the orbit family and supplied by candle with a 12-month warranty."
PRD0426,Vela Core 525,Smart Home,Vela,571.98,297.27,2012,12,0.265,SKU-VEL00426,Home Automation,Pulse,Gold,SUP019,Australia,2012-12-19,GST_STANDARD,Recycled box,False,True,"home automation designed for indoor temperature and humidity monitoring, in the pulse family and supplied by vela with a 12-month warranty."
PRD0427,Candle Lumen 526,Gaming,Candle,1212.42,740.77,2014,24,1.097,SKU-CAN00427,Gaming Hardware,Quest,Graphite,SUP020,China,2014-10-01,GST_STANDARD,Protective case,False,True,"gaming hardware designed for competitive play and voice communication, in the quest family and supplied by candle with a 24-month warranty."
PRD0428,Vela Ridge 527,Wearable,Vela,844.51,629.61,2015,12,0.135,SKU-VEL00428,Health Wearable,Ridge,White,SUP021,Korea,2015-05-16,GST_STANDARD,Box,False,True,"health wearable designed for exercise session summaries, in the ridge family and supplied by vela with a 12-month warranty."
PRD0429,Candle Arc 528,Networking,Candle,1195.52,755.03,2016,24,0.695,SKU-CAN00429,Connected Network,Shift,Black,SUP022,Australia,2016-02-27,GST_STANDARD,Box,True,True,"connected network designed for video meetings and media streaming, in the shift family and supplied by candle with a 24-month warranty."
PRD0430,Vela Echo 529,Accessory,Vela,126.46,94.35,2016,12,0.191,SKU-VEL00430,Mobile Accessory,Spark,Gold,SUP023,Australia,2016-04-08,GST_STANDARD,Recycled box,True,True,"mobile accessory designed for charging-cable organisation, in the spark family and supplied by vela with a 12-month warranty."
PRD0431,Candle Orbit 530,Laptop,Candle,1519.4,1069.62,2012,24,1.233,SKU-CAN00431,Ultrabook,Vista,Blue,SUP024,Vietnam,2012-06-27,GST_STANDARD,Protective case,True,True,"ultrabook designed for shared home-office administration, in the vista family and supplied by candle with a 24-month warranty."
PRD0432,Vela Spark 531,Smartphone,Vela,1426.65,739.44,2015,24,0.289,SKU-VEL00432,5G Smartphone,Wave,Gold,SUP025,Australia,2015-06-18,GST_STANDARD,Box,True,True,"5g smartphone designed for travel planning and media use, in the wave family and supplied by vela with a 24-month warranty."
PRD0433,Candle Bloom 532,Tablet,Candle,983.68,531.54,2013,24,0.491,SKU-CAN00433,Productivity Tablet,Arc,Blue,SUP026,Japan,2013-04-24,GST_STANDARD,Protective case,False,True,"productivity tablet designed for family learning and shared browsing, in the arc family and supplied by candle with a 24-month warranty."
PRD0434,Vela Halo 533,Home Entertainment,Vela,388.26,290.18,2015,24,10.077,SKU-VEL00434,Smart Display,Atlas,Black,SUP027,Australia,2015-06-13,GST_STANDARD,Recycled box,True,True,"smart display designed for casual living-room gaming, in the atlas family and supplied by vela with a 24-month warranty."
PRD0435,Candle Quest 534,Audio,Candle,721.05,501.97,2014,12,0.623,SKU-CAN00435,Wireless Audio,Bloom,Graphite,SUP028,Japan,2014-07-05,GST_STANDARD,Recycled box,True,True,"wireless audio designed for shared-room music playback, in the bloom family and supplied by candle with a 12-month warranty."
PRD0436,Vela Wave 535,Smart Home,Vela,525.13,377.36,2017,12,0.36,SKU-VEL00436,Home Automation,Core,Silver,SUP029,Australia,2017-11-02,GST_STANDARD,Protective case,True,True,"home automation designed for door and window activity alerts, in the core family and supplied by vela with a 12-month warranty."
PRD0437,Candle Edge 536,Gaming,Candle,2082.66,1209.62,2012,24,1.447,SKU-CAN00437,Gaming Hardware,Edge,Black,SUP030,Korea,2012-11-08,GST_STANDARD,Protective case,True,True,"gaming hardware designed for portable gaming and travel, in the edge family and supplied by candle with a 24-month warranty."
PRD0438,Vela Nova 537,Wearable,Vela,185.01,96.78,2016,12,0.133,SKU-VEL00438,Health Wearable,Echo,Red,SUP031,Vietnam,2016-03-16,GST_STANDARD,Recycled box,True,True,"health wearable designed for calendar alerts and quick message checks, in the echo family and supplied by vela with a 12-month warranty."
PRD0439,Candle Shift 538,Networking,Candle,1460.48,947.91,2014,24,0.937,SKU-CAN00439,Connected Network,Flux,Blue,SUP032,Japan,2014-06-01,GST_STANDARD,Recycled box,True,True,"connected network designed for guest-network and device management, in the flux family and supplied by candle with a 24-month warranty."
PRD0440,Vela Atlas 539,Accessory,Vela,57.41,39.98,2012,12,0.192,SKU-VEL00440,Mobile Accessory,Halo,Black,SUP033,Australia,2012-09-17,GST_STANDARD,Box,False,True,"mobile accessory designed for connecting several devices through one compact adapter, in the halo family and supplied by vela with a 12-month warranty."
PRD0441,Candle Flux 540,Laptop,Candle,2838.69,1958.19,2015,24,1.793,SKU-CAN00441,Ultrabook,Lumen,White,SUP034,Malaysia,2015-06-24,GST_STANDARD,Protective case,True,True,"ultrabook designed for travel-based work and presentations, in the lumen family and supplied by candle with a 24-month warranty."
PRD0442,Vela Pulse 541,Smartphone,Vela,1331.04,913.63,2014,24,0.215,SKU-VEL00442,5G Smartphone,Nova,Red,SUP035,China,2014-10-26,GST_STANDARD,Recycled box,True,True,"5g smartphone designed for family communication and casual apps, in the nova family and supplied by vela with a 24-month warranty."
PRD0443,Candle Vista 542,Tablet,Candle,393.59,241.17,2016,24,0.843,SKU-CAN00443,Productivity Tablet,Orbit,Black,SUP036,Korea,2016-11-17,GST_STANDARD,Protective case,True,True,"productivity tablet designed for drawing and lightweight creative work, in the orbit family and supplied by candle with a 24-month warranty."
PRD0444,Vela Core 543,Home Entertainment,Vela,617.76,430.39,2012,24,9.498,SKU-VEL00444,Smart Display,Pulse,Gold,SUP037,Vietnam,2012-08-19,GST_STANDARD,Box,False,True,"smart display designed for presentations and photo viewing, in the pulse family and supplied by vela with a 24-month warranty."
PRD0445,Candle Lumen 544,Audio,Candle,1026.22,715.26,2016,12,0.504,SKU-CAN00445,Wireless Audio,Quest,Gold,SUP001,Japan,2016-08-23,GST_STANDARD,Box,False,True,"wireless audio designed for long listening sessions at home, in the quest family and supplied by candle with a 12-month warranty."
PRD0446,Vela Ridge 545,Smart Home,Vela,132.64,100.45,2014,12,0.368,SKU-VEL00446,Home Automation,Ridge,Red,SUP002,Malaysia,2014-03-05,GST_STANDARD,Protective case,True,True,"home automation designed for automated blind and curtain routines, in the ridge family and supplied by vela with a 12-month warranty."
PRD0447,Candle Arc 546,Gaming,Candle,388.49,215.42,2014,24,1.367,SKU-CAN00447,Gaming Hardware,Shift,Graphite,SUP003,China,2014-04-10,GST_STANDARD,Box,True,True,"gaming hardware designed for game streaming and media capture, in the shift family and supplied by candle with a 24-month warranty."
PRD0448,Vela Echo 547,Wearable,Vela,974.99,695.46,2015,12,0.091,SKU-VEL00448,Health Wearable,Spark,Gold,SUP004,China,2015-10-12,GST_STANDARD,Recycled box,True,True,"health wearable designed for habit reminders and everyday timekeeping, in the spark family and supplied by vela with a 12-month warranty."
PRD0449,Candle Orbit 548,Networking,Candle,483.76,281.4,2013,24,0.956,SKU-CAN00449,Connected Network,Vista,Blue,SUP005,Japan,2013-12-11,GST_STANDARD,Protective case,False,True,"connected network designed for extending coverage between rooms, in the vista family and supplied by candle with a 24-month warranty."
PRD0450,Vela Spark 549,Accessory,Vela,210.74,128.23,2012,12,0.219,SKU-VEL00450,Mobile Accessory,Wave,Red,SUP006,Vietnam,2012-12-10,GST_STANDARD,Protective case,True,True,"mobile accessory designed for hands-free device support in a shared workspace, in the wave family and supplied by vela with a 12-month warranty."
PRD0451,Candle Bloom 550,Laptop,Candle,2851.18,1374.11,2015,24,1.38,SKU-CAN00451,Ultrabook,Arc,Black,SUP007,Japan,2015-10-21,GST_STANDARD,Box,False,True,"ultrabook designed for portable document work and video meetings, in the arc family and supplied by candle with a 24-month warranty."
PRD0452,Vela Halo 551,Smartphone,Vela,1619.46,810.59,2012,24,0.292,SKU-VEL00452,5G Smartphone,Atlas,Silver,SUP008,Japan,2012-07-21,GST_STANDARD,Protective case,True,True,"5g smartphone designed for daily communication and navigation, in the atlas family and supplied by vela with a 24-month warranty."
PRD0453,Candle Quest 552,Tablet,Candle,1232.3,624.61,2013,24,0.747,SKU-CAN00453,Productivity Tablet,Bloom,Graphite,SUP009,China,2013-10-07,GST_STANDARD,Recycled box,True,True,"productivity tablet designed for reading, annotation and handwritten notes, in the bloom family and supplied by candle with a 24-month warranty."
PRD0454,Vela Wave 553,Home Entertainment,Vela,1098.4,549.86,2016,24,6.81,SKU-VEL00454,Smart Display,Core,Black,SUP010,Vietnam,2016-10-08,GST_STANDARD,Protective case,True,True,"smart display designed for shared film and television viewing, in the core family and supplied by vela with a 24-month warranty."
PRD0455,Candle Edge 554,Audio,Candle,679.95,410.85,2017,12,0.441,SKU-CAN00455,Wireless Audio,Edge,Black,SUP011,Australia,2017-03-24,GST_STANDARD,Box,True,True,"wireless audio designed for commuting and spoken-content listening, in the edge family and supplied by candle with a 12-month warranty."
PRD0456,Vela Nova 555,Smart Home,Vela,111.78,59.14,2016,12,0.401,SKU-VEL00456,Home Automation,Echo,Gold,SUP012,Australia,2016-02-25,GST_STANDARD,Box,True,True,"home automation designed for app-controlled room lighting, in the echo family and supplied by vela with a 12-month warranty."
PRD0457,Candle Shift 556,Gaming,Candle,1014.79,700.43,2012,24,1.034,SKU-CAN00457,Gaming Hardware,Flux,Blue,SUP013,China,2012-03-12,GST_STANDARD,Recycled box,False,True,"gaming hardware designed for long desktop gaming sessions, in the flux family and supplied by candle with a 24-month warranty."
PRD0458,Vela Atlas 557,Wearable,Vela,960.04,594.43,2016,12,0.134,SKU-VEL00458,Health Wearable,Halo,Graphite,SUP014,Australia,2016-12-05,GST_STANDARD,Recycled box,True,True,"health wearable designed for daily activity and sleep tracking, in the halo family and supplied by vela with a 12-month warranty."
PRD0459,Candle Flux 558,Networking,Candle,553.35,413.1,2012,24,0.733,SKU-CAN00459,Connected Network,Lumen,Blue,SUP015,Malaysia,2012-05-12,GST_STANDARD,Box,True,True,"connected network designed for home-office wireless coverage, in the lumen family and supplied by candle with a 24-month warranty."
PRD0460,Vela Pulse 559,Accessory,Vela,250.7,160.69,2015,12,0.21,SKU-VEL00460,Mobile Accessory,Nova,White,SUP016,Malaysia,2015-02-15,GST_STANDARD,Box,False,True,"mobile accessory designed for adjustable desk mounting and device positioning, in the nova family and supplied by vela with a 12-month warranty."
PRD0461,Candle Vista 560,Laptop,Candle,1664.1,1146.93,2014,24,1.707,SKU-CAN00461,Ultrabook,Orbit,Blue,SUP017,Australia,2014-11-11,GST_STANDARD,Protective case,True,True,"ultrabook designed for study, research and note taking, in the orbit family and supplied by candle with a 24-month warranty."
PRD0462,Vela Core 561,Smartphone,Vela,595.57,422.3,2012,24,0.243,SKU-VEL00462,5G Smartphone,Pulse,Blue,SUP018,Vietnam,2012-04-24,GST_STANDARD,Box,True,True,"5g smartphone designed for mobile photography and messaging, in the pulse family and supplied by vela with a 24-month warranty."
PRD0463,Candle Lumen 562,Tablet,Candle,1498.56,757.9,2012,24,0.526,SKU-CAN00463,Productivity Tablet,Quest,Graphite,SUP019,Korea,2012-09-25,GST_STANDARD,Box,True,True,"productivity tablet designed for portable media and video calls, in the quest family and supplied by candle with a 24-month warranty."
PRD0464,Vela Ridge 563,Home Entertainment,Vela,3820.07,2814.18,2014,24,6.135,SKU-VEL00464,Smart Display,Ridge,Graphite,SUP020,Vietnam,2014-03-26,GST_STANDARD,Recycled box,False,True,"smart display designed for music and spoken-content playback, in the ridge family and supplied by vela with a 24-month warranty."
PRD0465,Candle Arc 564,Audio,Candle,276.29,161.03,2015,12,0.421,SKU-CAN00465,Wireless Audio,Shift,Blue,SUP021,Korea,2015-03-03,GST_STANDARD,Box,True,True,"wireless audio designed for music during focused desk work, in the shift family and supplied by candle with a 12-month warranty."
PRD0466,Vela Echo 565,Smart Home,Vela,520.19,256.95,2013,12,0.306,SKU-VEL00466,Home Automation,Spark,Gold,SUP022,Malaysia,2013-01-19,GST_STANDARD,Box,True,True,"home automation designed for scheduled control of a household power outlet, in the spark family and supplied by vela with a 12-month warranty."
PRD0467,Candle Orbit 566,Gaming,Candle,1381.47,973.81,2014,24,0.948,SKU-CAN00467,Gaming Hardware,Vista,Red,SUP023,China,2014-06-26,GST_STANDARD,Recycled box,True,True,"gaming hardware designed for casual games in a shared room, in the vista family and supplied by candle with a 24-month warranty."
PRD0468,Vela Spark 567,Wearable,Vela,523.04,352.01,2014,12,0.111,SKU-VEL00468,Health Wearable,Wave,White,SUP024,Japan,2014-05-02,GST_STANDARD,Box,True,True,"health wearable designed for walking and commute notifications, in the wave family and supplied by vela with a 12-month warranty."
PRD0469,Candle Bloom 568,Networking,Candle,710.35,417.76,2014,24,0.895,SKU-CAN00469,Connected Network,Arc,White,SUP025,China,2014-10-17,GST_STANDARD,Protective case,True,True,"connected network designed for connecting several shared household devices, in the arc family and supplied by candle with a 24-month warranty."
PRD0470,Vela Halo 569,Accessory,Vela,116.53,76.93,2015,12,0.207,SKU-VEL00470,Mobile Accessory,Atlas,Silver,SUP026,Malaysia,2015-08-17,GST_STANDARD,Protective case,True,True,"mobile accessory designed for protective storage during travel, in the atlas family and supplied by vela with a 12-month warranty."
PRD0471,Candle Quest 570,Laptop,Candle,1997.5,1279.68,2014,24,1.314,SKU-CAN00471,Ultrabook,Bloom,Red,SUP027,Korea,2014-05-12,GST_STANDARD,Box,True,True,"ultrabook designed for creative projects and media editing, in the bloom family and supplied by candle with a 24-month warranty."
PRD0472,Vela Wave 571,Smartphone,Vela,658.25,408.56,2016,24,0.294,SKU-VEL00472,5G Smartphone,Core,White,SUP028,Malaysia,2016-10-23,GST_STANDARD,Box,False,True,"5g smartphone designed for work calls and calendar management, in the core family and supplied by vela with a 24-month warranty."
PRD0473,Candle Edge 572,Tablet,Candle,1395.59,932.71,2017,24,0.458,SKU-CAN00473,Productivity Tablet,Edge,Red,SUP029,China,2017-09-26,GST_STANDARD,Protective case,True,True,"productivity tablet designed for field forms and client presentations, in the edge family and supplied by candle with a 24-month warranty."
PRD0474,Vela Nova 573,Home Entertainment,Vela,1387.31,972.47,2012,24,7.199,SKU-VEL00474,Smart Display,Echo,Blue,SUP030,Vietnam,2012-08-07,GST_STANDARD,Recycled box,False,True,"smart display designed for family media streaming, in the echo family and supplied by vela with a 24-month warranty."
PRD0475,Candle Shift 574,Audio,Candle,1049.43,651.12,2015,12,0.441,SKU-CAN00475,Wireless Audio,Flux,Graphite,SUP031,Vietnam,2015-07-09,GST_STANDARD,Recycled box,True,True,"wireless audio designed for video calls and online classes, in the flux family and supplied by candle with a 12-month warranty."
PRD0476,Vela Atlas 575,Smart Home,Vela,181.3,136.91,2013,12,0.391,SKU-VEL00476,Home Automation,Halo,Green,SUP032,Vietnam,2013-07-15,GST_STANDARD,Recycled box,True,True,"home automation designed for indoor temperature and humidity monitoring, in the halo family and supplied by vela with a 12-month warranty."
PRD0477,Candle Flux 576,Gaming,Candle,1488.86,929.41,2013,24,1.049,SKU-CAN00477,Gaming Hardware,Lumen,Green,SUP033,China,2013-09-15,GST_STANDARD,Recycled box,True,True,"gaming hardware designed for competitive play and voice communication, in the lumen family and supplied by candle with a 24-month warranty."
PRD0478,Vela Pulse 577,Wearable,Vela,948.58,707.45,2017,12,0.111,SKU-VEL00478,Health Wearable,Nova,Graphite,SUP034,Korea,2017-03-09,GST_STANDARD,Recycled box,True,True,"health wearable designed for exercise session summaries, in the nova family and supplied by vela with a 12-month warranty."
PRD0479,Candle Vista 578,Networking,Candle,527.96,327.11,2016,24,0.686,SKU-CAN00479,Connected Network,Orbit,Red,SUP035,Korea,2016-09-08,GST_STANDARD,Recycled box,True,True,"connected network designed for video meetings and media streaming, in the orbit family and supplied by candle with a 24-month warranty."
PRD0480,Vela Core 579,Accessory,Vela,379.33,226.13,2015,12,0.133,SKU-VEL00480,Mobile Accessory,Pulse,Graphite,SUP036,Japan,2015-11-11,GST_STANDARD,Box,False,True,"mobile accessory designed for charging-cable organisation, in the pulse family and supplied by vela with a 12-month warranty."
PRD0481,Candle Lumen 580,Laptop,Candle,2924.28,1823.43,2014,24,1.576,SKU-CAN00481,Ultrabook,Quest,Blue,SUP037,China,2014-07-19,GST_STANDARD,Box,True,True,"ultrabook designed for shared home-office administration, in the quest family and supplied by candle with a 24-month warranty."
PRD0482,Vela Ridge 581,Smartphone,Vela,1511.77,834.48,2013,24,0.182,SKU-VEL00482,5G Smartphone,Ridge,Silver,SUP001,Malaysia,2013-11-27,GST_STANDARD,Protective case,True,True,"5g smartphone designed for travel planning and media use, in the ridge family and supplied by vela with a 24-month warranty."
PRD0483,Candle Arc 582,Tablet,Candle,998.58,752.42,2014,24,0.79,SKU-CAN00483,Productivity Tablet,Shift,Green,SUP002,Korea,2014-03-04,GST_STANDARD,Recycled box,True,True,"productivity tablet designed for family learning and shared browsing, in the shift family and supplied by candle with a 24-month warranty."
PRD0484,Vela Echo 583,Home Entertainment,Vela,1093.53,706.98,2013,24,7.935,SKU-VEL00484,Smart Display,Spark,Red,SUP003,Australia,2013-06-05,GST_STANDARD,Recycled box,False,True,"smart display designed for casual living-room gaming, in the spark family and supplied by vela with a 24-month warranty."
PRD0485,Candle Orbit 584,Audio,Candle,178.75,116.21,2016,12,0.634,SKU-CAN00485,Wireless Audio,Vista,Silver,SUP004,Australia,2016-08-06,GST_STANDARD,Recycled box,True,True,"wireless audio designed for shared-room music playback, in the vista family and supplied by candle with a 12-month warranty."
PRD0486,Vela Spark 585,Smart Home,Vela,297.99,181.65,2013,12,0.286,SKU-VEL00486,Home Automation,Wave,Graphite,SUP005,Malaysia,2013-02-10,GST_STANDARD,Recycled box,True,True,"home automation designed for door and window activity alerts, in the wave family and supplied by vela with a 12-month warranty."
PRD0487,Candle Bloom 586,Gaming,Candle,136.07,89.76,2017,24,1.474,SKU-CAN00487,Gaming Hardware,Arc,Blue,SUP006,Malaysia,2017-06-03,GST_STANDARD,Protective case,True,True,"gaming hardware designed for portable gaming and travel, in the arc family and supplied by candle with a 24-month warranty."
PRD0488,Vela Halo 587,Wearable,Vela,658.75,426.45,2014,12,0.131,SKU-VEL00488,Health Wearable,Atlas,Red,SUP007,Korea,2014-12-03,GST_STANDARD,Box,True,True,"health wearable designed for calendar alerts and quick message checks, in the atlas family and supplied by vela with a 12-month warranty."
PRD0489,Candle Quest 588,Networking,Candle,1207.96,663.36,2012,24,0.584,SKU-CAN00489,Connected Network,Bloom,Silver,SUP008,Malaysia,2012-09-12,GST_STANDARD,Protective case,True,True,"connected network designed for guest-network and device management, in the bloom family and supplied by candle with a 24-month warranty."
PRD0490,Vela Wave 589,Accessory,Vela,337.69,229.36,2012,12,0.193,SKU-VEL00490,Mobile Accessory,Core,Blue,SUP009,Malaysia,2012-12-27,GST_STANDARD,Recycled box,True,True,"mobile accessory designed for connecting several devices through one compact adapter, in the core family and supplied by vela with a 12-month warranty."
PRD0491,Candle Edge 590,Laptop,Candle,1885.4,1017.61,2014,24,1.783,SKU-CAN00491,Ultrabook,Edge,White,SUP010,Vietnam,2014-04-03,GST_STANDARD,Box,True,True,"ultrabook designed for travel-based work and presentations, in the edge family and supplied by candle with a 24-month warranty."
PRD0492,Vela Nova 591,Smartphone,Vela,961.25,628.48,2012,24,0.171,SKU-VEL00492,5G Smartphone,Echo,Graphite,SUP011,China,2012-09-25,GST_STANDARD,Protective case,True,True,"5g smartphone designed for family communication and casual apps, in the echo family and supplied by vela with a 24-month warranty."
PRD0493,Candle Shift 592,Tablet,Candle,1091.53,829.04,2012,24,0.581,SKU-CAN00493,Productivity Tablet,Flux,Blue,SUP012,China,2012-11-22,GST_STANDARD,Protective case,True,False,"productivity tablet designed for drawing and lightweight creative work, in the flux family and supplied by candle with a 24-month warranty."
PRD0494,Vela Atlas 593,Home Entertainment,Vela,1961.68,1340.28,2017,24,5.668,SKU-VEL00494,Smart Display,Halo,Green,SUP013,Australia,2017-10-11,GST_STANDARD,Box,True,True,"smart display designed for presentations and photo viewing, in the halo family and supplied by vela with a 24-month warranty."
PRD0495,Candle Flux 594,Audio,Candle,1086.82,731.06,2017,12,0.45,SKU-CAN00495,Wireless Audio,Lumen,Blue,SUP014,Korea,2017-10-09,GST_STANDARD,Box,True,True,"wireless audio designed for long listening sessions at home, in the lumen family and supplied by candle with a 12-month warranty."
PRD0496,Vela Pulse 595,Smart Home,Vela,223.21,161.06,2016,12,0.37,SKU-VEL00496,Home Automation,Nova,White,SUP015,Australia,2016-10-24,GST_STANDARD,Box,False,True,"home automation designed for automated blind and curtain routines, in the nova family and supplied by vela with a 12-month warranty."
PRD0497,Candle Vista 596,Gaming,Candle,2082.0,1326.72,2012,24,1.029,SKU-CAN00497,Gaming Hardware,Orbit,Black,SUP016,Japan,2012-03-03,GST_STANDARD,Protective case,True,True,"gaming hardware designed for game streaming and media capture, in the orbit family and supplied by candle with a 24-month warranty."
PRD0498,Vela Core 597,Wearable,Vela,536.61,284.29,2013,12,0.113,SKU-VEL00498,Health Wearable,Pulse,Green,SUP017,Japan,2013-06-03,GST_STANDARD,Recycled box,True,True,"health wearable designed for habit reminders and everyday timekeeping, in the pulse family and supplied by vela with a 12-month warranty."
PRD0499,Candle Lumen 598,Networking,Candle,253.73,188.42,2016,24,0.712,SKU-CAN00499,Connected Network,Quest,Black,SUP018,Malaysia,2016-01-07,GST_STANDARD,Recycled box,True,True,"connected network designed for extending coverage between rooms, in the quest family and supplied by candle with a 24-month warranty."
PRD0500,Vela Ridge 599,Accessory,Vela,250.29,145.92,2017,12,0.146,SKU-VEL00500,Mobile Accessory,Ridge,White,SUP019,Australia,2017-07-18,GST_STANDARD,Protective case,False,True,"mobile accessory designed for hands-free device support in a shared workspace, in the ridge family and supplied by vela with a 12-month warranty."
PRD0501,Candle Arc 600,Laptop,Candle,2831.58,1703.88,2013,24,1.6,SKU-CAN00501,Ultrabook,Shift,Green,SUP020,Japan,2013-11-17,GST_STANDARD,Protective case,False,True,"ultrabook designed for portable document work and video meetings, in the shift family and supplied by candle with a 24-month warranty."
PRD0502,Vela Echo 601,Smartphone,Vela,1737.87,965.2,2014,24,0.184,SKU-VEL00502,5G Smartphone,Spark,White,SUP021,Malaysia,2014-02-21,GST_STANDARD,Protective case,False,True,"5g smartphone designed for daily communication and navigation, in the spark family and supplied by vela with a 24-month warranty."
PRD0503,Candle Orbit 602,Tablet,Candle,946.68,470.27,2015,24,0.632,SKU-CAN00503,Productivity Tablet,Vista,Red,SUP022,Australia,2015-01-22,GST_STANDARD,Recycled box,False,True,"productivity tablet designed for reading, annotation and handwritten notes, in the vista family and supplied by candle with a 24-month warranty."
PRD0504,Vela Spark 603,Home Entertainment,Vela,3043.58,2184.74,2017,24,9.269,SKU-VEL00504,Smart Display,Wave,Silver,SUP023,China,2017-08-18,GST_STANDARD,Protective case,True,True,"smart display designed for shared film and television viewing, in the wave family and supplied by vela with a 24-month warranty."
PRD0505,Candle Bloom 604,Audio,Candle,967.54,535.05,2015,12,0.488,SKU-CAN00505,Wireless Audio,Arc,Graphite,SUP024,China,2015-06-08,GST_STANDARD,Protective case,True,True,"wireless audio designed for commuting and spoken-content listening, in the arc family and supplied by candle with a 12-month warranty."
PRD0506,Vela Halo 605,Smart Home,Vela,760.73,379.92,2017,12,0.378,SKU-VEL00506,Home Automation,Atlas,Red,SUP025,China,2017-04-06,GST_STANDARD,Box,False,False,"home automation designed for app-controlled room lighting, in the atlas family and supplied by vela with a 12-month warranty."
PRD0507,Candle Quest 606,Gaming,Candle,2282.08,1578.25,2015,24,1.599,SKU-CAN00507,Gaming Hardware,Bloom,Green,SUP026,Korea,2015-12-18,GST_STANDARD,Box,True,True,"gaming hardware designed for long desktop gaming sessions, in the bloom family and supplied by candle with a 24-month warranty."
PRD0508,Vela Wave 607,Wearable,Vela,652.45,495.4,2016,12,0.159,SKU-VEL00508,Health Wearable,Core,Graphite,SUP027,Korea,2016-04-21,GST_STANDARD,Recycled box,True,True,"health wearable designed for daily activity and sleep tracking, in the core family and supplied by vela with a 12-month warranty."
PRD0509,Candle Edge 608,Networking,Candle,306.02,201.38,2012,24,0.658,SKU-CAN00509,Connected Network,Edge,White,SUP028,Japan,2012-04-20,GST_STANDARD,Protective case,True,True,"connected network designed for home-office wireless coverage, in the edge family and supplied by candle with a 24-month warranty."
PRD0510,Vela Nova 609,Accessory,Vela,176.33,110.79,2012,12,0.176,SKU-VEL00510,Mobile Accessory,Echo,White,SUP029,Malaysia,2012-10-04,GST_STANDARD,Recycled box,False,True,"mobile accessory designed for adjustable desk mounting and device positioning, in the echo family and supplied by vela with a 12-month warranty."
PRD0511,Candle Shift 610,Laptop,Candle,2672.61,1767.54,2016,24,1.623,SKU-CAN00511,Ultrabook,Flux,Blue,SUP030,Korea,2016-05-06,GST_STANDARD,Recycled box,True,True,"ultrabook designed for study, research and note taking, in the flux family and supplied by candle with a 24-month warranty."
PRD0512,Vela Atlas 611,Smartphone,Vela,1057.04,512.59,2016,24,0.23,SKU-VEL00512,5G Smartphone,Halo,Red,SUP031,Korea,2016-06-23,GST_STANDARD,Protective case,True,True,"5g smartphone designed for mobile photography and messaging, in the halo family and supplied by vela with a 24-month warranty."
PRD0513,Candle Flux 612,Tablet,Candle,532.33,322.37,2015,24,0.778,SKU-CAN00513,Productivity Tablet,Lumen,Gold,SUP032,Japan,2015-01-26,GST_STANDARD,Recycled box,True,True,"productivity tablet designed for portable media and video calls, in the lumen family and supplied by candle with a 24-month warranty."
PRD0514,Vela Pulse 613,Home Entertainment,Vela,1035.93,611.23,2014,24,9.943,SKU-VEL00514,Smart Display,Nova,Red,SUP033,Korea,2014-08-09,GST_STANDARD,Box,True,True,"smart display designed for music and spoken-content playback, in the nova family and supplied by vela with a 24-month warranty."
PRD0515,Candle Vista 614,Audio,Candle,1139.31,631.37,2012,12,0.376,SKU-CAN00515,Wireless Audio,Orbit,White,SUP034,Korea,2012-09-09,GST_STANDARD,Protective case,True,True,"wireless audio designed for music during focused desk work, in the orbit family and supplied by candle with a 12-month warranty."
PRD0516,Vela Core 615,Smart Home,Vela,293.41,191.74,2015,12,0.463,SKU-VEL00516,Home Automation,Pulse,Black,SUP035,Australia,2015-07-07,GST_STANDARD,Box,True,True,"home automation designed for scheduled control of a household power outlet, in the pulse family and supplied by vela with a 12-month warranty."
PRD0517,Candle Lumen 616,Gaming,Candle,466.6,332.56,2015,24,1.346,SKU-CAN00517,Gaming Hardware,Quest,Silver,SUP036,Korea,2015-01-26,GST_STANDARD,Protective case,True,True,"gaming hardware designed for casual games in a shared room, in the quest family and supplied by candle with a 24-month warranty."
PRD0518,Vela Ridge 617,Wearable,Vela,365.35,202.91,2015,12,0.121,SKU-VEL00518,Health Wearable,Ridge,Green,SUP037,China,2015-09-04,GST_STANDARD,Recycled box,True,True,"health wearable designed for walking and commute notifications, in the ridge family and supplied by vela with a 12-month warranty."
PRD0519,Candle Arc 618,Networking,Candle,1464.8,1063.91,2015,24,0.747,SKU-CAN00519,Connected Network,Shift,Blue,SUP001,Japan,2015-05-13,GST_STANDARD,Recycled box,True,True,"connected network designed for connecting several shared household devices, in the shift family and supplied by candle with a 24-month warranty."
PRD0520,Vela Echo 619,Accessory,Vela,298.12,191.49,2015,12,0.21,SKU-VEL00520,Mobile Accessory,Spark,Red,SUP002,Malaysia,2015-04-26,GST_STANDARD,Box,False,True,"mobile accessory designed for protective storage during travel, in the spark family and supplied by vela with a 12-month warranty."
PRD0521,Candle Orbit 620,Laptop,Candle,2581.65,1809.72,2015,24,1.886,SKU-CAN00521,Ultrabook,Vista,Graphite,SUP003,Korea,2015-09-23,GST_STANDARD,Recycled box,False,False,"ultrabook designed for creative projects and media editing, in the vista family and supplied by candle with a 24-month warranty."
PRD0522,Vela Spark 621,Smartphone,Vela,1323.78,878.63,2013,24,0.284,SKU-VEL00522,5G Smartphone,Wave,Green,SUP004,Australia,2013-04-14,GST_STANDARD,Recycled box,True,True,"5g smartphone designed for work calls and calendar management, in the wave family and supplied by vela with a 24-month warranty."
PRD0523,Candle Bloom 622,Tablet,Candle,462.11,235.69,2016,24,0.835,SKU-CAN00523,Productivity Tablet,Arc,Black,SUP005,Malaysia,2016-12-12,GST_STANDARD,Protective case,False,True,"productivity tablet designed for field forms and client presentations, in the arc family and supplied by candle with a 24-month warranty."
PRD0524,Vela Halo 623,Home Entertainment,Vela,3613.52,2309.45,2013,24,9.885,SKU-VEL00524,Smart Display,Atlas,Gold,SUP006,Korea,2013-06-21,GST_STANDARD,Box,True,True,"smart display designed for family media streaming, in the atlas family and supplied by vela with a 24-month warranty."
PRD0525,Candle Quest 624,Audio,Candle,589.06,436.6,2017,12,0.437,SKU-CAN00525,Wireless Audio,Bloom,White,SUP007,Malaysia,2017-12-19,GST_STANDARD,Box,True,True,"wireless audio designed for video calls and online classes, in the bloom family and supplied by candle with a 12-month warranty."
PRD0526,Vela Wave 625,Smart Home,Vela,84.58,50.06,2014,12,0.313,SKU-VEL00526,Home Automation,Core,Black,SUP008,Vietnam,2014-09-20,GST_STANDARD,Protective case,False,True,"home automation designed for indoor temperature and humidity monitoring, in the core family and supplied by vela with a 12-month warranty."
PRD0527,Candle Edge 626,Gaming,Candle,2076.11,1062.9,2016,24,1.269,SKU-CAN00527,Gaming Hardware,Edge,Black,SUP009,Korea,2016-04-08,GST_STANDARD,Recycled box,True,True,"gaming hardware designed for competitive play and voice communication, in the edge family and supplied by candle with a 24-month warranty."
PRD0528,Vela Nova 627,Wearable,Vela,386.06,193.59,2013,12,0.095,SKU-VEL00528,Health Wearable,Echo,Silver,SUP010,Malaysia,2013-08-25,GST_STANDARD,Protective case,False,True,"health wearable designed for exercise session summaries, in the echo family and supplied by vela with a 12-month warranty."
PRD0529,Candle Shift 628,Networking,Candle,915.61,563.72,2013,24,0.587,SKU-CAN00529,Connected Network,Flux,Black,SUP011,Vietnam,2013-01-21,GST_STANDARD,Box,True,True,"connected network designed for video meetings and media streaming, in the flux family and supplied by candle with a 24-month warranty."
PRD0530,Vela Atlas 629,Accessory,Vela,210.45,158.7,2014,12,0.213,SKU-VEL00530,Mobile Accessory,Halo,White,SUP012,Japan,2014-12-12,GST_STANDARD,Protective case,True,True,"mobile accessory designed for charging-cable organisation, in the halo family and supplied by vela with a 12-month warranty."
PRD0531,Candle Flux 630,Laptop,Candle,2292.33,1726.07,2012,24,1.705,SKU-CAN00531,Ultrabook,Lumen,Blue,SUP013,Australia,2012-07-01,GST_STANDARD,Recycled box,True,True,"ultrabook designed for shared home-office administration, in the lumen family and supplied by candle with a 24-month warranty."
PRD0532,Vela Pulse 631,Smartphone,Vela,1430.86,714.46,2014,24,0.208,SKU-VEL00532,5G Smartphone,Nova,Graphite,SUP014,Korea,2014-04-25,GST_STANDARD,Box,True,True,"5g smartphone designed for travel planning and media use, in the nova family and supplied by vela with a 24-month warranty."
PRD0533,Candle Vista 632,Tablet,Candle,367.95,241.52,2013,24,0.69,SKU-CAN00533,Productivity Tablet,Orbit,Green,SUP015,China,2013-05-21,GST_STANDARD,Protective case,True,True,"productivity tablet designed for family learning and shared browsing, in the orbit family and supplied by candle with a 24-month warranty."
PRD0534,Vela Core 633,Home Entertainment,Vela,3831.9,2065.46,2017,24,10.121,SKU-VEL00534,Smart Display,Pulse,Red,SUP016,China,2017-01-24,GST_STANDARD,Recycled box,False,True,"smart display designed for casual living-room gaming, in the pulse family and supplied by vela with a 24-month warranty."
PRD0535,Candle Lumen 634,Audio,Candle,1030.78,535.54,2015,12,0.501,SKU-CAN00535,Wireless Audio,Quest,Gold,SUP017,Malaysia,2015-12-02,GST_STANDARD,Protective case,False,True,"wireless audio designed for shared-room music playback, in the quest family and supplied by candle with a 12-month warranty."
PRD0536,Vela Ridge 635,Smart Home,Vela,274.78,208.27,2015,12,0.475,SKU-VEL00536,Home Automation,Ridge,Red,SUP018,China,2015-04-24,GST_STANDARD,Recycled box,False,True,"home automation designed for door and window activity alerts, in the ridge family and supplied by vela with a 12-month warranty."
PRD0537,Candle Arc 636,Gaming,Candle,669.66,482.25,2012,24,1.641,SKU-CAN00537,Gaming Hardware,Shift,Graphite,SUP019,Australia,2012-05-13,GST_STANDARD,Recycled box,True,True,"gaming hardware designed for portable gaming and travel, in the shift family and supplied by candle with a 24-month warranty."
PRD0538,Vela Echo 637,Wearable,Vela,986.28,712.86,2013,12,0.099,SKU-VEL00538,Health Wearable,Spark,Silver,SUP020,Korea,2013-09-24,GST_STANDARD,Protective case,True,True,"health wearable designed for calendar alerts and quick message checks, in the spark family and supplied by vela with a 12-month warranty."
PRD0539,Candle Orbit 638,Networking,Candle,968.63,683.75,2013,24,0.874,SKU-CAN00539,Connected Network,Vista,Blue,SUP021,Australia,2013-07-16,GST_STANDARD,Protective case,True,True,"connected network designed for guest-network and device management, in the vista family and supplied by candle with a 24-month warranty."
PRD0540,Vela Spark 639,Accessory,Vela,369.8,276.88,2016,12,0.177,SKU-VEL00540,Mobile Accessory,Wave,Black,SUP022,China,2016-07-16,GST_STANDARD,Protective case,False,True,"mobile accessory designed for connecting several devices through one compact adapter, in the wave family and supplied by vela with a 12-month warranty."
PRD0541,Candle Bloom 640,Laptop,Candle,3125.61,1579.1,2012,24,1.46,SKU-CAN00541,Ultrabook,Arc,Graphite,SUP023,Australia,2012-11-08,GST_STANDARD,Box,True,False,"ultrabook designed for travel-based work and presentations, in the arc family and supplied by candle with a 24-month warranty."
PRD0542,Vela Halo 641,Smartphone,Vela,1746.75,984.91,2014,24,0.263,SKU-VEL00542,5G Smartphone,Atlas,Green,SUP024,Korea,2014-11-05,GST_STANDARD,Box,True,True,"5g smartphone designed for family communication and casual apps, in the atlas family and supplied by vela with a 24-month warranty."
PRD0543,Candle Quest 642,Tablet,Candle,303.53,161.02,2016,24,0.515,SKU-CAN00543,Productivity Tablet,Bloom,Silver,SUP025,Malaysia,2016-11-11,GST_STANDARD,Protective case,True,True,"productivity tablet designed for drawing and lightweight creative work, in the bloom family and supplied by candle with a 24-month warranty."
PRD0544,Vela Wave 643,Home Entertainment,Vela,975.01,681.69,2013,24,9.86,SKU-VEL00544,Smart Display,Core,Red,SUP026,Japan,2013-06-07,GST_STANDARD,Recycled box,True,True,"smart display designed for presentations and photo viewing, in the core family and supplied by vela with a 24-month warranty."
PRD0545,Candle Edge 644,Audio,Candle,219.94,162.89,2017,12,0.394,SKU-CAN00545,Wireless Audio,Edge,Blue,SUP027,Australia,2017-10-26,GST_STANDARD,Box,True,True,"wireless audio designed for long listening sessions at home, in the edge family and supplied by candle with a 12-month warranty."
PRD0546,Vela Nova 645,Smart Home,Vela,401.4,218.5,2016,12,0.36,SKU-VEL00546,Home Automation,Echo,Silver,SUP028,Australia,2016-04-14,GST_STANDARD,Recycled box,True,True,"home automation designed for automated blind and curtain routines, in the echo family and supplied by vela with a 12-month warranty."
PRD0547,Candle Shift 646,Gaming,Candle,2316.63,1275.01,2017,24,1.308,SKU-CAN00547,Gaming Hardware,Flux,Green,SUP029,Japan,2017-06-10,GST_STANDARD,Protective case,False,True,"gaming hardware designed for game streaming and media capture, in the flux family and supplied by candle with a 24-month warranty."
PRD0548,Vela Atlas 647,Wearable,Vela,957.21,656.29,2015,12,0.111,SKU-VEL00548,Health Wearable,Halo,Red,SUP030,Japan,2015-07-24,GST_STANDARD,Recycled box,True,True,"health wearable designed for habit reminders and everyday timekeeping, in the halo family and supplied by vela with a 12-month warranty."
PRD0549,Candle Flux 648,Networking,Candle,290.7,174.63,2016,24,0.531,SKU-CAN00549,Connected Network,Lumen,Black,SUP031,Japan,2016-11-15,GST_STANDARD,Box,True,True,"connected network designed for extending coverage between rooms, in the lumen family and supplied by candle with a 24-month warranty."
PRD0550,Vela Pulse 649,Accessory,Vela,178.21,106.44,2016,12,0.231,SKU-VEL00550,Mobile Accessory,Nova,Silver,SUP032,Australia,2016-07-19,GST_STANDARD,Box,True,False,"mobile accessory designed for hands-free device support in a shared workspace, in the nova family and supplied by vela with a 12-month warranty."
PRD0551,Candle Vista 650,Laptop,Candle,2017.82,1458.27,2015,24,1.086,SKU-CAN00551,Ultrabook,Orbit,Green,SUP033,China,2015-10-11,GST_STANDARD,Recycled box,False,True,"ultrabook designed for portable document work and video meetings, in the orbit family and supplied by candle with a 24-month warranty."
PRD0552,Vela Core 651,Smartphone,Vela,1741.06,1073.17,2012,24,0.159,SKU-VEL00552,5G Smartphone,Pulse,Graphite,SUP034,Malaysia,2012-02-13,GST_STANDARD,Box,True,True,"5g smartphone designed for daily communication and navigation, in the pulse family and supplied by vela with a 24-month warranty."
PRD0553,Candle Lumen 652,Tablet,Candle,1464.9,721.28,2017,24,0.796,SKU-CAN00553,Productivity Tablet,Quest,White,SUP035,China,2017-07-08,GST_STANDARD,Recycled box,False,True,"productivity tablet designed for reading, annotation and handwritten notes, in the quest family and supplied by candle with a 24-month warranty."
PRD0554,Vela Ridge 653,Home Entertainment,Vela,2812.01,1434.54,2017,24,8.68,SKU-VEL00554,Smart Display,Ridge,Black,SUP036,Vietnam,2017-10-15,GST_STANDARD,Protective case,True,True,"smart display designed for shared film and television viewing, in the ridge family and supplied by vela with a 24-month warranty."
PRD0555,Candle Arc 654,Audio,Candle,1183.16,647.81,2013,12,0.456,SKU-CAN00555,Wireless Audio,Shift,Black,SUP037,Korea,2013-03-02,GST_STANDARD,Box,False,True,"wireless audio designed for commuting and spoken-content listening, in the shift family and supplied by candle with a 12-month warranty."
PRD0556,Vela Echo 655,Smart Home,Vela,177.48,100.38,2016,12,0.474,SKU-VEL00556,Home Automation,Spark,Blue,SUP001,Malaysia,2016-10-24,GST_STANDARD,Box,True,True,"home automation designed for app-controlled room lighting, in the spark family and supplied by vela with a 12-month warranty."
PRD0557,Candle Orbit 656,Gaming,Candle,743.48,481.96,2017,24,1.261,SKU-CAN00557,Gaming Hardware,Vista,Red,SUP002,Vietnam,2017-04-15,GST_STANDARD,Recycled box,False,True,"gaming hardware designed for long desktop gaming sessions, in the vista family and supplied by candle with a 24-month warranty."
PRD0558,Vela Spark 657,Wearable,Vela,1044.96,588.96,2015,12,0.162,SKU-VEL00558,Health Wearable,Wave,Red,SUP003,Korea,2015-10-15,GST_STANDARD,Recycled box,True,True,"health wearable designed for daily activity and sleep tracking, in the wave family and supplied by vela with a 12-month warranty."
PRD0559,Candle Bloom 658,Networking,Candle,1357.1,684.87,2017,24,0.809,SKU-CAN00559,Connected Network,Arc,Black,SUP004,Malaysia,2017-11-19,GST_STANDARD,Protective case,False,True,"connected network designed for home-office wireless coverage, in the arc family and supplied by candle with a 24-month warranty."
PRD0560,Vela Halo 659,Accessory,Vela,414.95,305.4,2017,12,0.22,SKU-VEL00560,Mobile Accessory,Atlas,Gold,SUP005,Malaysia,2017-02-24,GST_STANDARD,Recycled box,False,True,"mobile accessory designed for adjustable desk mounting and device positioning, in the atlas family and supplied by vela with a 12-month warranty."
PRD0561,Candle Quest 660,Laptop,Candle,951.61,715.97,2012,24,2.036,SKU-CAN00561,Ultrabook,Bloom,Silver,SUP006,Malaysia,2012-08-21,GST_STANDARD,Protective case,True,True,"ultrabook designed for study, research and note taking, in the bloom family and supplied by candle with a 24-month warranty."
PRD0562,Vela Wave 661,Smartphone,Vela,1226.97,764.45,2012,24,0.198,SKU-VEL00562,5G Smartphone,Core,Black,SUP007,Australia,2012-08-03,GST_STANDARD,Box,True,True,"5g smartphone designed for mobile photography and messaging, in the core family and supplied by vela with a 24-month warranty."
PRD0563,Candle Edge 662,Tablet,Candle,530.17,392.47,2017,24,0.84,SKU-CAN00563,Productivity Tablet,Edge,Black,SUP008,Korea,2017-04-26,GST_STANDARD,Protective case,True,True,"productivity tablet designed for portable media and video calls, in the edge family and supplied by candle with a 24-month warranty."
PRD0564,Vela Nova 663,Home Entertainment,Vela,3629.67,1854.83,2016,24,9.9,SKU-VEL00564,Smart Display,Echo,Red,SUP009,Vietnam,2016-05-24,GST_STANDARD,Box,True,True,"smart display designed for music and spoken-content playback, in the echo family and supplied by vela with a 24-month warranty."
PRD0565,Candle Shift 664,Audio,Candle,294.27,146.9,2012,12,0.415,SKU-CAN00565,Wireless Audio,Flux,Silver,SUP010,China,2012-10-20,GST_STANDARD,Recycled box,False,True,"wireless audio designed for music during focused desk work, in the flux family and supplied by candle with a 12-month warranty."
PRD0566,Vela Atlas 665,Smart Home,Vela,665.53,470.33,2017,12,0.341,SKU-VEL00566,Home Automation,Halo,Gold,SUP011,Korea,2017-09-19,GST_STANDARD,Box,True,True,"home automation designed for scheduled control of a household power outlet, in the halo family and supplied by vela with a 12-month warranty."
PRD0567,Candle Flux 666,Gaming,Candle,1250.81,747.6,2017,24,1.547,SKU-CAN00567,Gaming Hardware,Lumen,Red,SUP012,Korea,2017-02-24,GST_STANDARD,Box,True,True,"gaming hardware designed for casual games in a shared room, in the lumen family and supplied by candle with a 24-month warranty."
PRD0568,Vela Pulse 667,Wearable,Vela,237.73,158.71,2017,12,0.16,SKU-VEL00568,Health Wearable,Nova,Silver,SUP013,Malaysia,2017-12-27,GST_STANDARD,Recycled box,False,True,"health wearable designed for walking and commute notifications, in the nova family and supplied by vela with a 12-month warranty."
PRD0569,Candle Vista 668,Networking,Candle,238.57,171.44,2012,24,0.543,SKU-CAN00569,Connected Network,Orbit,Blue,SUP014,China,2012-07-14,GST_STANDARD,Box,True,True,"connected network designed for connecting several shared household devices, in the orbit family and supplied by candle with a 24-month warranty."
PRD0570,Vela Core 669,Accessory,Vela,394.68,257.82,2013,12,0.215,SKU-VEL00570,Mobile Accessory,Pulse,Red,SUP015,China,2013-10-26,GST_STANDARD,Recycled box,True,True,"mobile accessory designed for protective storage during travel, in the pulse family and supplied by vela with a 12-month warranty."
PRD0571,Candle Lumen 670,Laptop,Candle,1263.4,904.51,2012,24,1.681,SKU-CAN00571,Ultrabook,Quest,Gold,SUP016,Japan,2012-06-21,GST_STANDARD,Box,False,True,"ultrabook designed for creative projects and media editing, in the quest family and supplied by candle with a 24-month warranty."
PRD0572,Vela Ridge 671,Smartphone,Vela,1821.3,895.41,2013,24,0.265,SKU-VEL00572,5G Smartphone,Ridge,Red,SUP017,Korea,2013-11-07,GST_STANDARD,Protective case,False,True,"5g smartphone designed for work calls and calendar management, in the ridge family and supplied by vela with a 24-month warranty."
PRD0573,Candle Arc 672,Tablet,Candle,281.0,187.07,2017,24,0.65,SKU-CAN00573,Productivity Tablet,Shift,Black,SUP018,Australia,2017-03-19,GST_STANDARD,Protective case,True,True,"productivity tablet designed for field forms and client presentations, in the shift family and supplied by candle with a 24-month warranty."
PRD0574,Vela Echo 673,Home Entertainment,Vela,3665.3,2547.54,2012,24,5.509,SKU-VEL00574,Smart Display,Spark,Red,SUP019,Malaysia,2012-06-09,GST_STANDARD,Recycled box,True,True,"smart display designed for family media streaming, in the spark family and supplied by vela with a 24-month warranty."
PRD0575,Candle Orbit 674,Audio,Candle,177.67,93.66,2015,12,0.434,SKU-CAN00575,Wireless Audio,Vista,Gold,SUP020,Vietnam,2015-06-22,GST_STANDARD,Box,True,True,"wireless audio designed for video calls and online classes, in the vista family and supplied by candle with a 12-month warranty."
PRD0576,Vela Spark 675,Smart Home,Vela,30.87,15.25,2016,12,0.369,SKU-VEL00576,Home Automation,Wave,Blue,SUP021,Japan,2016-03-17,GST_STANDARD,Recycled box,True,True,"home automation designed for indoor temperature and humidity monitoring, in the wave family and supplied by vela with a 12-month warranty."
PRD0577,Candle Bloom 676,Gaming,Candle,2330.53,1705.84,2013,24,1.26,SKU-CAN00577,Gaming Hardware,Arc,Gold,SUP022,Japan,2013-08-07,GST_STANDARD,Recycled box,False,True,"gaming hardware designed for competitive play and voice communication, in the arc family and supplied by candle with a 24-month warranty."
PRD0578,Vela Halo 677,Wearable,Vela,718.33,478.86,2012,12,0.096,SKU-VEL00578,Health Wearable,Atlas,Graphite,SUP023,China,2012-10-18,GST_STANDARD,Recycled box,True,True,"health wearable designed for exercise session summaries, in the atlas family and supplied by vela with a 12-month warranty."
PRD0579,Candle Quest 678,Networking,Candle,1153.54,631.81,2015,24,0.898,SKU-CAN00579,Connected Network,Bloom,Black,SUP024,Japan,2015-12-26,GST_STANDARD,Protective case,False,True,"connected network designed for video meetings and media streaming, in the bloom family and supplied by candle with a 24-month warranty."
PRD0580,Vela Wave 679,Accessory,Vela,180.48,90.05,2017,12,0.184,SKU-VEL00580,Mobile Accessory,Core,Black,SUP025,Vietnam,2017-02-18,GST_STANDARD,Protective case,True,True,"mobile accessory designed for charging-cable organisation, in the core family and supplied by vela with a 12-month warranty."
PRD0581,Candle Edge 680,Laptop,Candle,2588.97,1350.17,2015,24,1.378,SKU-CAN00581,Ultrabook,Edge,Blue,SUP026,Japan,2015-03-02,GST_STANDARD,Protective case,False,True,"ultrabook designed for shared home-office administration, in the edge family and supplied by candle with a 24-month warranty."
PRD0582,Vela Nova 681,Smartphone,Vela,1854.66,1169.62,2013,24,0.209,SKU-VEL00582,5G Smartphone,Echo,Gold,SUP027,Malaysia,2013-11-09,GST_STANDARD,Recycled box,False,True,"5g smartphone designed for travel planning and media use, in the echo family and supplied by vela with a 24-month warranty."
PRD0583,Candle Shift 682,Tablet,Candle,1333.03,716.43,2016,24,0.644,SKU-CAN00583,Productivity Tablet,Flux,Silver,SUP028,Malaysia,2016-04-18,GST_STANDARD,Box,True,True,"productivity tablet designed for family learning and shared browsing, in the flux family and supplied by candle with a 24-month warranty."
PRD0584,Vela Atlas 683,Home Entertainment,Vela,2264.13,1555.0,2012,24,6.31,SKU-VEL00584,Smart Display,Halo,Graphite,SUP029,China,2012-11-04,GST_STANDARD,Protective case,True,False,"smart display designed for casual living-room gaming, in the halo family and supplied by vela with a 24-month warranty."
PRD0585,Candle Flux 684,Audio,Candle,81.84,45.24,2015,12,0.576,SKU-CAN00585,Wireless Audio,Lumen,Gold,SUP030,Malaysia,2015-06-19,GST_STANDARD,Box,True,True,"wireless audio designed for shared-room music playback, in the lumen family and supplied by candle with a 12-month warranty."
PRD0586,Vela Pulse 685,Smart Home,Vela,110.38,74.78,2012,12,0.293,SKU-VEL00586,Home Automation,Nova,Gold,SUP031,Vietnam,2012-06-15,GST_STANDARD,Recycled box,True,True,"home automation designed for door and window activity alerts, in the nova family and supplied by vela with a 12-month warranty."
PRD0587,Candle Vista 686,Gaming,Candle,1683.8,863.74,2015,24,1.462,SKU-CAN00587,Gaming Hardware,Orbit,Red,SUP032,Japan,2015-04-10,GST_STANDARD,Box,False,True,"gaming hardware designed for portable gaming and travel, in the orbit family and supplied by candle with a 24-month warranty."
PRD0588,Vela Core 687,Wearable,Vela,828.34,513.78,2017,12,0.136,SKU-VEL00588,Health Wearable,Pulse,Graphite,SUP033,China,2017-05-07,GST_STANDARD,Recycled box,True,True,"health wearable designed for calendar alerts and quick message checks, in the pulse family and supplied by vela with a 12-month warranty."
PRD0589,Candle Lumen 688,Networking,Candle,241.6,132.19,2017,24,0.86,SKU-CAN00589,Connected Network,Quest,Silver,SUP034,Australia,2017-09-09,GST_STANDARD,Box,True,True,"connected network designed for guest-network and device management, in the quest family and supplied by candle with a 24-month warranty."
PRD0590,Vela Ridge 689,Accessory,Vela,320.53,215.48,2012,12,0.172,SKU-VEL00590,Mobile Accessory,Ridge,Black,SUP035,Japan,2012-02-04,GST_STANDARD,Box,False,True,"mobile accessory designed for connecting several devices through one compact adapter, in the ridge family and supplied by vela with a 12-month warranty."
PRD0591,Candle Arc 690,Laptop,Candle,2122.13,1364.8,2017,24,1.867,SKU-CAN00591,Ultrabook,Shift,Black,SUP036,Malaysia,2017-06-11,GST_STANDARD,Protective case,False,True,"ultrabook designed for travel-based work and presentations, in the shift family and supplied by candle with a 24-month warranty."
PRD0592,Vela Echo 691,Smartphone,Vela,471.73,310.58,2013,24,0.25,SKU-VEL00592,5G Smartphone,Spark,Silver,SUP037,Vietnam,2013-05-25,GST_STANDARD,Recycled box,True,True,"5g smartphone designed for family communication and casual apps, in the spark family and supplied by vela with a 24-month warranty."
PRD0593,Candle Orbit 692,Tablet,Candle,703.89,514.9,2012,24,0.476,SKU-CAN00593,Productivity Tablet,Vista,Graphite,SUP001,China,2012-04-16,GST_STANDARD,Recycled box,False,True,"productivity tablet designed for drawing and lightweight creative work, in the vista family and supplied by candle with a 24-month warranty."
PRD0594,Vela Spark 693,Home Entertainment,Vela,2046.58,1555.08,2014,24,6.006,SKU-VEL00594,Smart Display,Wave,Blue,SUP002,Korea,2014-12-24,GST_STANDARD,Protective case,True,True,"smart display designed for presentations and photo viewing, in the wave family and supplied by vela with a 24-month warranty."
PRD0595,Candle Bloom 694,Audio,Candle,758.18,395.17,2017,12,0.662,SKU-CAN00595,Wireless Audio,Arc,Blue,SUP003,Malaysia,2017-11-07,GST_STANDARD,Box,True,True,"wireless audio designed for long listening sessions at home, in the arc family and supplied by candle with a 12-month warranty."
PRD0596,Vela Halo 695,Smart Home,Vela,846.46,628.67,2016,12,0.294,SKU-VEL00596,Home Automation,Atlas,Graphite,SUP004,Korea,2016-12-10,GST_STANDARD,Protective case,True,True,"home automation designed for automated blind and curtain routines, in the atlas family and supplied by vela with a 12-month warranty."
PRD0597,Candle Quest 696,Gaming,Candle,1647.12,965.02,2013,24,1.528,SKU-CAN00597,Gaming Hardware,Bloom,Graphite,SUP005,Australia,2013-02-20,GST_STANDARD,Recycled box,True,True,"gaming hardware designed for game streaming and media capture, in the bloom family and supplied by candle with a 24-month warranty."
PRD0598,Vela Wave 697,Wearable,Vela,825.04,534.3,2016,12,0.16,SKU-VEL00598,Health Wearable,Core,White,SUP006,China,2016-12-27,GST_STANDARD,Recycled box,True,True,"health wearable designed for habit reminders and everyday timekeeping, in the core family and supplied by vela with a 12-month warranty."
PRD0599,Candle Edge 698,Networking,Candle,854.55,491.86,2017,24,0.568,SKU-CAN00599,Connected Network,Edge,Silver,SUP007,Australia,2017-03-23,GST_STANDARD,Protective case,True,True,"connected network designed for extending coverage between rooms, in the edge family and supplied by candle with a 24-month warranty."
PRD0600,Vela Nova 699,Accessory,Vela,198.56,146.21,2015,12,0.189,SKU-VEL00600,Mobile Accessory,Echo,Graphite,SUP008,Vietnam,2015-04-04,GST_STANDARD,Box,True,True,"mobile accessory designed for hands-free device support in a shared workspace, in the echo family and supplied by vela with a 12-month warranty."
PRD0601,Candle Shift 700,Laptop,Candle,2323.87,1504.38,2015,24,1.639,SKU-CAN00601,Ultrabook,Flux,Silver,SUP009,Malaysia,2015-10-19,GST_STANDARD,Recycled box,True,True,"ultrabook designed for portable document work and video meetings, in the flux family and supplied by candle with a 24-month warranty."
PRD0602,Vela Atlas 701,Smartphone,Vela,1093.07,685.04,2015,24,0.271,SKU-VEL00602,5G Smartphone,Halo,Green,SUP010,Malaysia,2015-05-17,GST_STANDARD,Recycled box,True,True,"5g smartphone designed for daily communication and navigation, in the halo family and supplied by vela with a 24-month warranty."
PRD0603,Candle Flux 702,Tablet,Candle,851.99,509.68,2014,24,0.489,SKU-CAN00603,Productivity Tablet,Lumen,Gold,SUP011,Australia,2014-01-21,GST_STANDARD,Box,True,True,"productivity tablet designed for reading, annotation and handwritten notes, in the lumen family and supplied by candle with a 24-month warranty."
PRD0604,Vela Pulse 703,Home Entertainment,Vela,3124.49,2066.48,2015,24,9.759,SKU-VEL00604,Smart Display,Nova,Green,SUP012,China,2015-12-27,GST_STANDARD,Protective case,False,True,"smart display designed for shared film and television viewing, in the nova family and supplied by vela with a 24-month warranty."
PRD0605,Candle Vista 704,Audio,Candle,903.46,643.35,2016,12,0.558,SKU-CAN00605,Wireless Audio,Orbit,Red,SUP013,Australia,2016-11-06,GST_STANDARD,Recycled box,True,True,"wireless audio designed for commuting and spoken-content listening, in the orbit family and supplied by candle with a 12-month warranty."
PRD0606,Vela Core 705,Smart Home,Vela,556.12,391.18,2015,12,0.407,SKU-VEL00606,Home Automation,Pulse,Gold,SUP014,Japan,2015-06-13,GST_STANDARD,Box,False,True,"home automation designed for app-controlled room lighting, in the pulse family and supplied by vela with a 12-month warranty."
PRD0607,Candle Lumen 706,Gaming,Candle,1809.95,979.02,2012,24,1.338,SKU-CAN00607,Gaming Hardware,Quest,Green,SUP015,China,2012-03-08,GST_STANDARD,Box,True,True,"gaming hardware designed for long desktop gaming sessions, in the quest family and supplied by candle with a 24-month warranty."
PRD0608,Vela Ridge 707,Wearable,Vela,607.93,382.94,2012,12,0.138,SKU-VEL00608,Health Wearable,Ridge,Silver,SUP016,Vietnam,2012-09-15,GST_STANDARD,Recycled box,False,True,"health wearable designed for daily activity and sleep tracking, in the ridge family and supplied by vela with a 12-month warranty."
PRD0609,Candle Arc 708,Networking,Candle,510.8,297.0,2017,24,0.921,SKU-CAN00609,Connected Network,Shift,Blue,SUP017,Japan,2017-04-02,GST_STANDARD,Protective case,True,True,"connected network designed for home-office wireless coverage, in the shift family and supplied by candle with a 24-month warranty."
PRD0610,Vela Echo 709,Accessory,Vela,159.67,115.84,2012,12,0.13,SKU-VEL00610,Mobile Accessory,Spark,Silver,SUP018,Malaysia,2012-07-07,GST_STANDARD,Box,True,True,"mobile accessory designed for adjustable desk mounting and device positioning, in the spark family and supplied by vela with a 12-month warranty."
PRD0611,Candle Orbit 710,Laptop,Candle,1787.47,1291.62,2016,24,1.317,SKU-CAN00611,Ultrabook,Vista,Green,SUP019,Vietnam,2016-11-20,GST_STANDARD,Protective case,True,True,"ultrabook designed for study, research and note taking, in the vista family and supplied by candle with a 24-month warranty."
PRD0612,Vela Spark 711,Smartphone,Vela,1688.14,1262.49,2013,24,0.19,SKU-VEL00612,5G Smartphone,Wave,Gold,SUP020,China,2013-03-13,GST_STANDARD,Box,False,False,"5g smartphone designed for mobile photography and messaging, in the wave family and supplied by vela with a 24-month warranty."
PRD0613,Candle Bloom 712,Tablet,Candle,644.35,446.06,2014,24,0.538,SKU-CAN00613,Productivity Tablet,Arc,Black,SUP021,Korea,2014-03-19,GST_STANDARD,Recycled box,False,True,"productivity tablet designed for portable media and video calls, in the arc family and supplied by candle with a 24-month warranty."
PRD0614,Vela Halo 713,Home Entertainment,Vela,2379.02,1774.52,2016,24,8.41,SKU-VEL00614,Smart Display,Atlas,White,SUP022,Malaysia,2016-08-25,GST_STANDARD,Recycled box,True,True,"smart display designed for music and spoken-content playback, in the atlas family and supplied by vela with a 24-month warranty."
PRD0615,Candle Quest 714,Audio,Candle,965.84,574.22,2013,12,0.554,SKU-CAN00615,Wireless Audio,Bloom,Gold,SUP023,Vietnam,2013-07-17,GST_STANDARD,Protective case,True,True,"wireless audio designed for music during focused desk work, in the bloom family and supplied by candle with a 12-month warranty."
PRD0616,Vela Wave 715,Smart Home,Vela,480.04,232.92,2014,12,0.397,SKU-VEL00616,Home Automation,Core,Black,SUP024,Malaysia,2014-08-21,GST_STANDARD,Box,True,True,"home automation designed for scheduled control of a household power outlet, in the core family and supplied by vela with a 12-month warranty."
PRD0617,Candle Edge 716,Gaming,Candle,2145.95,1289.6,2014,24,1.052,SKU-CAN00617,Gaming Hardware,Edge,Blue,SUP025,Korea,2014-07-03,GST_STANDARD,Box,False,True,"gaming hardware designed for casual games in a shared room, in the edge family and supplied by candle with a 24-month warranty."
PRD0618,Vela Nova 717,Wearable,Vela,421.89,268.41,2013,12,0.1,SKU-VEL00618,Health Wearable,Echo,White,SUP026,Vietnam,2013-03-05,GST_STANDARD,Recycled box,True,True,"health wearable designed for walking and commute notifications, in the echo family and supplied by vela with a 12-month warranty."
PRD0619,Candle Shift 718,Networking,Candle,394.74,192.16,2015,24,0.761,SKU-CAN00619,Connected Network,Flux,Blue,SUP027,Japan,2015-04-09,GST_STANDARD,Box,True,True,"connected network designed for connecting several shared household devices, in the flux family and supplied by candle with a 24-month warranty."
PRD0620,Vela Atlas 719,Accessory,Vela,220.61,159.71,2015,12,0.199,SKU-VEL00620,Mobile Accessory,Halo,Gold,SUP028,China,2015-03-16,GST_STANDARD,Box,False,True,"mobile accessory designed for protective storage during travel, in the halo family and supplied by vela with a 12-month warranty."
PRD0621,Candle Flux 720,Laptop,Candle,1275.57,936.93,2016,24,1.126,SKU-CAN00621,Ultrabook,Lumen,Graphite,SUP029,Malaysia,2016-07-23,GST_STANDARD,Protective case,True,True,"ultrabook designed for creative projects and media editing, in the lumen family and supplied by candle with a 24-month warranty."
PRD0622,Vela Pulse 721,Smartphone,Vela,678.69,372.12,2013,24,0.163,SKU-VEL00622,5G Smartphone,Nova,Gold,SUP030,Japan,2013-08-03,GST_STANDARD,Protective case,True,True,"5g smartphone designed for work calls and calendar management, in the nova family and supplied by vela with a 24-month warranty."
PRD0623,Candle Vista 722,Tablet,Candle,1221.11,647.02,2017,24,0.833,SKU-CAN00623,Productivity Tablet,Orbit,Red,SUP031,China,2017-03-07,GST_STANDARD,Box,True,True,"productivity tablet designed for field forms and client presentations, in the orbit family and supplied by candle with a 24-month warranty."
PRD0624,Vela Core 723,Home Entertainment,Vela,588.21,404.31,2015,24,9.906,SKU-VEL00624,Smart Display,Pulse,Green,SUP032,Vietnam,2015-05-26,GST_STANDARD,Recycled box,True,True,"smart display designed for family media streaming, in the pulse family and supplied by vela with a 24-month warranty."
PRD0625,Candle Lumen 724,Audio,Candle,1034.61,548.56,2014,12,0.615,SKU-CAN00625,Wireless Audio,Quest,Silver,SUP033,Korea,2014-04-13,GST_STANDARD,Box,True,True,"wireless audio designed for video calls and online classes, in the quest family and supplied by candle with a 12-month warranty."
PRD0626,Vela Ridge 725,Smart Home,Vela,529.21,344.79,2015,12,0.442,SKU-VEL00626,Home Automation,Ridge,Black,SUP034,Japan,2015-12-27,GST_STANDARD,Recycled box,False,True,"home automation designed for indoor temperature and humidity monitoring, in the ridge family and supplied by vela with a 12-month warranty."
PRD0627,Candle Arc 726,Gaming,Candle,869.77,529.97,2015,24,0.95,SKU-CAN00627,Gaming Hardware,Shift,White,SUP035,Japan,2015-03-17,GST_STANDARD,Box,True,True,"gaming hardware designed for competitive play and voice communication, in the shift family and supplied by candle with a 24-month warranty."
PRD0628,Vela Echo 727,Wearable,Vela,62.19,44.19,2014,12,0.119,SKU-VEL00628,Health Wearable,Spark,Graphite,SUP036,Japan,2014-04-26,GST_STANDARD,Box,True,True,"health wearable designed for exercise session summaries, in the spark family and supplied by vela with a 12-month warranty."
PRD0629,Candle Orbit 728,Networking,Candle,925.23,670.35,2017,24,0.908,SKU-CAN00629,Connected Network,Vista,Black,SUP037,China,2017-12-10,GST_STANDARD,Box,False,True,"connected network designed for video meetings and media streaming, in the vista family and supplied by candle with a 24-month warranty."
PRD0630,Vela Spark 729,Accessory,Vela,399.15,243.58,2015,12,0.195,SKU-VEL00630,Mobile Accessory,Wave,Green,SUP001,Vietnam,2015-12-26,GST_STANDARD,Box,True,True,"mobile accessory designed for charging-cable organisation, in the wave family and supplied by vela with a 12-month warranty."
PRD0631,Candle Bloom 730,Laptop,Candle,2823.87,1668.68,2012,24,1.823,SKU-CAN00631,Ultrabook,Arc,Gold,SUP002,Japan,2012-07-02,GST_STANDARD,Box,True,True,"ultrabook designed for shared home-office administration, in the arc family and supplied by candle with a 24-month warranty."
PRD0632,Vela Halo 731,Smartphone,Vela,1826.27,1165.05,2016,24,0.301,SKU-VEL00632,5G Smartphone,Atlas,Black,SUP003,Australia,2016-03-26,GST_STANDARD,Box,True,True,"5g smartphone designed for travel planning and media use, in the atlas family and supplied by vela with a 24-month warranty."
PRD0633,Candle Quest 732,Tablet,Candle,1190.36,803.54,2017,24,0.495,SKU-CAN00633,Productivity Tablet,Bloom,Black,SUP004,Korea,2017-03-03,GST_STANDARD,Recycled box,False,True,"productivity tablet designed for family learning and shared browsing, in the bloom family and supplied by candle with a 24-month warranty."
PRD0634,Vela Wave 733,Home Entertainment,Vela,2121.75,1410.24,2017,24,6.902,SKU-VEL00634,Smart Display,Core,Graphite,SUP005,Australia,2017-07-13,GST_STANDARD,Protective case,True,True,"smart display designed for casual living-room gaming, in the core family and supplied by vela with a 24-month warranty."
PRD0635,Candle Edge 734,Audio,Candle,140.41,93.4,2017,12,0.631,SKU-CAN00635,Wireless Audio,Edge,Black,SUP006,Australia,2017-01-22,GST_STANDARD,Box,True,True,"wireless audio designed for shared-room music playback, in the edge family and supplied by candle with a 12-month warranty."
PRD0636,Vela Nova 735,Smart Home,Vela,801.41,568.34,2017,12,0.478,SKU-VEL00636,Home Automation,Echo,Black,SUP007,Vietnam,2017-05-02,GST_STANDARD,Recycled box,True,True,"home automation designed for door and window activity alerts, in the echo family and supplied by vela with a 12-month warranty."
PRD0637,Candle Shift 736,Gaming,Candle,1722.59,870.44,2012,24,1.287,SKU-CAN00637,Gaming Hardware,Flux,Blue,SUP008,Vietnam,2012-07-15,GST_STANDARD,Recycled box,True,True,"gaming hardware designed for portable gaming and travel, in the flux family and supplied by candle with a 24-month warranty."
PRD0638,Vela Atlas 737,Wearable,Vela,249.29,157.91,2015,12,0.103,SKU-VEL00638,Health Wearable,Halo,Green,SUP009,China,2015-12-16,GST_STANDARD,Box,False,True,"health wearable designed for calendar alerts and quick message checks, in the halo family and supplied by vela with a 12-month warranty."
PRD0639,Candle Flux 738,Networking,Candle,912.42,549.62,2015,24,0.516,SKU-CAN00639,Connected Network,Lumen,Blue,SUP010,Australia,2015-09-04,GST_STANDARD,Box,False,True,"connected network designed for guest-network and device management, in the lumen family and supplied by candle with a 24-month warranty."
PRD0640,Vela Pulse 739,Accessory,Vela,415.26,227.58,2017,12,0.143,SKU-VEL00640,Mobile Accessory,Nova,Silver,SUP011,Vietnam,2017-07-04,GST_STANDARD,Box,True,True,"mobile accessory designed for connecting several devices through one compact adapter, in the nova family and supplied by vela with a 12-month warranty."
PRD0641,Candle Vista 740,Laptop,Candle,1601.27,859.3,2012,24,1.312,SKU-CAN00641,Ultrabook,Orbit,Red,SUP012,Korea,2012-07-05,GST_STANDARD,Box,True,True,"ultrabook designed for travel-based work and presentations, in the orbit family and supplied by candle with a 24-month warranty."
PRD0642,Vela Core 741,Smartphone,Vela,1399.48,768.23,2012,24,0.249,SKU-VEL00642,5G Smartphone,Pulse,White,SUP013,Australia,2012-10-11,GST_STANDARD,Protective case,True,True,"5g smartphone designed for family communication and casual apps, in the pulse family and supplied by vela with a 24-month warranty."
PRD0643,Candle Lumen 742,Tablet,Candle,1556.87,923.38,2014,24,0.855,SKU-CAN00643,Productivity Tablet,Quest,Black,SUP014,Australia,2014-02-12,GST_STANDARD,Recycled box,True,True,"productivity tablet designed for drawing and lightweight creative work, in the quest family and supplied by candle with a 24-month warranty."
PRD0644,Vela Ridge 743,Home Entertainment,Vela,2975.58,1995.34,2014,24,9.943,SKU-VEL00644,Smart Display,Ridge,Silver,SUP015,Japan,2014-02-18,GST_STANDARD,Protective case,True,True,"smart display designed for presentations and photo viewing, in the ridge family and supplied by vela with a 24-month warranty."
PRD0645,Candle Arc 744,Audio,Candle,206.79,105.25,2017,12,0.493,SKU-CAN00645,Wireless Audio,Shift,Green,SUP016,Malaysia,2017-08-17,GST_STANDARD,Recycled box,False,True,"wireless audio designed for long listening sessions at home, in the shift family and supplied by candle with a 12-month warranty."
PRD0646,Vela Echo 745,Smart Home,Vela,155.12,85.8,2016,12,0.261,SKU-VEL00646,Home Automation,Spark,Red,SUP017,Korea,2016-11-05,GST_STANDARD,Protective case,False,True,"home automation designed for automated blind and curtain routines, in the spark family and supplied by vela with a 12-month warranty."
PRD0647,Candle Orbit 746,Gaming,Candle,818.2,463.39,2017,24,1.185,SKU-CAN00647,Gaming Hardware,Vista,Black,SUP018,Japan,2017-11-11,GST_STANDARD,Box,True,True,"gaming hardware designed for game streaming and media capture, in the vista family and supplied by candle with a 24-month warranty."
PRD0648,Vela Spark 747,Wearable,Vela,469.36,230.78,2012,12,0.137,SKU-VEL00648,Health Wearable,Wave,Red,SUP019,Vietnam,2012-11-15,GST_STANDARD,Box,True,True,"health wearable designed for habit reminders and everyday timekeeping, in the wave family and supplied by vela with a 12-month warranty."
PRD0649,Candle Bloom 748,Networking,Candle,1306.2,836.03,2012,24,0.81,SKU-CAN00649,Connected Network,Arc,Graphite,SUP020,Japan,2012-12-08,GST_STANDARD,Protective case,True,True,"connected network designed for extending coverage between rooms, in the arc family and supplied by candle with a 24-month warranty."
PRD0650,Vela Halo 749,Accessory,Vela,233.76,124.11,2015,12,0.175,SKU-VEL00650,Mobile Accessory,Atlas,Blue,SUP021,Malaysia,2015-11-05,GST_STANDARD,Protective case,True,True,"mobile accessory designed for hands-free device support in a shared workspace, in the atlas family and supplied by vela with a 12-month warranty."
PRD0651,Candle Quest 750,Laptop,Candle,2713.88,1822.73,2016,24,1.563,SKU-CAN00651,Ultrabook,Bloom,White,SUP022,China,2016-01-25,GST_STANDARD,Protective case,True,True,"ultrabook designed for portable document work and video meetings, in the bloom family and supplied by candle with a 24-month warranty."
PRD0652,Vela Wave 751,Smartphone,Vela,1180.91,651.89,2013,24,0.2,SKU-VEL00652,5G Smartphone,Core,Silver,SUP023,Australia,2013-01-01,GST_STANDARD,Protective case,True,True,"5g smartphone designed for daily communication and navigation, in the core family and supplied by vela with a 24-month warranty."
PRD0653,Candle Edge 752,Tablet,Candle,608.0,356.79,2016,24,0.454,SKU-CAN00653,Productivity Tablet,Edge,Graphite,SUP024,Japan,2016-05-23,GST_STANDARD,Protective case,True,True,"productivity tablet designed for reading, annotation and handwritten notes, in the edge family and supplied by candle with a 24-month warranty."
PRD0654,Vela Nova 753,Home Entertainment,Vela,2311.57,1722.96,2013,24,9.494,SKU-VEL00654,Smart Display,Echo,Blue,SUP025,Australia,2013-07-19,GST_STANDARD,Recycled box,False,True,"smart display designed for shared film and television viewing, in the echo family and supplied by vela with a 24-month warranty."
PRD0655,Candle Shift 754,Audio,Candle,261.66,150.78,2014,12,0.649,SKU-CAN00655,Wireless Audio,Flux,Gold,SUP026,Malaysia,2014-03-25,GST_STANDARD,Box,True,True,"wireless audio designed for commuting and spoken-content listening, in the flux family and supplied by candle with a 12-month warranty."
PRD0656,Vela Atlas 755,Smart Home,Vela,473.06,239.73,2013,12,0.494,SKU-VEL00656,Home Automation,Halo,Black,SUP027,Malaysia,2013-06-24,GST_STANDARD,Box,False,False,"home automation designed for app-controlled room lighting, in the halo family and supplied by vela with a 12-month warranty."
PRD0657,Candle Flux 756,Gaming,Candle,1527.29,898.34,2016,24,1.229,SKU-CAN00657,Gaming Hardware,Lumen,Red,SUP028,Vietnam,2016-04-06,GST_STANDARD,Protective case,True,False,"gaming hardware designed for long desktop gaming sessions, in the lumen family and supplied by candle with a 24-month warranty."
PRD0658,Vela Pulse 757,Wearable,Vela,471.69,266.73,2014,12,0.133,SKU-VEL00658,Health Wearable,Nova,Green,SUP029,Australia,2014-09-22,GST_STANDARD,Protective case,True,False,"health wearable designed for daily activity and sleep tracking, in the nova family and supplied by vela with a 12-month warranty."
PRD0659,Candle Vista 758,Networking,Candle,1247.76,617.14,2017,24,0.848,SKU-CAN00659,Connected Network,Orbit,Silver,SUP030,Japan,2017-10-10,GST_STANDARD,Box,True,True,"connected network designed for home-office wireless coverage, in the orbit family and supplied by candle with a 24-month warranty."
PRD0660,Vela Core 759,Accessory,Vela,15.31,10.24,2015,12,0.203,SKU-VEL00660,Mobile Accessory,Pulse,Green,SUP031,Australia,2015-10-01,GST_STANDARD,Protective case,True,True,"mobile accessory designed for adjustable desk mounting and device positioning, in the pulse family and supplied by vela with a 12-month warranty."
PRD0661,Candle Lumen 760,Laptop,Candle,1048.18,538.76,2015,24,1.125,SKU-CAN00661,Ultrabook,Quest,White,SUP032,Australia,2015-05-24,GST_STANDARD,Recycled box,True,True,"ultrabook designed for study, research and note taking, in the quest family and supplied by candle with a 24-month warranty."
PRD0662,Vela Ridge 761,Smartphone,Vela,808.63,589.9,2012,24,0.239,SKU-VEL00662,5G Smartphone,Ridge,Graphite,SUP033,Japan,2012-08-27,GST_STANDARD,Recycled box,False,True,"5g smartphone designed for mobile photography and messaging, in the ridge family and supplied by vela with a 24-month warranty."
PRD0663,Candle Arc 762,Tablet,Candle,337.29,220.88,2012,24,0.459,SKU-CAN00663,Productivity Tablet,Shift,Red,SUP034,Korea,2012-11-01,GST_STANDARD,Recycled box,False,True,"productivity tablet designed for portable media and video calls, in the shift family and supplied by candle with a 24-month warranty."
PRD0664,Vela Echo 763,Home Entertainment,Vela,3064.35,1953.4,2013,24,9.765,SKU-VEL00664,Smart Display,Spark,Black,SUP035,Japan,2013-08-09,GST_STANDARD,Protective case,True,True,"smart display designed for music and spoken-content playback, in the spark family and supplied by vela with a 24-month warranty."
PRD0665,Candle Orbit 764,Audio,Candle,758.8,507.77,2014,12,0.471,SKU-CAN00665,Wireless Audio,Vista,Silver,SUP036,China,2014-02-05,GST_STANDARD,Box,True,True,"wireless audio designed for music during focused desk work, in the vista family and supplied by candle with a 12-month warranty."
PRD0666,Vela Spark 765,Smart Home,Vela,703.13,411.63,2014,12,0.496,SKU-VEL00666,Home Automation,Wave,Blue,SUP037,Vietnam,2014-11-07,GST_STANDARD,Box,False,True,"home automation designed for scheduled control of a household power outlet, in the wave family and supplied by vela with a 12-month warranty."
PRD0667,Candle Bloom 766,Gaming,Candle,1136.29,655.58,2014,24,1.628,SKU-CAN00667,Gaming Hardware,Arc,Black,SUP001,China,2014-02-21,GST_STANDARD,Recycled box,False,True,"gaming hardware designed for casual games in a shared room, in the arc family and supplied by candle with a 24-month warranty."
PRD0668,Vela Halo 767,Wearable,Vela,982.03,502.42,2013,12,0.16,SKU-VEL00668,Health Wearable,Atlas,White,SUP002,Australia,2013-02-05,GST_STANDARD,Recycled box,False,True,"health wearable designed for walking and commute notifications, in the atlas family and supplied by vela with a 12-month warranty."
PRD0669,Candle Quest 768,Networking,Candle,603.87,404.69,2017,24,0.543,SKU-CAN00669,Connected Network,Bloom,Green,SUP003,Vietnam,2017-07-02,GST_STANDARD,Box,True,True,"connected network designed for connecting several shared household devices, in the bloom family and supplied by candle with a 24-month warranty."
PRD0670,Vela Wave 769,Accessory,Vela,152.13,97.73,2014,12,0.148,SKU-VEL00670,Mobile Accessory,Core,Black,SUP004,Japan,2014-12-16,GST_STANDARD,Box,True,True,"mobile accessory designed for protective storage during travel, in the core family and supplied by vela with a 12-month warranty."
PRD0671,Candle Edge 770,Laptop,Candle,1480.66,726.74,2017,24,1.746,SKU-CAN00671,Ultrabook,Edge,Gold,SUP005,China,2017-10-01,GST_STANDARD,Recycled box,True,True,"ultrabook designed for creative projects and media editing, in the edge family and supplied by candle with a 24-month warranty."
PRD0672,Vela Nova 771,Smartphone,Vela,1330.59,941.03,2012,24,0.272,SKU-VEL00672,5G Smartphone,Echo,Graphite,SUP006,Korea,2012-10-25,GST_STANDARD,Recycled box,True,True,"5g smartphone designed for work calls and calendar management, in the echo family and supplied by vela with a 24-month warranty."
PRD0673,Candle Shift 772,Tablet,Candle,1159.13,762.08,2017,24,0.542,SKU-CAN00673,Productivity Tablet,Flux,Graphite,SUP007,Vietnam,2017-04-19,GST_STANDARD,Recycled box,False,True,"productivity tablet designed for field forms and client presentations, in the flux family and supplied by candle with a 24-month warranty."
PRD0674,Vela Atlas 773,Home Entertainment,Vela,3423.74,1805.93,2012,24,8.106,SKU-VEL00674,Smart Display,Halo,Graphite,SUP008,Vietnam,2012-06-19,GST_STANDARD,Recycled box,True,True,"smart display designed for family media streaming, in the halo family and supplied by vela with a 24-month warranty."
PRD0675,Candle Flux 774,Audio,Candle,98.97,62.17,2014,12,0.659,SKU-CAN00675,Wireless Audio,Lumen,White,SUP009,Vietnam,2014-12-24,GST_STANDARD,Box,True,True,"wireless audio designed for video calls and online classes, in the lumen family and supplied by candle with a 12-month warranty."
PRD0676,Vela Pulse 775,Smart Home,Vela,499.99,284.85,2012,12,0.467,SKU-VEL00676,Home Automation,Nova,Red,SUP010,China,2012-09-19,GST_STANDARD,Box,True,True,"home automation designed for indoor temperature and humidity monitoring, in the nova family and supplied by vela with a 12-month warranty."
PRD0677,Candle Vista 776,Gaming,Candle,197.41,96.37,2014,24,1.416,SKU-CAN00677,Gaming Hardware,Orbit,White,SUP011,Korea,2014-07-22,GST_STANDARD,Protective case,True,True,"gaming hardware designed for competitive play and voice communication, in the orbit family and supplied by candle with a 24-month warranty."
PRD0678,Vela Core 777,Wearable,Vela,597.3,330.12,2012,12,0.102,SKU-VEL00678,Health Wearable,Pulse,Red,SUP012,Vietnam,2012-09-10,GST_STANDARD,Protective case,False,True,"health wearable designed for exercise session summaries, in the pulse family and supplied by vela with a 12-month warranty."
PRD0679,Candle Lumen 778,Networking,Candle,1370.51,1038.69,2013,24,0.675,SKU-CAN00679,Connected Network,Quest,Silver,SUP013,China,2013-05-03,GST_STANDARD,Protective case,True,True,"connected network designed for video meetings and media streaming, in the quest family and supplied by candle with a 24-month warranty."
PRD0680,Vela Ridge 779,Accessory,Vela,369.12,177.7,2017,12,0.152,SKU-VEL00680,Mobile Accessory,Ridge,White,SUP014,China,2017-05-19,GST_STANDARD,Box,True,True,"mobile accessory designed for charging-cable organisation, in the ridge family and supplied by vela with a 12-month warranty."
PRD0681,Candle Arc 780,Laptop,Candle,963.93,534.82,2014,24,1.452,SKU-CAN00681,Ultrabook,Shift,Black,SUP015,Australia,2014-02-01,GST_STANDARD,Box,True,True,"ultrabook designed for shared home-office administration, in the shift family and supplied by candle with a 24-month warranty."
PRD0682,Vela Echo 781,Smartphone,Vela,1238.87,870.91,2012,24,0.21,SKU-VEL00682,5G Smartphone,Spark,Blue,SUP016,Australia,2012-11-16,GST_STANDARD,Protective case,True,True,"5g smartphone designed for travel planning and media use, in the spark family and supplied by vela with a 24-month warranty."
PRD0683,Candle Orbit 782,Tablet,Candle,609.14,327.43,2012,24,0.535,SKU-CAN00683,Productivity Tablet,Vista,Graphite,SUP017,Japan,2012-11-11,GST_STANDARD,Protective case,True,True,"productivity tablet designed for family learning and shared browsing, in the vista family and supplied by candle with a 24-month warranty."
PRD0684,Vela Spark 783,Home Entertainment,Vela,2250.74,1622.99,2017,24,8.103,SKU-VEL00684,Smart Display,Wave,Blue,SUP018,Australia,2017-11-18,GST_STANDARD,Box,False,True,"smart display designed for casual living-room gaming, in the wave family and supplied by vela with a 24-month warranty."
PRD0685,Candle Bloom 784,Audio,Candle,963.7,638.92,2013,12,0.635,SKU-CAN00685,Wireless Audio,Arc,Black,SUP019,Vietnam,2013-05-18,GST_STANDARD,Box,False,True,"wireless audio designed for shared-room music playback, in the arc family and supplied by candle with a 12-month warranty."
PRD0686,Vela Halo 785,Smart Home,Vela,654.4,330.82,2014,12,0.353,SKU-VEL00686,Home Automation,Atlas,Green,SUP020,Korea,2014-01-19,GST_STANDARD,Box,True,True,"home automation designed for door and window activity alerts, in the atlas family and supplied by vela with a 12-month warranty."
PRD0687,Candle Quest 786,Gaming,Candle,729.09,498.54,2013,24,0.96,SKU-CAN00687,Gaming Hardware,Bloom,Graphite,SUP021,Australia,2013-06-06,GST_STANDARD,Box,True,True,"gaming hardware designed for portable gaming and travel, in the bloom family and supplied by candle with a 24-month warranty."
PRD0688,Vela Wave 787,Wearable,Vela,921.64,659.56,2014,12,0.1,SKU-VEL00688,Health Wearable,Core,Gold,SUP022,Australia,2014-10-10,GST_STANDARD,Recycled box,True,True,"health wearable designed for calendar alerts and quick message checks, in the core family and supplied by vela with a 12-month warranty."
PRD0689,Candle Edge 788,Networking,Candle,1230.12,617.31,2016,24,0.674,SKU-CAN00689,Connected Network,Edge,Gold,SUP023,Korea,2016-01-11,GST_STANDARD,Box,True,True,"connected network designed for guest-network and device management, in the edge family and supplied by candle with a 24-month warranty."
PRD0690,Vela Nova 789,Accessory,Vela,30.42,15.98,2015,12,0.182,SKU-VEL00690,Mobile Accessory,Echo,White,SUP024,China,2015-03-22,GST_STANDARD,Recycled box,False,True,"mobile accessory designed for connecting several devices through one compact adapter, in the echo family and supplied by vela with a 12-month warranty."
PRD0691,Candle Shift 790,Laptop,Candle,2536.12,1438.74,2015,24,1.941,SKU-CAN00691,Ultrabook,Flux,Black,SUP025,Australia,2015-04-18,GST_STANDARD,Protective case,True,True,"ultrabook designed for travel-based work and presentations, in the flux family and supplied by candle with a 24-month warranty."
PRD0692,Vela Atlas 791,Smartphone,Vela,488.18,234.76,2012,24,0.179,SKU-VEL00692,5G Smartphone,Halo,Black,SUP026,Malaysia,2012-05-18,GST_STANDARD,Box,True,True,"5g smartphone designed for family communication and casual apps, in the halo family and supplied by vela with a 24-month warranty."
PRD0693,Candle Flux 792,Tablet,Candle,1149.55,686.98,2014,24,0.78,SKU-CAN00693,Productivity Tablet,Lumen,White,SUP027,China,2014-01-10,GST_STANDARD,Protective case,True,True,"productivity tablet designed for drawing and lightweight creative work, in the lumen family and supplied by candle with a 24-month warranty."
PRD0694,Vela Pulse 793,Home Entertainment,Vela,1984.32,1399.04,2012,24,6.223,SKU-VEL00694,Smart Display,Nova,Red,SUP028,Korea,2012-06-17,GST_STANDARD,Protective case,True,True,"smart display designed for presentations and photo viewing, in the nova family and supplied by vela with a 24-month warranty."
PRD0695,Candle Vista 794,Audio,Candle,980.37,556.54,2015,12,0.366,SKU-CAN00695,Wireless Audio,Orbit,Black,SUP029,Malaysia,2015-06-26,GST_STANDARD,Protective case,False,True,"wireless audio designed for long listening sessions at home, in the orbit family and supplied by candle with a 12-month warranty."
PRD0696,Vela Core 795,Smart Home,Vela,137.51,73.09,2017,12,0.449,SKU-VEL00696,Home Automation,Pulse,White,SUP030,Korea,2017-12-06,GST_STANDARD,Protective case,True,True,"home automation designed for automated blind and curtain routines, in the pulse family and supplied by vela with a 12-month warranty."
PRD0697,Candle Lumen 796,Gaming,Candle,2301.55,1350.2,2016,24,1.625,SKU-CAN00697,Gaming Hardware,Quest,Graphite,SUP031,Vietnam,2016-04-17,GST_STANDARD,Protective case,False,True,"gaming hardware designed for game streaming and media capture, in the quest family and supplied by candle with a 24-month warranty."
PRD0698,Vela Ridge 797,Wearable,Vela,445.24,335.44,2015,12,0.152,SKU-VEL00698,Health Wearable,Ridge,Silver,SUP032,Australia,2015-03-15,GST_STANDARD,Protective case,True,True,"health wearable designed for habit reminders and everyday timekeeping, in the ridge family and supplied by vela with a 12-month warranty."
PRD0699,Candle Arc 798,Networking,Candle,508.79,246.62,2013,24,0.539,SKU-CAN00699,Connected Network,Shift,Graphite,SUP033,Vietnam,2013-11-20,GST_STANDARD,Protective case,True,True,"connected network designed for extending coverage between rooms, in the shift family and supplied by candle with a 24-month warranty."
PRD0700,Vela Echo 799,Accessory,Vela,105.41,57.83,2016,12,0.195,SKU-VEL00700,Mobile Accessory,Spark,Green,SUP034,Japan,2016-08-18,GST_STANDARD,Protective case,False,True,"mobile accessory designed for hands-free device support in a shared workspace, in the spark family and supplied by vela with a 12-month warranty."
PRD0701,Candle Orbit 800,Laptop,Candle,3133.77,2064.27,2012,24,1.685,SKU-CAN00701,Ultrabook,Vista,Blue,SUP035,Malaysia,2012-03-20,GST_STANDARD,Box,True,True,"ultrabook designed for portable document work and video meetings, in the vista family and supplied by candle with a 24-month warranty."
PRD0702,Vela Spark 801,Smartphone,Vela,1587.86,1097.29,2017,24,0.272,SKU-VEL00702,5G Smartphone,Wave,Blue,SUP036,Korea,2017-08-04,GST_STANDARD,Recycled box,False,True,"5g smartphone designed for daily communication and navigation, in the wave family and supplied by vela with a 24-month warranty."
PRD0703,Candle Bloom 802,Tablet,Candle,289.3,212.62,2015,24,0.763,SKU-CAN00703,Productivity Tablet,Arc,White,SUP037,Japan,2015-05-05,GST_STANDARD,Recycled box,True,True,"productivity tablet designed for reading, annotation and handwritten notes, in the arc family and supplied by candle with a 24-month warranty."
PRD0704,Vela Halo 803,Home Entertainment,Vela,3699.65,2627.47,2015,24,7.98,SKU-VEL00704,Smart Display,Atlas,White,SUP001,Malaysia,2015-11-13,GST_STANDARD,Recycled box,True,True,"smart display designed for shared film and television viewing, in the atlas family and supplied by vela with a 24-month warranty."
PRD0705,Candle Quest 804,Audio,Candle,200.18,134.38,2015,12,0.511,SKU-CAN00705,Wireless Audio,Bloom,Graphite,SUP002,Australia,2015-05-18,GST_STANDARD,Protective case,True,True,"wireless audio designed for commuting and spoken-content listening, in the bloom family and supplied by candle with a 12-month warranty."
PRD0706,Vela Wave 805,Smart Home,Vela,173.61,100.99,2015,12,0.397,SKU-VEL00706,Home Automation,Core,Green,SUP003,China,2015-10-12,GST_STANDARD,Protective case,True,True,"home automation designed for app-controlled room lighting, in the core family and supplied by vela with a 12-month warranty."
PRD0707,Candle Edge 806,Gaming,Candle,1182.83,609.99,2013,24,1.6,SKU-CAN00707,Gaming Hardware,Edge,White,SUP004,China,2013-05-24,GST_STANDARD,Protective case,True,True,"gaming hardware designed for long desktop gaming sessions, in the edge family and supplied by candle with a 24-month warranty."
PRD0708,Vela Nova 807,Wearable,Vela,545.08,413.42,2015,12,0.156,SKU-VEL00708,Health Wearable,Echo,Blue,SUP005,Korea,2015-01-13,GST_STANDARD,Box,True,True,"health wearable designed for daily activity and sleep tracking, in the echo family and supplied by vela with a 12-month warranty."
PRD0709,Candle Shift 808,Networking,Candle,928.13,703.77,2015,24,0.678,SKU-CAN00709,Connected Network,Flux,Gold,SUP006,Malaysia,2015-10-17,GST_STANDARD,Recycled box,True,True,"connected network designed for home-office wireless coverage, in the flux family and supplied by candle with a 24-month warranty."
PRD0710,Vela Atlas 809,Accessory,Vela,221.52,165.46,2016,12,0.233,SKU-VEL00710,Mobile Accessory,Halo,Green,SUP007,Malaysia,2016-07-15,GST_STANDARD,Recycled box,True,True,"mobile accessory designed for adjustable desk mounting and device positioning, in the halo family and supplied by vela with a 12-month warranty."
PRD0711,Candle Flux 810,Laptop,Candle,2949.82,1871.04,2016,24,1.319,SKU-CAN00711,Ultrabook,Lumen,Green,SUP008,Korea,2016-03-03,GST_STANDARD,Protective case,True,True,"ultrabook designed for study, research and note taking, in the lumen family and supplied by candle with a 24-month warranty."
PRD0712,Vela Pulse 811,Smartphone,Vela,1402.88,998.91,2012,24,0.201,SKU-VEL00712,5G Smartphone,Nova,Black,SUP009,Australia,2012-01-13,GST_STANDARD,Protective case,True,True,"5g smartphone designed for mobile photography and messaging, in the nova family and supplied by vela with a 24-month warranty."
PRD0713,Candle Vista 812,Tablet,Candle,1024.63,546.41,2013,24,0.801,SKU-CAN00713,Productivity Tablet,Orbit,Gold,SUP010,Malaysia,2013-05-27,GST_STANDARD,Protective case,True,True,"productivity tablet designed for portable media and video calls, in the orbit family and supplied by candle with a 24-month warranty."
PRD0714,Vela Core 813,Home Entertainment,Vela,2934.49,1958.57,2012,24,9.505,SKU-VEL00714,Smart Display,Pulse,Green,SUP011,Australia,2012-08-07,GST_STANDARD,Protective case,True,True,"smart display designed for music and spoken-content playback, in the pulse family and supplied by vela with a 24-month warranty."
PRD0715,Candle Lumen 814,Audio,Candle,61.65,30.51,2017,12,0.452,SKU-CAN00715,Wireless Audio,Quest,Blue,SUP012,Australia,2017-04-21,GST_STANDARD,Recycled box,True,True,"wireless audio designed for music during focused desk work, in the quest family and supplied by candle with a 12-month warranty."
PRD0716,Vela Ridge 815,Smart Home,Vela,197.99,122.08,2013,12,0.415,SKU-VEL00716,Home Automation,Ridge,Silver,SUP013,China,2013-05-06,GST_STANDARD,Box,True,True,"home automation designed for scheduled control of a household power outlet, in the ridge family and supplied by vela with a 12-month warranty."
PRD0717,Candle Arc 816,Gaming,Candle,550.74,328.73,2017,24,1.151,SKU-CAN00717,Gaming Hardware,Shift,Green,SUP014,Korea,2017-05-04,GST_STANDARD,Protective case,False,True,"gaming hardware designed for casual games in a shared room, in the shift family and supplied by candle with a 24-month warranty."
PRD0718,Vela Echo 817,Wearable,Vela,214.61,124.79,2014,12,0.112,SKU-VEL00718,Health Wearable,Spark,Green,SUP015,Korea,2014-04-09,GST_STANDARD,Protective case,True,True,"health wearable designed for walking and commute notifications, in the spark family and supplied by vela with a 12-month warranty."
PRD0719,Candle Orbit 818,Networking,Candle,836.38,417.75,2014,24,0.528,SKU-CAN00719,Connected Network,Vista,Silver,SUP016,Vietnam,2014-09-08,GST_STANDARD,Protective case,True,True,"connected network designed for connecting several shared household devices, in the vista family and supplied by candle with a 24-month warranty."
PRD0720,Vela Spark 819,Accessory,Vela,313.84,156.86,2017,12,0.224,SKU-VEL00720,Mobile Accessory,Wave,Graphite,SUP017,Malaysia,2017-05-14,GST_STANDARD,Box,True,True,"mobile accessory designed for protective storage during travel, in the wave family and supplied by vela with a 12-month warranty."
PRD0721,Candle Bloom 820,Laptop,Candle,2364.46,1175.4,2014,24,1.385,SKU-CAN00721,Ultrabook,Arc,Green,SUP018,Malaysia,2014-12-03,GST_STANDARD,Recycled box,True,True,"ultrabook designed for creative projects and media editing, in the arc family and supplied by candle with a 24-month warranty."
PRD0722,Vela Halo 821,Smartphone,Vela,373.93,192.09,2015,24,0.211,SKU-VEL00722,5G Smartphone,Atlas,Silver,SUP019,Japan,2015-07-17,GST_STANDARD,Protective case,True,True,"5g smartphone designed for work calls and calendar management, in the atlas family and supplied by vela with a 24-month warranty."
PRD0723,Candle Quest 822,Tablet,Candle,461.99,307.0,2016,24,0.79,SKU-CAN00723,Productivity Tablet,Bloom,Silver,SUP020,Japan,2016-08-15,GST_STANDARD,Recycled box,True,True,"productivity tablet designed for field forms and client presentations, in the bloom family and supplied by candle with a 24-month warranty."
PRD0724,Vela Wave 823,Home Entertainment,Vela,2281.33,1477.29,2014,24,9.08,SKU-VEL00724,Smart Display,Core,Silver,SUP021,Vietnam,2014-06-14,GST_STANDARD,Box,True,True,"smart display designed for family media streaming, in the core family and supplied by vela with a 24-month warranty."
PRD0725,Candle Edge 824,Audio,Candle,107.02,52.91,2013,12,0.577,SKU-CAN00725,Wireless Audio,Edge,Green,SUP022,Japan,2013-11-18,GST_STANDARD,Recycled box,True,True,"wireless audio designed for video calls and online classes, in the edge family and supplied by candle with a 12-month warranty."
PRD0726,Vela Nova 825,Smart Home,Vela,479.51,245.55,2016,12,0.432,SKU-VEL00726,Home Automation,Echo,Green,SUP023,Vietnam,2016-03-07,GST_STANDARD,Protective case,True,True,"home automation designed for indoor temperature and humidity monitoring, in the echo family and supplied by vela with a 12-month warranty."
PRD0727,Candle Shift 826,Gaming,Candle,1874.18,928.08,2012,24,0.987,SKU-CAN00727,Gaming Hardware,Flux,Silver,SUP024,Malaysia,2012-06-12,GST_STANDARD,Recycled box,True,True,"gaming hardware designed for competitive play and voice communication, in the flux family and supplied by candle with a 24-month warranty."
PRD0728,Vela Atlas 827,Wearable,Vela,649.9,355.29,2015,12,0.115,SKU-VEL00728,Health Wearable,Halo,Blue,SUP025,Korea,2015-08-18,GST_STANDARD,Box,False,False,"health wearable designed for exercise session summaries, in the halo family and supplied by vela with a 12-month warranty."
PRD0729,Candle Flux 828,Networking,Candle,691.76,414.32,2016,24,0.946,SKU-CAN00729,Connected Network,Lumen,White,SUP026,Japan,2016-12-05,GST_STANDARD,Box,True,True,"connected network designed for video meetings and media streaming, in the lumen family and supplied by candle with a 24-month warranty."
PRD0730,Vela Pulse 829,Accessory,Vela,241.01,155.25,2016,12,0.173,SKU-VEL00730,Mobile Accessory,Nova,Red,SUP027,Korea,2016-07-21,GST_STANDARD,Box,True,True,"mobile accessory designed for charging-cable organisation, in the nova family and supplied by vela with a 12-month warranty."
PRD0731,Candle Vista 830,Laptop,Candle,1026.14,494.58,2012,24,1.808,SKU-CAN00731,Ultrabook,Orbit,Green,SUP028,Vietnam,2012-01-09,GST_STANDARD,Recycled box,True,True,"ultrabook designed for shared home-office administration, in the orbit family and supplied by candle with a 24-month warranty."
PRD0732,Vela Core 831,Smartphone,Vela,1280.4,785.07,2013,24,0.213,SKU-VEL00732,5G Smartphone,Pulse,White,SUP029,China,2013-02-10,GST_STANDARD,Box,True,True,"5g smartphone designed for travel planning and media use, in the pulse family and supplied by vela with a 24-month warranty."
PRD0733,Candle Lumen 832,Tablet,Candle,1586.43,1104.65,2012,24,0.525,SKU-CAN00733,Productivity Tablet,Quest,White,SUP030,Vietnam,2012-07-06,GST_STANDARD,Box,True,True,"productivity tablet designed for family learning and shared browsing, in the quest family and supplied by candle with a 24-month warranty."
PRD0734,Vela Ridge 833,Home Entertainment,Vela,3509.26,2525.89,2013,24,9.295,SKU-VEL00734,Smart Display,Ridge,Blue,SUP031,Korea,2013-12-07,GST_STANDARD,Recycled box,False,True,"smart display designed for casual living-room gaming, in the ridge family and supplied by vela with a 24-month warranty."
PRD0735,Candle Arc 834,Audio,Candle,557.24,284.53,2013,12,0.626,SKU-CAN00735,Wireless Audio,Shift,Green,SUP032,Vietnam,2013-07-23,GST_STANDARD,Protective case,True,True,"wireless audio designed for shared-room music playback, in the shift family and supplied by candle with a 12-month warranty."
PRD0736,Vela Echo 835,Smart Home,Vela,828.82,495.23,2012,12,0.494,SKU-VEL00736,Home Automation,Spark,Silver,SUP033,Vietnam,2012-09-05,GST_STANDARD,Protective case,True,True,"home automation designed for door and window activity alerts, in the spark family and supplied by vela with a 12-month warranty."
PRD0737,Candle Orbit 836,Gaming,Candle,540.55,307.63,2015,24,1.114,SKU-CAN00737,Gaming Hardware,Vista,Blue,SUP034,Korea,2015-10-17,GST_STANDARD,Recycled box,False,True,"gaming hardware designed for portable gaming and travel, in the vista family and supplied by candle with a 24-month warranty."
PRD0738,Vela Spark 837,Wearable,Vela,778.08,559.45,2015,12,0.144,SKU-VEL00738,Health Wearable,Wave,Red,SUP035,Korea,2015-02-14,GST_STANDARD,Protective case,True,True,"health wearable designed for calendar alerts and quick message checks, in the wave family and supplied by vela with a 12-month warranty."
PRD0739,Candle Bloom 838,Networking,Candle,947.5,551.2,2015,24,0.598,SKU-CAN00739,Connected Network,Arc,Graphite,SUP036,Japan,2015-07-26,GST_STANDARD,Box,False,True,"connected network designed for guest-network and device management, in the arc family and supplied by candle with a 24-month warranty."
PRD0740,Vela Halo 839,Accessory,Vela,326.46,185.12,2016,12,0.192,SKU-VEL00740,Mobile Accessory,Atlas,Blue,SUP037,Vietnam,2016-02-27,GST_STANDARD,Protective case,False,True,"mobile accessory designed for connecting several devices through one compact adapter, in the atlas family and supplied by vela with a 12-month warranty."
PRD0741,Candle Quest 840,Laptop,Candle,1525.47,820.01,2016,24,1.888,SKU-CAN00741,Ultrabook,Bloom,Black,SUP001,China,2016-10-25,GST_STANDARD,Recycled box,False,True,"ultrabook designed for travel-based work and presentations, in the bloom family and supplied by candle with a 24-month warranty."
PRD0742,Vela Wave 841,Smartphone,Vela,1738.97,1284.05,2014,24,0.163,SKU-VEL00742,5G Smartphone,Core,Red,SUP002,Korea,2014-03-11,GST_STANDARD,Box,True,True,"5g smartphone designed for family communication and casual apps, in the core family and supplied by vela with a 24-month warranty."
PRD0743,Candle Edge 842,Tablet,Candle,1557.24,793.01,2012,24,0.765,SKU-CAN00743,Productivity Tablet,Edge,Red,SUP003,China,2012-01-08,GST_STANDARD,Recycled box,True,True,"productivity tablet designed for drawing and lightweight creative work, in the edge family and supplied by candle with a 24-month warranty."
PRD0744,Vela Nova 843,Home Entertainment,Vela,2051.82,1063.38,2012,24,9.472,SKU-VEL00744,Smart Display,Echo,White,SUP004,China,2012-09-10,GST_STANDARD,Protective case,True,True,"smart display designed for presentations and photo viewing, in the echo family and supplied by vela with a 24-month warranty."
PRD0745,Candle Shift 844,Audio,Candle,882.2,434.64,2013,12,0.63,SKU-CAN00745,Wireless Audio,Flux,Gold,SUP005,Japan,2013-06-19,GST_STANDARD,Box,True,True,"wireless audio designed for long listening sessions at home, in the flux family and supplied by candle with a 12-month warranty."
PRD0746,Vela Atlas 845,Smart Home,Vela,683.7,408.26,2017,12,0.47,SKU-VEL00746,Home Automation,Halo,Red,SUP006,Japan,2017-06-22,GST_STANDARD,Protective case,True,True,"home automation designed for automated blind and curtain routines, in the halo family and supplied by vela with a 12-month warranty."
PRD0747,Candle Flux 846,Gaming,Candle,619.18,342.97,2013,24,1.58,SKU-CAN00747,Gaming Hardware,Lumen,White,SUP007,Japan,2013-04-07,GST_STANDARD,Box,True,True,"gaming hardware designed for game streaming and media capture, in the lumen family and supplied by candle with a 24-month warranty."
PRD0748,Vela Pulse 847,Wearable,Vela,147.02,73.12,2012,12,0.106,SKU-VEL00748,Health Wearable,Nova,Green,SUP008,Korea,2012-06-01,GST_STANDARD,Recycled box,True,True,"health wearable designed for habit reminders and everyday timekeeping, in the nova family and supplied by vela with a 12-month warranty."
PRD0749,Candle Vista 848,Networking,Candle,529.95,400.72,2016,24,0.704,SKU-CAN00749,Connected Network,Orbit,Green,SUP009,Malaysia,2016-12-07,GST_STANDARD,Box,True,True,"connected network designed for extending coverage between rooms, in the orbit family and supplied by candle with a 24-month warranty."
PRD0750,Vela Core 849,Accessory,Vela,181.18,115.68,2016,12,0.205,SKU-VEL00750,Mobile Accessory,Pulse,White,SUP010,China,2016-03-10,GST_STANDARD,Protective case,True,True,"mobile accessory designed for hands-free device support in a shared workspace, in the pulse family and supplied by vela with a 12-month warranty."
PRD0751,Candle Lumen 850,Laptop,Candle,2931.11,1834.06,2016,24,1.465,SKU-CAN00751,Ultrabook,Quest,Silver,SUP011,Australia,2016-09-16,GST_STANDARD,Recycled box,True,False,"ultrabook designed for portable document work and video meetings, in the quest family and supplied by candle with a 24-month warranty."
PRD0752,Vela Ridge 851,Smartphone,Vela,1395.28,893.12,2016,24,0.244,SKU-VEL00752,5G Smartphone,Ridge,Red,SUP012,Japan,2016-09-12,GST_STANDARD,Recycled box,True,True,"5g smartphone designed for daily communication and navigation, in the ridge family and supplied by vela with a 24-month warranty."
PRD0753,Candle Arc 852,Tablet,Candle,272.68,142.52,2017,24,0.596,SKU-CAN00753,Productivity Tablet,Shift,Gold,SUP013,Australia,2017-02-05,GST_STANDARD,Box,True,True,"productivity tablet designed for reading, annotation and handwritten notes, in the shift family and supplied by candle with a 24-month warranty."
PRD0754,Vela Echo 853,Home Entertainment,Vela,2331.9,1593.15,2012,24,9.928,SKU-VEL00754,Smart Display,Spark,Graphite,SUP014,Malaysia,2012-10-12,GST_STANDARD,Protective case,True,True,"smart display designed for shared film and television viewing, in the spark family and supplied by vela with a 24-month warranty."
PRD0755,Candle Orbit 854,Audio,Candle,417.76,261.83,2014,12,0.5,SKU-CAN00755,Wireless Audio,Vista,Gold,SUP015,Korea,2014-08-17,GST_STANDARD,Box,False,True,"wireless audio designed for commuting and spoken-content listening, in the vista family and supplied by candle with a 12-month warranty."
PRD0756,Vela Spark 855,Smart Home,Vela,238.54,159.97,2013,12,0.416,SKU-VEL00756,Home Automation,Wave,Black,SUP016,China,2013-10-06,GST_STANDARD,Box,True,True,"home automation designed for app-controlled room lighting, in the wave family and supplied by vela with a 12-month warranty."
PRD0757,Candle Bloom 856,Gaming,Candle,1258.09,679.5,2017,24,0.886,SKU-CAN00757,Gaming Hardware,Arc,Blue,SUP017,Korea,2017-10-02,GST_STANDARD,Protective case,False,False,"gaming hardware designed for long desktop gaming sessions, in the arc family and supplied by candle with a 24-month warranty."
PRD0758,Vela Halo 857,Wearable,Vela,282.47,208.92,2016,12,0.155,SKU-VEL00758,Health Wearable,Atlas,Blue,SUP018,Australia,2016-07-14,GST_STANDARD,Recycled box,True,True,"health wearable designed for daily activity and sleep tracking, in the atlas family and supplied by vela with a 12-month warranty."
PRD0759,Candle Quest 858,Networking,Candle,1012.36,550.2,2013,24,0.875,SKU-CAN00759,Connected Network,Bloom,Green,SUP019,Vietnam,2013-01-02,GST_STANDARD,Protective case,True,True,"connected network designed for home-office wireless coverage, in the bloom family and supplied by candle with a 24-month warranty."
PRD0760,Vela Wave 859,Accessory,Vela,145.6,76.17,2017,12,0.136,SKU-VEL00760,Mobile Accessory,Core,Silver,SUP020,Vietnam,2017-09-26,GST_STANDARD,Protective case,False,True,"mobile accessory designed for adjustable desk mounting and device positioning, in the core family and supplied by vela with a 12-month warranty."
PRD0761,Candle Edge 860,Laptop,Candle,2207.59,1429.36,2016,24,1.986,SKU-CAN00761,Ultrabook,Edge,Graphite,SUP021,Australia,2016-07-05,GST_STANDARD,Box,False,True,"ultrabook designed for study, research and note taking, in the edge family and supplied by candle with a 24-month warranty."
PRD0762,Vela Nova 861,Smartphone,Vela,1038.24,687.68,2016,24,0.216,SKU-VEL00762,5G Smartphone,Echo,Graphite,SUP022,Australia,2016-08-23,GST_STANDARD,Recycled box,True,True,"5g smartphone designed for mobile photography and messaging, in the echo family and supplied by vela with a 24-month warranty."
PRD0763,Candle Shift 862,Tablet,Candle,485.63,279.57,2014,24,0.673,SKU-CAN00763,Productivity Tablet,Flux,Gold,SUP023,Malaysia,2014-12-11,GST_STANDARD,Recycled box,True,True,"productivity tablet designed for portable media and video calls, in the flux family and supplied by candle with a 24-month warranty."
PRD0764,Vela Atlas 863,Home Entertainment,Vela,3198.68,2205.64,2016,24,7.779,SKU-VEL00764,Smart Display,Halo,Graphite,SUP024,China,2016-05-18,GST_STANDARD,Protective case,True,True,"smart display designed for music and spoken-content playback, in the halo family and supplied by vela with a 24-month warranty."
PRD0765,Candle Flux 864,Audio,Candle,1162.91,773.37,2015,12,0.55,SKU-CAN00765,Wireless Audio,Lumen,Green,SUP025,Australia,2015-05-10,GST_STANDARD,Protective case,False,True,"wireless audio designed for music during focused desk work, in the lumen family and supplied by candle with a 12-month warranty."
PRD0766,Vela Pulse 865,Smart Home,Vela,734.79,538.66,2016,12,0.283,SKU-VEL00766,Home Automation,Nova,Black,SUP026,Japan,2016-06-15,GST_STANDARD,Box,True,True,"home automation designed for scheduled control of a household power outlet, in the nova family and supplied by vela with a 12-month warranty."
PRD0767,Candle Vista 866,Gaming,Candle,2003.56,1517.51,2015,24,1.509,SKU-CAN00767,Gaming Hardware,Orbit,Silver,SUP027,Japan,2015-06-07,GST_STANDARD,Recycled box,True,True,"gaming hardware designed for casual games in a shared room, in the orbit family and supplied by candle with a 24-month warranty."
PRD0768,Vela Core 867,Wearable,Vela,1063.13,590.15,2012,12,0.147,SKU-VEL00768,Health Wearable,Pulse,White,SUP028,China,2012-08-12,GST_STANDARD,Protective case,True,True,"health wearable designed for walking and commute notifications, in the pulse family and supplied by vela with a 12-month warranty."
PRD0769,Candle Lumen 868,Networking,Candle,333.15,225.16,2015,24,0.696,SKU-CAN00769,Connected Network,Quest,Green,SUP029,Vietnam,2015-03-09,GST_STANDARD,Protective case,True,True,"connected network designed for connecting several shared household devices, in the quest family and supplied by candle with a 24-month warranty."
PRD0770,Vela Ridge 869,Accessory,Vela,144.73,84.01,2014,12,0.226,SKU-VEL00770,Mobile Accessory,Ridge,Silver,SUP030,Japan,2014-08-02,GST_STANDARD,Box,True,True,"mobile accessory designed for protective storage during travel, in the ridge family and supplied by vela with a 12-month warranty."
PRD0771,Candle Arc 870,Laptop,Candle,1105.04,670.25,2012,24,1.421,SKU-CAN00771,Ultrabook,Shift,Green,SUP031,Vietnam,2012-08-02,GST_STANDARD,Box,True,True,"ultrabook designed for creative projects and media editing, in the shift family and supplied by candle with a 24-month warranty."
PRD0772,Vela Echo 871,Smartphone,Vela,1357.22,1009.54,2013,24,0.24,SKU-VEL00772,5G Smartphone,Spark,Silver,SUP032,Malaysia,2013-11-21,GST_STANDARD,Box,True,True,"5g smartphone designed for work calls and calendar management, in the spark family and supplied by vela with a 24-month warranty."
PRD0773,Candle Orbit 872,Tablet,Candle,1247.83,727.01,2012,24,0.538,SKU-CAN00773,Productivity Tablet,Vista,Black,SUP033,Vietnam,2012-09-19,GST_STANDARD,Protective case,True,True,"productivity tablet designed for field forms and client presentations, in the vista family and supplied by candle with a 24-month warranty."
PRD0774,Vela Spark 873,Home Entertainment,Vela,3381.71,1716.88,2015,24,8.676,SKU-VEL00774,Smart Display,Wave,Blue,SUP034,Australia,2015-04-14,GST_STANDARD,Recycled box,True,True,"smart display designed for family media streaming, in the wave family and supplied by vela with a 24-month warranty."
PRD0775,Candle Bloom 874,Audio,Candle,545.51,381.0,2017,12,0.554,SKU-CAN00775,Wireless Audio,Arc,Gold,SUP035,Vietnam,2017-05-07,GST_STANDARD,Box,True,True,"wireless audio designed for video calls and online classes, in the arc family and supplied by candle with a 12-month warranty."
PRD0776,Vela Halo 875,Smart Home,Vela,143.41,74.46,2012,12,0.289,SKU-VEL00776,Home Automation,Atlas,Gold,SUP036,Japan,2012-03-02,GST_STANDARD,Recycled box,True,True,"home automation designed for indoor temperature and humidity monitoring, in the atlas family and supplied by vela with a 12-month warranty."
PRD0777,Candle Quest 876,Gaming,Candle,666.99,455.1,2012,24,1.626,SKU-CAN00777,Gaming Hardware,Bloom,Silver,SUP037,Vietnam,2012-08-05,GST_STANDARD,Box,False,True,"gaming hardware designed for competitive play and voice communication, in the bloom family and supplied by candle with a 24-month warranty."
PRD0778,Vela Wave 877,Wearable,Vela,769.84,559.08,2016,12,0.113,SKU-VEL00778,Health Wearable,Core,Black,SUP001,Vietnam,2016-07-02,GST_STANDARD,Protective case,True,True,"health wearable designed for exercise session summaries, in the core family and supplied by vela with a 12-month warranty."
PRD0779,Candle Edge 878,Networking,Candle,621.7,344.91,2012,24,0.844,SKU-CAN00779,Connected Network,Edge,Silver,SUP002,Australia,2012-12-21,GST_STANDARD,Recycled box,True,True,"connected network designed for video meetings and media streaming, in the edge family and supplied by candle with a 24-month warranty."
PRD0780,Vela Nova 879,Accessory,Vela,94.47,56.34,2015,12,0.181,SKU-VEL00780,Mobile Accessory,Echo,Green,SUP003,Japan,2015-11-20,GST_STANDARD,Protective case,True,True,"mobile accessory designed for charging-cable organisation, in the echo family and supplied by vela with a 12-month warranty."
PRD0781,Candle Shift 880,Laptop,Candle,2891.34,1948.97,2012,24,1.236,SKU-CAN00781,Ultrabook,Flux,Silver,SUP004,Malaysia,2012-12-27,GST_STANDARD,Recycled box,True,True,"ultrabook designed for shared home-office administration, in the flux family and supplied by candle with a 24-month warranty."
PRD0782,Vela Atlas 881,Smartphone,Vela,452.61,296.67,2015,24,0.288,SKU-VEL00782,5G Smartphone,Halo,White,SUP005,China,2015-12-04,GST_STANDARD,Protective case,True,True,"5g smartphone designed for travel planning and media use, in the halo family and supplied by vela with a 24-month warranty."
PRD0783,Candle Flux 882,Tablet,Candle,1292.19,912.65,2017,24,0.709,SKU-CAN00783,Productivity Tablet,Lumen,Black,SUP006,Australia,2017-08-23,GST_STANDARD,Protective case,True,True,"productivity tablet designed for family learning and shared browsing, in the lumen family and supplied by candle with a 24-month warranty."
PRD0784,Vela Pulse 883,Home Entertainment,Vela,1118.82,832.62,2014,24,8.707,SKU-VEL00784,Smart Display,Nova,Red,SUP007,China,2014-04-20,GST_STANDARD,Box,False,True,"smart display designed for casual living-room gaming, in the nova family and supplied by vela with a 24-month warranty."
PRD0785,Candle Vista 884,Audio,Candle,91.04,64.74,2016,12,0.61,SKU-CAN00785,Wireless Audio,Orbit,Gold,SUP008,Korea,2016-11-09,GST_STANDARD,Box,False,True,"wireless audio designed for shared-room music playback, in the orbit family and supplied by candle with a 12-month warranty."
PRD0786,Vela Core 885,Smart Home,Vela,400.03,259.47,2017,12,0.334,SKU-VEL00786,Home Automation,Pulse,Silver,SUP009,Malaysia,2017-07-21,GST_STANDARD,Box,False,True,"home automation designed for door and window activity alerts, in the pulse family and supplied by vela with a 12-month warranty."
PRD0787,Candle Lumen 886,Gaming,Candle,527.32,397.74,2013,24,1.143,SKU-CAN00787,Gaming Hardware,Quest,Gold,SUP010,Korea,2013-06-15,GST_STANDARD,Recycled box,True,True,"gaming hardware designed for portable gaming and travel, in the quest family and supplied by candle with a 24-month warranty."
PRD0788,Vela Ridge 887,Wearable,Vela,319.54,171.18,2014,12,0.158,SKU-VEL00788,Health Wearable,Ridge,Green,SUP011,Malaysia,2014-12-19,GST_STANDARD,Protective case,True,True,"health wearable designed for calendar alerts and quick message checks, in the ridge family and supplied by vela with a 12-month warranty."
PRD0789,Candle Arc 888,Networking,Candle,776.9,375.47,2016,24,0.653,SKU-CAN00789,Connected Network,Shift,Graphite,SUP012,Malaysia,2016-03-23,GST_STANDARD,Box,True,True,"connected network designed for guest-network and device management, in the shift family and supplied by candle with a 24-month warranty."
PRD0790,Vela Echo 889,Accessory,Vela,110.86,53.47,2014,12,0.246,SKU-VEL00790,Mobile Accessory,Spark,Gold,SUP013,Korea,2014-06-21,GST_STANDARD,Recycled box,True,True,"mobile accessory designed for connecting several devices through one compact adapter, in the spark family and supplied by vela with a 12-month warranty."
PRD0791,Candle Orbit 890,Laptop,Candle,2879.43,1785.5,2016,24,1.408,SKU-CAN00791,Ultrabook,Vista,White,SUP014,Australia,2016-09-10,GST_STANDARD,Box,False,True,"ultrabook designed for travel-based work and presentations, in the vista family and supplied by candle with a 24-month warranty."
PRD0792,Vela Spark 891,Smartphone,Vela,1199.37,862.65,2014,24,0.202,SKU-VEL00792,5G Smartphone,Wave,Red,SUP015,Vietnam,2014-01-23,GST_STANDARD,Box,False,True,"5g smartphone designed for family communication and casual apps, in the wave family and supplied by vela with a 24-month warranty."
PRD0793,Candle Bloom 892,Tablet,Candle,476.45,302.9,2016,24,0.625,SKU-CAN00793,Productivity Tablet,Arc,Silver,SUP016,Japan,2016-03-12,GST_STANDARD,Box,True,True,"productivity tablet designed for drawing and lightweight creative work, in the arc family and supplied by candle with a 24-month warranty."
PRD0794,Vela Halo 893,Home Entertainment,Vela,464.13,348.15,2017,24,8.687,SKU-VEL00794,Smart Display,Atlas,Red,SUP017,Malaysia,2017-11-20,GST_STANDARD,Recycled box,True,True,"smart display designed for presentations and photo viewing, in the atlas family and supplied by vela with a 24-month warranty."
PRD0795,Candle Quest 894,Audio,Candle,1118.81,757.33,2014,12,0.396,SKU-CAN00795,Wireless Audio,Bloom,Blue,SUP018,Australia,2014-12-27,GST_STANDARD,Box,False,True,"wireless audio designed for long listening sessions at home, in the bloom family and supplied by candle with a 12-month warranty."
PRD0796,Vela Wave 895,Smart Home,Vela,214.68,105.03,2014,12,0.391,SKU-VEL00796,Home Automation,Core,Green,SUP019,Australia,2014-11-12,GST_STANDARD,Box,True,True,"home automation designed for automated blind and curtain routines, in the core family and supplied by vela with a 12-month warranty."
PRD0797,Candle Edge 896,Gaming,Candle,850.77,474.81,2015,24,1.021,SKU-CAN00797,Gaming Hardware,Edge,Silver,SUP020,Australia,2015-03-21,GST_STANDARD,Recycled box,True,True,"gaming hardware designed for game streaming and media capture, in the edge family and supplied by candle with a 24-month warranty."
PRD0798,Vela Nova 897,Wearable,Vela,647.08,421.22,2016,12,0.089,SKU-VEL00798,Health Wearable,Echo,White,SUP021,Korea,2016-12-19,GST_STANDARD,Recycled box,True,True,"health wearable designed for habit reminders and everyday timekeeping, in the echo family and supplied by vela with a 12-month warranty."
PRD0799,Candle Shift 898,Networking,Candle,246.05,120.15,2016,24,0.842,SKU-CAN00799,Connected Network,Flux,White,SUP022,Vietnam,2016-11-13,GST_STANDARD,Protective case,True,True,"connected network designed for extending coverage between rooms, in the flux family and supplied by candle with a 24-month warranty."
PRD0800,Vela Atlas 899,Accessory,Vela,274.87,205.86,2012,12,0.238,SKU-VEL00800,Mobile Accessory,Halo,Red,SUP023,Japan,2012-12-10,GST_STANDARD,Recycled box,False,True,"mobile accessory designed for hands-free device support in a shared workspace, in the halo family and supplied by vela with a 12-month warranty."
PRD0801,Candle Flux 900,Laptop,Candle,1009.09,721.35,2015,24,1.865,SKU-CAN00801,Ultrabook,Lumen,White,SUP024,Vietnam,2015-05-07,GST_STANDARD,Protective case,False,True,"ultrabook designed for portable document work and video meetings, in the lumen family and supplied by candle with a 24-month warranty."
PRD0802,Vela Pulse 901,Smartphone,Vela,593.98,407.16,2013,24,0.272,SKU-VEL00802,5G Smartphone,Nova,White,SUP025,Vietnam,2013-09-06,GST_STANDARD,Recycled box,True,True,"5g smartphone designed for daily communication and navigation, in the nova family and supplied by vela with a 24-month warranty."
PRD0803,Candle Vista 902,Tablet,Candle,585.93,424.84,2014,24,0.671,SKU-CAN00803,Productivity Tablet,Orbit,White,SUP026,Korea,2014-02-15,GST_STANDARD,Recycled box,True,True,"productivity tablet designed for reading, annotation and handwritten notes, in the orbit family and supplied by candle with a 24-month warranty."
PRD0804,Vela Core 903,Home Entertainment,Vela,2829.97,1897.27,2013,24,8.014,SKU-VEL00804,Smart Display,Pulse,Graphite,SUP027,Japan,2013-08-10,GST_STANDARD,Box,True,True,"smart display designed for shared film and television viewing, in the pulse family and supplied by vela with a 24-month warranty."
PRD0805,Candle Lumen 904,Audio,Candle,997.5,600.25,2013,12,0.61,SKU-CAN00805,Wireless Audio,Quest,White,SUP028,China,2013-07-26,GST_STANDARD,Protective case,True,True,"wireless audio designed for commuting and spoken-content listening, in the quest family and supplied by candle with a 12-month warranty."
PRD0806,Vela Ridge 905,Smart Home,Vela,351.54,222.58,2012,12,0.342,SKU-VEL00806,Home Automation,Ridge,Red,SUP029,Australia,2012-03-10,GST_STANDARD,Protective case,False,True,"home automation designed for app-controlled room lighting, in the ridge family and supplied by vela with a 12-month warranty."
PRD0807,Candle Arc 906,Gaming,Candle,1766.65,1307.24,2015,24,1.036,SKU-CAN00807,Gaming Hardware,Shift,Graphite,SUP030,Australia,2015-11-19,GST_STANDARD,Box,True,True,"gaming hardware designed for long desktop gaming sessions, in the shift family and supplied by candle with a 24-month warranty."
PRD0808,Vela Echo 907,Wearable,Vela,566.96,331.87,2013,12,0.101,SKU-VEL00808,Health Wearable,Spark,Silver,SUP031,China,2013-01-02,GST_STANDARD,Protective case,True,True,"health wearable designed for daily activity and sleep tracking, in the spark family and supplied by vela with a 12-month warranty."
PRD0809,Candle Orbit 908,Networking,Candle,217.32,116.41,2015,24,0.612,SKU-CAN00809,Connected Network,Vista,Graphite,SUP032,Australia,2015-07-20,GST_STANDARD,Protective case,True,True,"connected network designed for home-office wireless coverage, in the vista family and supplied by candle with a 24-month warranty."
PRD0810,Vela Spark 909,Accessory,Vela,325.73,229.92,2012,12,0.204,SKU-VEL00810,Mobile Accessory,Wave,White,SUP033,China,2012-08-17,GST_STANDARD,Box,False,True,"mobile accessory designed for adjustable desk mounting and device positioning, in the wave family and supplied by vela with a 12-month warranty."
PRD0811,Candle Bloom 910,Laptop,Candle,1099.78,814.55,2016,24,1.962,SKU-CAN00811,Ultrabook,Arc,Graphite,SUP034,Japan,2016-09-07,GST_STANDARD,Recycled box,True,True,"ultrabook designed for study, research and note taking, in the arc family and supplied by candle with a 24-month warranty."
PRD0812,Vela Halo 911,Smartphone,Vela,972.39,714.8,2015,24,0.236,SKU-VEL00812,5G Smartphone,Atlas,Gold,SUP035,China,2015-06-11,GST_STANDARD,Protective case,False,True,"5g smartphone designed for mobile photography and messaging, in the atlas family and supplied by vela with a 24-month warranty."
PRD0813,Candle Quest 912,Tablet,Candle,772.8,576.32,2016,24,0.654,SKU-CAN00813,Productivity Tablet,Bloom,Gold,SUP036,China,2016-02-08,GST_STANDARD,Recycled box,True,True,"productivity tablet designed for portable media and video calls, in the bloom family and supplied by candle with a 24-month warranty."
PRD0814,Vela Wave 913,Home Entertainment,Vela,1407.66,940.64,2016,24,10.137,SKU-VEL00814,Smart Display,Core,Green,SUP037,Vietnam,2016-11-03,GST_STANDARD,Protective case,False,True,"smart display designed for music and spoken-content playback, in the core family and supplied by vela with a 24-month warranty."
PRD0815,Candle Edge 914,Audio,Candle,748.08,382.77,2015,12,0.526,SKU-CAN00815,Wireless Audio,Edge,Black,SUP001,Vietnam,2015-11-14,GST_STANDARD,Protective case,False,True,"wireless audio designed for music during focused desk work, in the edge family and supplied by candle with a 12-month warranty."
PRD0816,Vela Nova 915,Smart Home,Vela,213.13,111.05,2013,12,0.478,SKU-VEL00816,Home Automation,Echo,Blue,SUP002,Malaysia,2013-10-12,GST_STANDARD,Protective case,True,False,"home automation designed for scheduled control of a household power outlet, in the echo family and supplied by vela with a 12-month warranty."
PRD0817,Candle Shift 916,Gaming,Candle,2143.54,1362.68,2016,24,1.432,SKU-CAN00817,Gaming Hardware,Flux,Red,SUP003,Australia,2016-10-14,GST_STANDARD,Recycled box,False,True,"gaming hardware designed for casual games in a shared room, in the flux family and supplied by candle with a 24-month warranty."
PRD0818,Vela Atlas 917,Wearable,Vela,1065.11,605.71,2016,12,0.104,SKU-VEL00818,Health Wearable,Halo,Blue,SUP004,Malaysia,2016-07-20,GST_STANDARD,Box,True,True,"health wearable designed for walking and commute notifications, in the halo family and supplied by vela with a 12-month warranty."
PRD0819,Candle Flux 918,Networking,Candle,282.56,172.94,2012,24,0.671,SKU-CAN00819,Connected Network,Lumen,Green,SUP005,Malaysia,2012-11-18,GST_STANDARD,Box,False,False,"connected network designed for connecting several shared household devices, in the lumen family and supplied by candle with a 24-month warranty."
PRD0820,Vela Pulse 919,Accessory,Vela,135.5,81.86,2015,12,0.152,SKU-VEL00820,Mobile Accessory,Nova,Blue,SUP006,Malaysia,2015-11-27,GST_STANDARD,Box,False,True,"mobile accessory designed for protective storage during travel, in the nova family and supplied by vela with a 12-month warranty."
PRD0821,Candle Vista 920,Laptop,Candle,1235.41,599.02,2012,24,1.859,SKU-CAN00821,Ultrabook,Orbit,Black,SUP007,Vietnam,2012-09-08,GST_STANDARD,Protective case,False,True,"ultrabook designed for creative projects and media editing, in the orbit family and supplied by candle with a 24-month warranty."
PRD0822,Vela Core 921,Smartphone,Vela,1374.65,1006.22,2013,24,0.276,SKU-VEL00822,5G Smartphone,Pulse,Black,SUP008,China,2013-12-22,GST_STANDARD,Protective case,True,True,"5g smartphone designed for work calls and calendar management, in the pulse family and supplied by vela with a 24-month warranty."
PRD0823,Candle Lumen 922,Tablet,Candle,631.56,373.38,2014,24,0.651,SKU-CAN00823,Productivity Tablet,Quest,Red,SUP009,Malaysia,2014-05-26,GST_STANDARD,Box,True,True,"productivity tablet designed for field forms and client presentations, in the quest family and supplied by candle with a 24-month warranty."
PRD0824,Vela Ridge 923,Home Entertainment,Vela,3509.94,2346.92,2015,24,9.343,SKU-VEL00824,Smart Display,Ridge,Graphite,SUP010,Malaysia,2015-02-04,GST_STANDARD,Recycled box,True,True,"smart display designed for family media streaming, in the ridge family and supplied by vela with a 24-month warranty."
PRD0825,Candle Arc 924,Audio,Candle,606.92,323.72,2014,12,0.526,SKU-CAN00825,Wireless Audio,Shift,Graphite,SUP011,Malaysia,2014-09-16,GST_STANDARD,Protective case,True,True,"wireless audio designed for video calls and online classes, in the shift family and supplied by candle with a 12-month warranty."
PRD0826,Vela Echo 925,Smart Home,Vela,402.15,199.36,2013,12,0.354,SKU-VEL00826,Home Automation,Spark,Graphite,SUP012,Vietnam,2013-03-25,GST_STANDARD,Box,True,True,"home automation designed for indoor temperature and humidity monitoring, in the spark family and supplied by vela with a 12-month warranty."
PRD0827,Candle Orbit 926,Gaming,Candle,1290.81,930.81,2013,24,1.309,SKU-CAN00827,Gaming Hardware,Vista,White,SUP013,Korea,2013-01-07,GST_STANDARD,Recycled box,True,True,"gaming hardware designed for competitive play and voice communication, in the vista family and supplied by candle with a 24-month warranty."
PRD0828,Vela Spark 927,Wearable,Vela,457.81,237.98,2016,12,0.088,SKU-VEL00828,Health Wearable,Wave,White,SUP014,China,2016-11-13,GST_STANDARD,Recycled box,True,True,"health wearable designed for exercise session summaries, in the wave family and supplied by vela with a 12-month warranty."
PRD0829,Candle Bloom 928,Networking,Candle,964.04,607.74,2015,24,0.896,SKU-CAN00829,Connected Network,Arc,Black,SUP015,Japan,2015-06-20,GST_STANDARD,Protective case,False,True,"connected network designed for video meetings and media streaming, in the arc family and supplied by candle with a 24-month warranty."
PRD0830,Vela Halo 929,Accessory,Vela,57.62,38.54,2013,12,0.224,SKU-VEL00830,Mobile Accessory,Atlas,Black,SUP016,Australia,2013-03-13,GST_STANDARD,Box,False,True,"mobile accessory designed for charging-cable organisation, in the atlas family and supplied by vela with a 12-month warranty."
PRD0831,Candle Quest 930,Laptop,Candle,2373.29,1624.53,2015,24,1.937,SKU-CAN00831,Ultrabook,Bloom,Black,SUP017,China,2015-10-01,GST_STANDARD,Box,True,True,"ultrabook designed for shared home-office administration, in the bloom family and supplied by candle with a 24-month warranty."
PRD0832,Vela Wave 931,Smartphone,Vela,1257.86,724.11,2016,24,0.16,SKU-VEL00832,5G Smartphone,Core,White,SUP018,Malaysia,2016-01-18,GST_STANDARD,Box,False,True,"5g smartphone designed for travel planning and media use, in the core family and supplied by vela with a 24-month warranty."
PRD0833,Candle Edge 932,Tablet,Candle,941.26,475.83,2012,24,0.767,SKU-CAN00833,Productivity Tablet,Edge,White,SUP019,Vietnam,2012-01-21,GST_STANDARD,Box,True,True,"productivity tablet designed for family learning and shared browsing, in the edge family and supplied by candle with a 24-month warranty."
PRD0834,Vela Nova 933,Home Entertainment,Vela,2605.19,1599.6,2015,24,5.483,SKU-VEL00834,Smart Display,Echo,Graphite,SUP020,Malaysia,2015-02-08,GST_STANDARD,Recycled box,True,True,"smart display designed for casual living-room gaming, in the echo family and supplied by vela with a 24-month warranty."
PRD0835,Candle Shift 934,Audio,Candle,982.79,539.61,2013,12,0.602,SKU-CAN00835,Wireless Audio,Flux,Red,SUP021,Japan,2013-09-20,GST_STANDARD,Protective case,True,False,"wireless audio designed for shared-room music playback, in the flux family and supplied by candle with a 12-month warranty."
PRD0836,Vela Atlas 935,Smart Home,Vela,826.24,514.18,2015,12,0.473,SKU-VEL00836,Home Automation,Halo,Blue,SUP022,Korea,2015-02-24,GST_STANDARD,Recycled box,True,True,"home automation designed for door and window activity alerts, in the halo family and supplied by vela with a 12-month warranty."
PRD0837,Candle Flux 936,Gaming,Candle,471.38,261.47,2013,24,0.932,SKU-CAN00837,Gaming Hardware,Lumen,Black,SUP023,Malaysia,2013-05-02,GST_STANDARD,Protective case,True,True,"gaming hardware designed for portable gaming and travel, in the lumen family and supplied by candle with a 24-month warranty."
PRD0838,Vela Pulse 937,Wearable,Vela,904.43,456.82,2014,12,0.098,SKU-VEL00838,Health Wearable,Nova,Blue,SUP024,Vietnam,2014-10-25,GST_STANDARD,Protective case,True,True,"health wearable designed for calendar alerts and quick message checks, in the nova family and supplied by vela with a 12-month warranty."
PRD0839,Candle Vista 938,Networking,Candle,1311.55,845.34,2016,24,0.789,SKU-CAN00839,Connected Network,Orbit,Red,SUP025,Vietnam,2016-09-12,GST_STANDARD,Protective case,True,True,"connected network designed for guest-network and device management, in the orbit family and supplied by candle with a 24-month warranty."
PRD0840,Vela Core 939,Accessory,Vela,48.65,35.05,2015,12,0.192,SKU-VEL00840,Mobile Accessory,Pulse,Graphite,SUP026,Vietnam,2015-10-01,GST_STANDARD,Box,True,True,"mobile accessory designed for connecting several devices through one compact adapter, in the pulse family and supplied by vela with a 12-month warranty."
PRD0841,Candle Lumen 940,Laptop,Candle,2157.33,1572.4,2013,24,2.032,SKU-CAN00841,Ultrabook,Quest,Green,SUP027,Malaysia,2013-07-23,GST_STANDARD,Recycled box,True,True,"ultrabook designed for travel-based work and presentations, in the quest family and supplied by candle with a 24-month warranty."
PRD0842,Vela Ridge 941,Smartphone,Vela,1418.63,903.06,2015,24,0.192,SKU-VEL00842,5G Smartphone,Ridge,Red,SUP028,Vietnam,2015-01-27,GST_STANDARD,Protective case,True,True,"5g smartphone designed for family communication and casual apps, in the ridge family and supplied by vela with a 24-month warranty."
PRD0843,Candle Arc 942,Tablet,Candle,676.52,472.09,2012,24,0.636,SKU-CAN00843,Productivity Tablet,Shift,Gold,SUP029,Vietnam,2012-09-05,GST_STANDARD,Protective case,True,True,"productivity tablet designed for drawing and lightweight creative work, in the shift family and supplied by candle with a 24-month warranty."
PRD0844,Vela Echo 943,Home Entertainment,Vela,1595.23,1060.16,2017,24,6.951,SKU-VEL00844,Smart Display,Spark,Red,SUP030,Vietnam,2017-06-07,GST_STANDARD,Protective case,True,True,"smart display designed for presentations and photo viewing, in the spark family and supplied by vela with a 24-month warranty."
PRD0845,Candle Orbit 944,Audio,Candle,1093.84,690.62,2016,12,0.468,SKU-CAN00845,Wireless Audio,Vista,Black,SUP031,Vietnam,2016-04-16,GST_STANDARD,Recycled box,False,True,"wireless audio designed for long listening sessions at home, in the vista family and supplied by candle with a 12-month warranty."
PRD0846,Vela Spark 945,Smart Home,Vela,427.97,299.0,2015,12,0.38,SKU-VEL00846,Home Automation,Wave,Blue,SUP032,Japan,2015-05-10,GST_STANDARD,Recycled box,True,True,"home automation designed for automated blind and curtain routines, in the wave family and supplied by vela with a 12-month warranty."
PRD0847,Candle Bloom 946,Gaming,Candle,370.04,250.78,2017,24,1.249,SKU-CAN00847,Gaming Hardware,Arc,Green,SUP033,China,2017-06-02,GST_STANDARD,Protective case,True,True,"gaming hardware designed for game streaming and media capture, in the arc family and supplied by candle with a 24-month warranty."
PRD0848,Vela Halo 947,Wearable,Vela,522.45,314.51,2014,12,0.127,SKU-VEL00848,Health Wearable,Atlas,Gold,SUP034,Vietnam,2014-10-26,GST_STANDARD,Box,True,True,"health wearable designed for habit reminders and everyday timekeeping, in the atlas family and supplied by vela with a 12-month warranty."
PRD0849,Candle Quest 948,Networking,Candle,272.8,204.85,2017,24,0.785,SKU-CAN00849,Connected Network,Bloom,Black,SUP035,Korea,2017-03-18,GST_STANDARD,Recycled box,False,True,"connected network designed for extending coverage between rooms, in the bloom family and supplied by candle with a 24-month warranty."
PRD0850,Vela Wave 949,Accessory,Vela,312.03,225.4,2017,12,0.22,SKU-VEL00850,Mobile Accessory,Core,White,SUP036,Malaysia,2017-06-24,GST_STANDARD,Protective case,False,True,"mobile accessory designed for hands-free device support in a shared workspace, in the core family and supplied by vela with a 12-month warranty."
PRD0851,Candle Edge 950,Laptop,Candle,3078.03,1485.93,2015,24,2.011,SKU-CAN00851,Ultrabook,Edge,Silver,SUP037,Korea,2015-12-15,GST_STANDARD,Recycled box,True,True,"ultrabook designed for portable document work and video meetings, in the edge family and supplied by candle with a 24-month warranty."
PRD0852,Vela Nova 951,Smartphone,Vela,465.95,261.28,2016,24,0.284,SKU-VEL00852,5G Smartphone,Echo,Blue,SUP001,Korea,2016-05-01,GST_STANDARD,Box,True,True,"5g smartphone designed for daily communication and navigation, in the echo family and supplied by vela with a 24-month warranty."
PRD0853,Candle Shift 952,Tablet,Candle,1558.78,1072.99,2013,24,0.725,SKU-CAN00853,Productivity Tablet,Flux,Black,SUP002,Malaysia,2013-02-25,GST_STANDARD,Box,True,True,"productivity tablet designed for reading, annotation and handwritten notes, in the flux family and supplied by candle with a 24-month warranty."
PRD0854,Vela Atlas 953,Home Entertainment,Vela,2184.3,1245.89,2016,24,6.841,SKU-VEL00854,Smart Display,Halo,White,SUP003,Australia,2016-07-19,GST_STANDARD,Box,True,True,"smart display designed for shared film and television viewing, in the halo family and supplied by vela with a 24-month warranty."
PRD0855,Candle Flux 954,Audio,Candle,316.87,211.09,2015,12,0.633,SKU-CAN00855,Wireless Audio,Lumen,White,SUP004,Korea,2015-01-17,GST_STANDARD,Protective case,False,True,"wireless audio designed for commuting and spoken-content listening, in the lumen family and supplied by candle with a 12-month warranty."
PRD0856,Vela Pulse 955,Smart Home,Vela,734.6,401.9,2015,12,0.293,SKU-VEL00856,Home Automation,Nova,Blue,SUP005,Korea,2015-03-10,GST_STANDARD,Box,True,False,"home automation designed for app-controlled room lighting, in the nova family and supplied by vela with a 12-month warranty."
PRD0857,Candle Vista 956,Gaming,Candle,998.5,594.33,2015,24,1.562,SKU-CAN00857,Gaming Hardware,Orbit,Silver,SUP006,Japan,2015-11-23,GST_STANDARD,Box,False,True,"gaming hardware designed for long desktop gaming sessions, in the orbit family and supplied by candle with a 24-month warranty."
PRD0858,Vela Core 957,Wearable,Vela,188.42,139.22,2016,12,0.114,SKU-VEL00858,Health Wearable,Pulse,Silver,SUP007,Korea,2016-05-24,GST_STANDARD,Recycled box,True,True,"health wearable designed for daily activity and sleep tracking, in the pulse family and supplied by vela with a 12-month warranty."
PRD0859,Candle Lumen 958,Networking,Candle,530.9,365.47,2012,24,0.6,SKU-CAN00859,Connected Network,Quest,Black,SUP008,Korea,2012-05-08,GST_STANDARD,Recycled box,True,True,"connected network designed for home-office wireless coverage, in the quest family and supplied by candle with a 24-month warranty."
PRD0860,Vela Ridge 959,Accessory,Vela,359.33,211.58,2012,12,0.135,SKU-VEL00860,Mobile Accessory,Ridge,Gold,SUP009,Australia,2012-09-24,GST_STANDARD,Box,True,True,"mobile accessory designed for adjustable desk mounting and device positioning, in the ridge family and supplied by vela with a 12-month warranty."
PRD0861,Candle Arc 960,Laptop,Candle,1625.97,1157.89,2016,24,2.052,SKU-CAN00861,Ultrabook,Shift,Gold,SUP010,China,2016-03-05,GST_STANDARD,Box,True,True,"ultrabook designed for study, research and note taking, in the shift family and supplied by candle with a 24-month warranty."
PRD0862,Vela Echo 961,Smartphone,Vela,1164.81,842.83,2012,24,0.226,SKU-VEL00862,5G Smartphone,Spark,Graphite,SUP011,Vietnam,2012-01-16,GST_STANDARD,Recycled box,True,True,"5g smartphone designed for mobile photography and messaging, in the spark family and supplied by vela with a 24-month warranty."
PRD0863,Candle Orbit 962,Tablet,Candle,774.62,518.54,2012,24,0.567,SKU-CAN00863,Productivity Tablet,Vista,Gold,SUP012,Korea,2012-04-07,GST_STANDARD,Box,True,True,"productivity tablet designed for portable media and video calls, in the vista family and supplied by candle with a 24-month warranty."
PRD0864,Vela Spark 963,Home Entertainment,Vela,3026.32,2087.24,2017,24,7.985,SKU-VEL00864,Smart Display,Wave,Graphite,SUP013,Vietnam,2017-05-08,GST_STANDARD,Box,True,True,"smart display designed for music and spoken-content playback, in the wave family and supplied by vela with a 24-month warranty."
PRD0865,Candle Bloom 964,Audio,Candle,308.23,173.84,2012,12,0.627,SKU-CAN00865,Wireless Audio,Arc,Gold,SUP014,Vietnam,2012-02-24,GST_STANDARD,Protective case,True,True,"wireless audio designed for music during focused desk work, in the arc family and supplied by candle with a 12-month warranty."
PRD0866,Vela Halo 965,Smart Home,Vela,684.58,444.31,2012,12,0.414,SKU-VEL00866,Home Automation,Atlas,White,SUP015,Japan,2012-02-10,GST_STANDARD,Recycled box,False,True,"home automation designed for scheduled control of a household power outlet, in the atlas family and supplied by vela with a 12-month warranty."
PRD0867,Candle Quest 966,Gaming,Candle,500.96,305.39,2013,24,0.96,SKU-CAN00867,Gaming Hardware,Bloom,Gold,SUP016,Australia,2013-11-08,GST_STANDARD,Box,False,True,"gaming hardware designed for casual games in a shared room, in the bloom family and supplied by candle with a 24-month warranty."
PRD0868,Vela Wave 967,Wearable,Vela,956.14,630.35,2017,12,0.144,SKU-VEL00868,Health Wearable,Core,Graphite,SUP017,Japan,2017-07-08,GST_STANDARD,Box,True,True,"health wearable designed for walking and commute notifications, in the core family and supplied by vela with a 12-month warranty."
PRD0869,Candle Edge 968,Networking,Candle,1298.92,680.49,2015,24,0.544,SKU-CAN00869,Connected Network,Edge,Black,SUP018,Australia,2015-06-23,GST_STANDARD,Recycled box,False,True,"connected network designed for connecting several shared household devices, in the edge family and supplied by candle with a 24-month warranty."
PRD0870,Vela Nova 969,Accessory,Vela,370.25,250.36,2015,12,0.227,SKU-VEL00870,Mobile Accessory,Echo,Gold,SUP019,Australia,2015-01-11,GST_STANDARD,Protective case,True,True,"mobile accessory designed for protective storage during travel, in the echo family and supplied by vela with a 12-month warranty."
PRD0871,Candle Shift 970,Laptop,Candle,3102.51,1589.57,2017,24,1.458,SKU-CAN00871,Ultrabook,Flux,Black,SUP020,Korea,2017-09-06,GST_STANDARD,Recycled box,True,True,"ultrabook designed for creative projects and media editing, in the flux family and supplied by candle with a 24-month warranty."
PRD0872,Vela Atlas 971,Smartphone,Vela,1383.23,991.8,2012,24,0.166,SKU-VEL00872,5G Smartphone,Halo,Gold,SUP021,Korea,2012-01-24,GST_STANDARD,Box,True,True,"5g smartphone designed for work calls and calendar management, in the halo family and supplied by vela with a 24-month warranty."
PRD0873,Candle Flux 972,Tablet,Candle,343.79,180.8,2014,24,0.515,SKU-CAN00873,Productivity Tablet,Lumen,Blue,SUP022,Vietnam,2014-02-17,GST_STANDARD,Recycled box,False,True,"productivity tablet designed for field forms and client presentations, in the lumen family and supplied by candle with a 24-month warranty."
PRD0874,Vela Pulse 973,Home Entertainment,Vela,4174.45,2663.57,2013,24,9.765,SKU-VEL00874,Smart Display,Nova,Green,SUP023,Vietnam,2013-09-25,GST_STANDARD,Recycled box,True,True,"smart display designed for family media streaming, in the nova family and supplied by vela with a 24-month warranty."
PRD0875,Candle Vista 974,Audio,Candle,1168.64,756.27,2015,12,0.521,SKU-CAN00875,Wireless Audio,Orbit,Gold,SUP024,Japan,2015-09-18,GST_STANDARD,Box,True,True,"wireless audio designed for video calls and online classes, in the orbit family and supplied by candle with a 12-month warranty."
PRD0876,Vela Core 975,Smart Home,Vela,61.28,39.97,2015,12,0.345,SKU-VEL00876,Home Automation,Pulse,Blue,SUP025,China,2015-08-23,GST_STANDARD,Protective case,True,True,"home automation designed for indoor temperature and humidity monitoring, in the pulse family and supplied by vela with a 12-month warranty."
PRD0877,Candle Lumen 976,Gaming,Candle,921.48,659.43,2012,24,1.356,SKU-CAN00877,Gaming Hardware,Quest,Green,SUP026,Australia,2012-03-20,GST_STANDARD,Recycled box,True,True,"gaming hardware designed for competitive play and voice communication, in the quest family and supplied by candle with a 24-month warranty."
PRD0878,Vela Ridge 977,Wearable,Vela,453.39,297.03,2014,12,0.116,SKU-VEL00878,Health Wearable,Ridge,Red,SUP027,China,2014-11-20,GST_STANDARD,Protective case,False,True,"health wearable designed for exercise session summaries, in the ridge family and supplied by vela with a 12-month warranty."
PRD0879,Candle Arc 978,Networking,Candle,1214.72,693.74,2017,24,0.857,SKU-CAN00879,Connected Network,Shift,Red,SUP028,Australia,2017-10-19,GST_STANDARD,Recycled box,False,True,"connected network designed for video meetings and media streaming, in the shift family and supplied by candle with a 24-month warranty."
PRD0880,Vela Echo 979,Accessory,Vela,148.01,103.35,2012,12,0.136,SKU-VEL00880,Mobile Accessory,Spark,Black,SUP029,China,2012-07-17,GST_STANDARD,Protective case,True,True,"mobile accessory designed for charging-cable organisation, in the spark family and supplied by vela with a 12-month warranty."
PRD0881,Candle Orbit 980,Laptop,Candle,1901.2,1384.51,2015,24,1.737,SKU-CAN00881,Ultrabook,Vista,Red,SUP030,Japan,2015-04-15,GST_STANDARD,Protective case,False,True,"ultrabook designed for shared home-office administration, in the vista family and supplied by candle with a 24-month warranty."
PRD0882,Vela Spark 981,Smartphone,Vela,404.51,256.8,2015,24,0.165,SKU-VEL00882,5G Smartphone,Wave,Red,SUP031,Australia,2015-05-16,GST_STANDARD,Protective case,True,True,"5g smartphone designed for travel planning and media use, in the wave family and supplied by vela with a 24-month warranty."
PRD0883,Candle Bloom 982,Tablet,Candle,1440.86,763.72,2017,24,0.639,SKU-CAN00883,Productivity Tablet,Arc,Red,SUP032,Malaysia,2017-03-25,GST_STANDARD,Protective case,False,True,"productivity tablet designed for family learning and shared browsing, in the arc family and supplied by candle with a 24-month warranty."
PRD0884,Vela Halo 983,Home Entertainment,Vela,1847.69,1264.69,2017,24,7.078,SKU-VEL00884,Smart Display,Atlas,Red,SUP033,China,2017-03-02,GST_STANDARD,Recycled box,False,False,"smart display designed for casual living-room gaming, in the atlas family and supplied by vela with a 24-month warranty."
PRD0885,Candle Quest 984,Audio,Candle,689.68,397.37,2015,12,0.624,SKU-CAN00885,Wireless Audio,Bloom,Blue,SUP034,Vietnam,2015-05-06,GST_STANDARD,Recycled box,True,True,"wireless audio designed for shared-room music playback, in the bloom family and supplied by candle with a 12-month warranty."
PRD0886,Vela Wave 985,Smart Home,Vela,529.82,363.55,2015,12,0.454,SKU-VEL00886,Home Automation,Core,White,SUP035,Japan,2015-05-20,GST_STANDARD,Box,False,True,"home automation designed for door and window activity alerts, in the core family and supplied by vela with a 12-month warranty."
PRD0887,Candle Edge 986,Gaming,Candle,159.97,119.92,2013,24,1.537,SKU-CAN00887,Gaming Hardware,Edge,Silver,SUP036,Vietnam,2013-09-24,GST_STANDARD,Protective case,True,True,"gaming hardware designed for portable gaming and travel, in the edge family and supplied by candle with a 24-month warranty."
PRD0888,Vela Nova 987,Wearable,Vela,735.67,397.08,2015,12,0.098,SKU-VEL00888,Health Wearable,Echo,Silver,SUP037,China,2015-12-01,GST_STANDARD,Protective case,True,True,"health wearable designed for calendar alerts and quick message checks, in the echo family and supplied by vela with a 12-month warranty."
PRD0889,Candle Shift 988,Networking,Candle,893.76,466.57,2016,24,0.619,SKU-CAN00889,Connected Network,Flux,White,SUP001,Japan,2016-08-20,GST_STANDARD,Box,True,True,"connected network designed for guest-network and device management, in the flux family and supplied by candle with a 24-month warranty."
PRD0890,Vela Atlas 989,Accessory,Vela,279.59,159.17,2016,12,0.16,SKU-VEL00890,Mobile Accessory,Halo,Blue,SUP002,Japan,2016-06-13,GST_STANDARD,Protective case,True,True,"mobile accessory designed for connecting several devices through one compact adapter, in the halo family and supplied by vela with a 12-month warranty."
PRD0891,Candle Flux 990,Laptop,Candle,2011.11,1349.16,2015,24,1.446,SKU-CAN00891,Ultrabook,Lumen,Gold,SUP003,Japan,2015-08-21,GST_STANDARD,Protective case,True,True,"ultrabook designed for travel-based work and presentations, in the lumen family and supplied by candle with a 24-month warranty."
PRD0892,Vela Pulse 991,Smartphone,Vela,602.8,312.09,2014,24,0.237,SKU-VEL00892,5G Smartphone,Nova,Silver,SUP004,China,2014-06-06,GST_STANDARD,Box,True,True,"5g smartphone designed for family communication and casual apps, in the nova family and supplied by vela with a 24-month warranty."
PRD0893,Candle Vista 992,Tablet,Candle,739.92,509.84,2013,24,0.596,SKU-CAN00893,Productivity Tablet,Orbit,Gold,SUP005,Korea,2013-10-06,GST_STANDARD,Recycled box,True,True,"productivity tablet designed for drawing and lightweight creative work, in the orbit family and supplied by candle with a 24-month warranty."
PRD0894,Vela Core 993,Home Entertainment,Vela,2968.01,1898.65,2013,24,5.835,SKU-VEL00894,Smart Display,Pulse,White,SUP006,Malaysia,2013-04-02,GST_STANDARD,Box,True,True,"smart display designed for presentations and photo viewing, in the pulse family and supplied by vela with a 24-month warranty."
PRD0895,Candle Lumen 994,Audio,Candle,1012.5,642.43,2017,12,0.374,SKU-CAN00895,Wireless Audio,Quest,Green,SUP007,Japan,2017-07-08,GST_STANDARD,Recycled box,True,False,"wireless audio designed for long listening sessions at home, in the quest family and supplied by candle with a 12-month warranty."
PRD0896,Vela Ridge 995,Smart Home,Vela,810.67,613.79,2012,12,0.322,SKU-VEL00896,Home Automation,Ridge,Gold,SUP008,Malaysia,2012-06-14,GST_STANDARD,Protective case,True,True,"home automation designed for automated blind and curtain routines, in the ridge family and supplied by vela with a 12-month warranty."
PRD0897,Candle Arc 996,Gaming,Candle,368.24,199.68,2014,24,1.369,SKU-CAN00897,Gaming Hardware,Shift,Red,SUP009,Korea,2014-10-07,GST_STANDARD,Recycled box,False,True,"gaming hardware designed for game streaming and media capture, in the shift family and supplied by candle with a 24-month warranty."
PRD0898,Vela Echo 997,Wearable,Vela,272.18,194.98,2015,12,0.153,SKU-VEL00898,Health Wearable,Spark,Green,SUP010,Australia,2015-11-24,GST_STANDARD,Recycled box,True,True,"health wearable designed for habit reminders and everyday timekeeping, in the spark family and supplied by vela with a 12-month warranty."
PRD0899,Candle Orbit 998,Networking,Candle,1056.76,676.26,2016,24,0.85,SKU-CAN00899,Connected Network,Vista,Green,SUP011,Japan,2016-11-10,GST_STANDARD,Box,True,True,"connected network designed for extending coverage between rooms, in the vista family and supplied by candle with a 24-month warranty."
PRD0900,Vela Spark 999,Accessory,Vela,204.44,154.7,2013,12,0.243,SKU-VEL00900,Mobile Accessory,Wave,Green,SUP012,Malaysia,2013-03-03,GST_STANDARD,Protective case,True,True,"mobile accessory designed for hands-free device support in a shared workspace, in the wave family and supplied by vela with a 12-month warranty."
PRD0901,Candle Bloom 1000,Laptop,Candle,1092.12,525.52,2014,24,1.447,SKU-CAN00901,Ultrabook,Arc,Black,SUP013,China,2014-11-11,GST_STANDARD,Recycled box,True,True,"ultrabook designed for portable document work and video meetings, in the arc family and supplied by candle with a 24-month warranty."
PRD0902,Vela Halo 1001,Smartphone,Vela,339.25,248.45,2013,24,0.185,SKU-VEL00902,5G Smartphone,Atlas,Black,SUP014,China,2013-08-14,GST_STANDARD,Protective case,True,True,"5g smartphone designed for daily communication and navigation, in the atlas family and supplied by vela with a 24-month warranty."
PRD0903,Candle Quest 1002,Tablet,Candle,805.15,521.54,2012,24,0.654,SKU-CAN00903,Productivity Tablet,Bloom,Gold,SUP015,Korea,2012-10-19,GST_STANDARD,Recycled box,True,True,"productivity tablet designed for reading, annotation and handwritten notes, in the bloom family and supplied by candle with a 24-month warranty."
PRD0904,Vela Wave 1003,Home Entertainment,Vela,1097.17,778.28,2016,24,7.721,SKU-VEL00904,Smart Display,Core,Black,SUP016,Korea,2016-02-18,GST_STANDARD,Box,True,True,"smart display designed for shared film and television viewing, in the core family and supplied by vela with a 24-month warranty."
PRD0905,Candle Edge 1004,Audio,Candle,951.23,564.31,2016,12,0.567,SKU-CAN00905,Wireless Audio,Edge,Graphite,SUP017,Korea,2016-01-01,GST_STANDARD,Recycled box,True,True,"wireless audio designed for commuting and spoken-content listening, in the edge family and supplied by candle with a 12-month warranty."
PRD0906,Vela Nova 1005,Smart Home,Vela,150.8,106.1,2017,12,0.442,SKU-VEL00906,Home Automation,Echo,Graphite,SUP018,Vietnam,2017-05-24,GST_STANDARD,Box,True,True,"home automation designed for app-controlled room lighting, in the echo family and supplied by vela with a 12-month warranty."
PRD0907,Candle Shift 1006,Gaming,Candle,1941.5,1223.9,2015,24,1.422,SKU-CAN00907,Gaming Hardware,Flux,Silver,SUP019,Australia,2015-04-21,GST_STANDARD,Protective case,True,True,"gaming hardware designed for long desktop gaming sessions, in the flux family and supplied by candle with a 24-month warranty."
PRD0908,Vela Atlas 1007,Wearable,Vela,826.2,438.37,2015,12,0.162,SKU-VEL00908,Health Wearable,Halo,Silver,SUP020,Korea,2015-12-13,GST_STANDARD,Protective case,False,True,"health wearable designed for daily activity and sleep tracking, in the halo family and supplied by vela with a 12-month warranty."
PRD0909,Candle Flux 1008,Networking,Candle,167.36,91.79,2017,24,0.707,SKU-CAN00909,Connected Network,Lumen,Graphite,SUP021,Vietnam,2017-09-20,GST_STANDARD,Box,True,True,"connected network designed for home-office wireless coverage, in the lumen family and supplied by candle with a 24-month warranty."
PRD0910,Vela Pulse 1009,Accessory,Vela,19.2,14.22,2016,12,0.206,SKU-VEL00910,Mobile Accessory,Nova,Black,SUP022,Malaysia,2016-12-05,GST_STANDARD,Box,True,True,"mobile accessory designed for adjustable desk mounting and device positioning, in the nova family and supplied by vela with a 12-month warranty."
PRD0911,Candle Vista 1010,Laptop,Candle,2044.96,1406.64,2017,24,1.458,SKU-CAN00911,Ultrabook,Orbit,Silver,SUP023,China,2017-11-20,GST_STANDARD,Protective case,True,True,"ultrabook designed for study, research and note taking, in the orbit family and supplied by candle with a 24-month warranty."
PRD0912,Vela Core 1011,Smartphone,Vela,752.42,366.99,2017,24,0.226,SKU-VEL00912,5G Smartphone,Pulse,Graphite,SUP024,Korea,2017-08-04,GST_STANDARD,Box,False,True,"5g smartphone designed for mobile photography and messaging, in the pulse family and supplied by vela with a 24-month warranty."
PRD0913,Candle Lumen 1012,Tablet,Candle,570.08,361.42,2016,24,0.673,SKU-CAN00913,Productivity Tablet,Quest,Black,SUP025,Australia,2016-03-17,GST_STANDARD,Protective case,False,True,"productivity tablet designed for portable media and video calls, in the quest family and supplied by candle with a 24-month warranty."
PRD0914,Vela Ridge 1013,Home Entertainment,Vela,1089.48,578.05,2017,24,6.049,SKU-VEL00914,Smart Display,Ridge,Black,SUP026,Vietnam,2017-05-16,GST_STANDARD,Protective case,True,True,"smart display designed for music and spoken-content playback, in the ridge family and supplied by vela with a 24-month warranty."
PRD0915,Candle Arc 1014,Audio,Candle,682.13,381.82,2015,12,0.559,SKU-CAN00915,Wireless Audio,Shift,Blue,SUP027,Vietnam,2015-05-01,GST_STANDARD,Box,True,True,"wireless audio designed for music during focused desk work, in the shift family and supplied by candle with a 12-month warranty."
PRD0916,Vela Echo 1015,Smart Home,Vela,110.26,79.35,2014,12,0.266,SKU-VEL00916,Home Automation,Spark,Graphite,SUP028,Malaysia,2014-07-04,GST_STANDARD,Box,True,True,"home automation designed for scheduled control of a household power outlet, in the spark family and supplied by vela with a 12-month warranty."
PRD0917,Candle Orbit 1016,Gaming,Candle,1549.86,975.63,2012,24,1.03,SKU-CAN00917,Gaming Hardware,Vista,Gold,SUP029,Australia,2012-09-27,GST_STANDARD,Recycled box,True,True,"gaming hardware designed for casual games in a shared room, in the vista family and supplied by candle with a 24-month warranty."
PRD0918,Vela Spark 1017,Wearable,Vela,270.82,184.33,2015,12,0.151,SKU-VEL00918,Health Wearable,Wave,Green,SUP030,China,2015-10-06,GST_STANDARD,Protective case,True,True,"health wearable designed for walking and commute notifications, in the wave family and supplied by vela with a 12-month warranty."
PRD0919,Candle Bloom 1018,Networking,Candle,202.1,131.85,2014,24,0.892,SKU-CAN00919,Connected Network,Arc,White,SUP031,Vietnam,2014-10-15,GST_STANDARD,Protective case,True,True,"connected network designed for connecting several shared household devices, in the arc family and supplied by candle with a 24-month warranty."
PRD0920,Vela Halo 1019,Accessory,Vela,393.44,242.06,2016,12,0.164,SKU-VEL00920,Mobile Accessory,Atlas,Blue,SUP032,Japan,2016-02-06,GST_STANDARD,Protective case,True,False,"mobile accessory designed for protective storage during travel, in the atlas family and supplied by vela with a 12-month warranty."
PRD0921,Candle Quest 1020,Laptop,Candle,2084.12,1514.15,2016,24,1.265,SKU-CAN00921,Ultrabook,Bloom,White,SUP033,China,2016-03-24,GST_STANDARD,Protective case,True,True,"ultrabook designed for creative projects and media editing, in the bloom family and supplied by candle with a 24-month warranty."
PRD0922,Vela Wave 1021,Smartphone,Vela,905.58,636.58,2017,24,0.281,SKU-VEL00922,5G Smartphone,Core,Gold,SUP034,Korea,2017-12-23,GST_STANDARD,Box,False,True,"5g smartphone designed for work calls and calendar management, in the core family and supplied by vela with a 24-month warranty."
PRD0923,Candle Edge 1022,Tablet,Candle,819.32,603.52,2012,24,0.835,SKU-CAN00923,Productivity Tablet,Edge,White,SUP035,Australia,2012-08-21,GST_STANDARD,Recycled box,True,True,"productivity tablet designed for field forms and client presentations, in the edge family and supplied by candle with a 24-month warranty."
PRD0924,Vela Nova 1023,Home Entertainment,Vela,1071.28,540.76,2014,24,9.808,SKU-VEL00924,Smart Display,Echo,Green,SUP036,Malaysia,2014-03-25,GST_STANDARD,Recycled box,False,True,"smart display designed for family media streaming, in the echo family and supplied by vela with a 24-month warranty."
PRD0925,Candle Shift 1024,Audio,Candle,327.94,204.74,2016,12,0.634,SKU-CAN00925,Wireless Audio,Flux,Silver,SUP037,China,2016-09-12,GST_STANDARD,Protective case,True,True,"wireless audio designed for video calls and online classes, in the flux family and supplied by candle with a 12-month warranty."
PRD0926,Vela Atlas 1025,Smart Home,Vela,315.02,211.59,2013,12,0.48,SKU-VEL00926,Home Automation,Halo,Gold,SUP001,China,2013-03-08,GST_STANDARD,Recycled box,True,True,"home automation designed for indoor temperature and humidity monitoring, in the halo family and supplied by vela with a 12-month warranty."
PRD0927,Candle Flux 1026,Gaming,Candle,1547.06,975.76,2012,24,1.154,SKU-CAN00927,Gaming Hardware,Lumen,Red,SUP002,Vietnam,2012-10-02,GST_STANDARD,Box,True,True,"gaming hardware designed for competitive play and voice communication, in the lumen family and supplied by candle with a 24-month warranty."
PRD0928,Vela Pulse 1027,Wearable,Vela,302.59,171.7,2016,12,0.155,SKU-VEL00928,Health Wearable,Nova,Red,SUP003,Australia,2016-07-23,GST_STANDARD,Recycled box,True,True,"health wearable designed for exercise session summaries, in the nova family and supplied by vela with a 12-month warranty."
PRD0929,Candle Vista 1028,Networking,Candle,897.78,592.31,2016,24,0.643,SKU-CAN00929,Connected Network,Orbit,White,SUP004,Malaysia,2016-05-23,GST_STANDARD,Recycled box,True,True,"connected network designed for video meetings and media streaming, in the orbit family and supplied by candle with a 24-month warranty."
PRD0930,Vela Core 1029,Accessory,Vela,360.98,223.38,2015,12,0.165,SKU-VEL00930,Mobile Accessory,Pulse,Gold,SUP005,Australia,2015-06-23,GST_STANDARD,Protective case,True,True,"mobile accessory designed for charging-cable organisation, in the pulse family and supplied by vela with a 12-month warranty."
PRD0931,Candle Lumen 1030,Laptop,Candle,2472.47,1847.16,2013,24,1.254,SKU-CAN00931,Ultrabook,Quest,White,SUP006,Australia,2013-06-22,GST_STANDARD,Recycled box,True,True,"ultrabook designed for shared home-office administration, in the quest family and supplied by candle with a 24-month warranty."
PRD0932,Vela Ridge 1031,Smartphone,Vela,1610.28,851.59,2013,24,0.259,SKU-VEL00932,5G Smartphone,Ridge,Graphite,SUP007,Japan,2013-03-24,GST_STANDARD,Recycled box,True,True,"5g smartphone designed for travel planning and media use, in the ridge family and supplied by vela with a 24-month warranty."
PRD0933,Candle Arc 1032,Tablet,Candle,1394.64,957.34,2017,24,0.619,SKU-CAN00933,Productivity Tablet,Shift,Gold,SUP008,Japan,2017-10-25,GST_STANDARD,Protective case,False,True,"productivity tablet designed for family learning and shared browsing, in the shift family and supplied by candle with a 24-month warranty."
PRD0934,Vela Echo 1033,Home Entertainment,Vela,4104.95,2891.37,2014,24,8.45,SKU-VEL00934,Smart Display,Spark,Graphite,SUP009,Vietnam,2014-10-05,GST_STANDARD,Recycled box,True,True,"smart display designed for casual living-room gaming, in the spark family and supplied by vela with a 24-month warranty."
PRD0935,Candle Orbit 1034,Audio,Candle,41.85,20.15,2017,12,0.627,SKU-CAN00935,Wireless Audio,Vista,White,SUP010,Malaysia,2017-06-06,GST_STANDARD,Protective case,False,True,"wireless audio designed for shared-room music playback, in the vista family and supplied by candle with a 12-month warranty."
PRD0936,Vela Spark 1035,Smart Home,Vela,214.36,103.76,2014,12,0.364,SKU-VEL00936,Home Automation,Wave,Silver,SUP011,Korea,2014-11-17,GST_STANDARD,Protective case,True,True,"home automation designed for door and window activity alerts, in the wave family and supplied by vela with a 12-month warranty."
PRD0937,Candle Bloom 1036,Gaming,Candle,2275.76,1473.4,2017,24,1.27,SKU-CAN00937,Gaming Hardware,Arc,Graphite,SUP012,Vietnam,2017-06-18,GST_STANDARD,Recycled box,True,True,"gaming hardware designed for portable gaming and travel, in the arc family and supplied by candle with a 24-month warranty."
PRD0938,Vela Halo 1037,Wearable,Vela,929.59,458.29,2016,12,0.088,SKU-VEL00938,Health Wearable,Atlas,Red,SUP013,Australia,2016-02-08,GST_STANDARD,Protective case,True,True,"health wearable designed for calendar alerts and quick message checks, in the atlas family and supplied by vela with a 12-month warranty."
PRD0939,Candle Quest 1038,Networking,Candle,866.1,617.67,2016,24,0.572,SKU-CAN00939,Connected Network,Bloom,Gold,SUP014,Japan,2016-07-14,GST_STANDARD,Protective case,False,True,"connected network designed for guest-network and device management, in the bloom family and supplied by candle with a 24-month warranty."
PRD0940,Vela Wave 1039,Accessory,Vela,200.38,149.45,2016,12,0.207,SKU-VEL00940,Mobile Accessory,Core,Green,SUP015,Vietnam,2016-03-17,GST_STANDARD,Box,False,True,"mobile accessory designed for connecting several devices through one compact adapter, in the core family and supplied by vela with a 12-month warranty."
PRD0941,Candle Edge 1040,Laptop,Candle,2724.82,1441.09,2017,24,1.296,SKU-CAN00941,Ultrabook,Edge,Red,SUP016,China,2017-12-14,GST_STANDARD,Recycled box,False,True,"ultrabook designed for travel-based work and presentations, in the edge family and supplied by candle with a 24-month warranty."
PRD0942,Vela Nova 1041,Smartphone,Vela,500.96,315.7,2015,24,0.19,SKU-VEL00942,5G Smartphone,Echo,Black,SUP017,China,2015-08-12,GST_STANDARD,Recycled box,False,True,"5g smartphone designed for family communication and casual apps, in the echo family and supplied by vela with a 24-month warranty."
PRD0943,Candle Shift 1042,Tablet,Candle,862.72,554.5,2012,24,0.561,SKU-CAN00943,Productivity Tablet,Flux,White,SUP018,Vietnam,2012-03-04,GST_STANDARD,Protective case,True,True,"productivity tablet designed for drawing and lightweight creative work, in the flux family and supplied by candle with a 24-month warranty."
PRD0944,Vela Atlas 1043,Home Entertainment,Vela,2849.2,2020.57,2016,24,5.537,SKU-VEL00944,Smart Display,Halo,Graphite,SUP019,Japan,2016-12-18,GST_STANDARD,Box,True,True,"smart display designed for presentations and photo viewing, in the halo family and supplied by vela with a 24-month warranty."
PRD0945,Candle Flux 1044,Audio,Candle,113.23,61.7,2015,12,0.607,SKU-CAN00945,Wireless Audio,Lumen,Green,SUP020,China,2015-10-11,GST_STANDARD,Protective case,True,True,"wireless audio designed for long listening sessions at home, in the lumen family and supplied by candle with a 12-month warranty."
PRD0946,Vela Pulse 1045,Smart Home,Vela,643.19,360.64,2013,12,0.344,SKU-VEL00946,Home Automation,Nova,Gold,SUP021,Japan,2013-05-13,GST_STANDARD,Recycled box,True,True,"home automation designed for automated blind and curtain routines, in the nova family and supplied by vela with a 12-month warranty."
PRD0947,Candle Vista 1046,Gaming,Candle,451.51,306.5,2016,24,1.172,SKU-CAN00947,Gaming Hardware,Orbit,Silver,SUP022,Japan,2016-03-15,GST_STANDARD,Box,True,True,"gaming hardware designed for game streaming and media capture, in the orbit family and supplied by candle with a 24-month warranty."
PRD0948,Vela Core 1047,Wearable,Vela,583.21,300.7,2017,12,0.108,SKU-VEL00948,Health Wearable,Pulse,Graphite,SUP023,Korea,2017-09-19,GST_STANDARD,Recycled box,True,True,"health wearable designed for habit reminders and everyday timekeeping, in the pulse family and supplied by vela with a 12-month warranty."
PRD0949,Candle Lumen 1048,Networking,Candle,541.69,309.05,2012,24,0.555,SKU-CAN00949,Connected Network,Quest,Blue,SUP024,Korea,2012-02-04,GST_STANDARD,Protective case,False,True,"connected network designed for extending coverage between rooms, in the quest family and supplied by candle with a 24-month warranty."
PRD0950,Vela Ridge 1049,Accessory,Vela,71.67,39.37,2013,12,0.137,SKU-VEL00950,Mobile Accessory,Ridge,Graphite,SUP025,Vietnam,2013-02-02,GST_STANDARD,Box,False,True,"mobile accessory designed for hands-free device support in a shared workspace, in the ridge family and supplied by vela with a 12-month warranty."
PRD0951,Candle Arc 1050,Laptop,Candle,1391.02,899.08,2017,24,1.579,SKU-CAN00951,Ultrabook,Shift,Black,SUP026,Vietnam,2017-01-15,GST_STANDARD,Box,True,True,"ultrabook designed for portable document work and video meetings, in the shift family and supplied by candle with a 24-month warranty."
PRD0952,Vela Echo 1051,Smartphone,Vela,550.92,291.62,2015,24,0.195,SKU-VEL00952,5G Smartphone,Spark,Red,SUP027,China,2015-08-20,GST_STANDARD,Protective case,False,True,"5g smartphone designed for daily communication and navigation, in the spark family and supplied by vela with a 24-month warranty."
PRD0953,Candle Orbit 1052,Tablet,Candle,1430.97,866.89,2014,24,0.818,SKU-CAN00953,Productivity Tablet,Vista,Black,SUP028,Malaysia,2014-09-10,GST_STANDARD,Box,False,True,"productivity tablet designed for reading, annotation and handwritten notes, in the vista family and supplied by candle with a 24-month warranty."
PRD0954,Vela Spark 1053,Home Entertainment,Vela,848.21,627.57,2012,24,9.059,SKU-VEL00954,Smart Display,Wave,White,SUP029,Australia,2012-12-10,GST_STANDARD,Recycled box,True,True,"smart display designed for shared film and television viewing, in the wave family and supplied by vela with a 24-month warranty."
PRD0955,Candle Bloom 1054,Audio,Candle,56.91,39.87,2017,12,0.638,SKU-CAN00955,Wireless Audio,Arc,Graphite,SUP030,Korea,2017-10-25,GST_STANDARD,Protective case,True,True,"wireless audio designed for commuting and spoken-content listening, in the arc family and supplied by candle with a 12-month warranty."
PRD0956,Vela Halo 1055,Smart Home,Vela,86.17,43.57,2013,12,0.48,SKU-VEL00956,Home Automation,Atlas,Black,SUP031,Vietnam,2013-05-09,GST_STANDARD,Recycled box,True,True,"home automation designed for app-controlled room lighting, in the atlas family and supplied by vela with a 12-month warranty."
PRD0957,Candle Quest 1056,Gaming,Candle,1732.9,1072.67,2017,24,0.957,SKU-CAN00957,Gaming Hardware,Bloom,Silver,SUP032,Vietnam,2017-11-14,GST_STANDARD,Protective case,True,True,"gaming hardware designed for long desktop gaming sessions, in the bloom family and supplied by candle with a 24-month warranty."
PRD0958,Vela Wave 1057,Wearable,Vela,997.87,744.94,2012,12,0.143,SKU-VEL00958,Health Wearable,Core,Blue,SUP033,Australia,2012-07-10,GST_STANDARD,Protective case,True,True,"health wearable designed for daily activity and sleep tracking, in the core family and supplied by vela with a 12-month warranty."
PRD0959,Candle Edge 1058,Networking,Candle,631.82,353.95,2015,24,0.898,SKU-CAN00959,Connected Network,Edge,White,SUP034,Korea,2015-04-17,GST_STANDARD,Box,True,True,"connected network designed for home-office wireless coverage, in the edge family and supplied by candle with a 24-month warranty."
PRD0960,Vela Nova 1059,Accessory,Vela,155.66,114.69,2015,12,0.205,SKU-VEL00960,Mobile Accessory,Echo,White,SUP035,China,2015-04-19,GST_STANDARD,Protective case,False,True,"mobile accessory designed for adjustable desk mounting and device positioning, in the echo family and supplied by vela with a 12-month warranty."
PRD0961,Candle Shift 1060,Laptop,Candle,1295.76,712.85,2012,24,1.125,SKU-CAN00961,Ultrabook,Flux,Red,SUP036,Australia,2012-11-20,GST_STANDARD,Recycled box,True,True,"ultrabook designed for study, research and note taking, in the flux family and supplied by candle with a 24-month warranty."
PRD0962,Vela Atlas 1061,Smartphone,Vela,1496.58,1015.89,2012,24,0.184,SKU-VEL00962,5G Smartphone,Halo,Black,SUP037,Korea,2012-06-03,GST_STANDARD,Recycled box,True,True,"5g smartphone designed for mobile photography and messaging, in the halo family and supplied by vela with a 24-month warranty."
PRD0963,Candle Flux 1062,Tablet,Candle,464.21,279.26,2015,24,0.524,SKU-CAN00963,Productivity Tablet,Lumen,Red,SUP001,China,2015-10-22,GST_STANDARD,Recycled box,True,True,"productivity tablet designed for portable media and video calls, in the lumen family and supplied by candle with a 24-month warranty."
PRD0964,Vela Pulse 1063,Home Entertainment,Vela,449.57,333.95,2017,24,8.98,SKU-VEL00964,Smart Display,Nova,White,SUP002,Korea,2017-02-07,GST_STANDARD,Protective case,False,True,"smart display designed for music and spoken-content playback, in the nova family and supplied by vela with a 24-month warranty."
PRD0965,Candle Vista 1064,Audio,Candle,1142.59,865.02,2016,12,0.551,SKU-CAN00965,Wireless Audio,Orbit,Graphite,SUP003,China,2016-04-07,GST_STANDARD,Recycled box,True,True,"wireless audio designed for music during focused desk work, in the orbit family and supplied by candle with a 12-month warranty."
PRD0966,Vela Core 1065,Smart Home,Vela,539.91,382.06,2013,12,0.367,SKU-VEL00966,Home Automation,Pulse,Red,SUP004,Japan,2013-05-27,GST_STANDARD,Box,True,True,"home automation designed for scheduled control of a household power outlet, in the pulse family and supplied by vela with a 12-month warranty."
PRD0967,Candle Lumen 1066,Gaming,Candle,530.38,324.75,2013,24,1.484,SKU-CAN00967,Gaming Hardware,Quest,Gold,SUP005,Korea,2013-05-03,GST_STANDARD,Recycled box,True,True,"gaming hardware designed for casual games in a shared room, in the quest family and supplied by candle with a 24-month warranty."
PRD0968,Vela Ridge 1067,Wearable,Vela,409.17,250.61,2017,12,0.125,SKU-VEL00968,Health Wearable,Ridge,Graphite,SUP006,Japan,2017-08-10,GST_STANDARD,Protective case,True,True,"health wearable designed for walking and commute notifications, in the ridge family and supplied by vela with a 12-month warranty."
PRD0969,Candle Arc 1068,Networking,Candle,748.26,507.36,2014,24,0.873,SKU-CAN00969,Connected Network,Shift,Silver,SUP007,Korea,2014-06-08,GST_STANDARD,Box,False,True,"connected network designed for connecting several shared household devices, in the shift family and supplied by candle with a 24-month warranty."
PRD0970,Vela Echo 1069,Accessory,Vela,403.08,264.73,2014,12,0.137,SKU-VEL00970,Mobile Accessory,Spark,Blue,SUP008,Korea,2014-02-05,GST_STANDARD,Recycled box,True,True,"mobile accessory designed for protective storage during travel, in the spark family and supplied by vela with a 12-month warranty."
PRD0971,Candle Orbit 1070,Laptop,Candle,2276.46,1509.05,2013,24,1.215,SKU-CAN00971,Ultrabook,Vista,Red,SUP009,Vietnam,2013-02-20,GST_STANDARD,Recycled box,True,True,"ultrabook designed for creative projects and media editing, in the vista family and supplied by candle with a 24-month warranty."
PRD0972,Vela Spark 1071,Smartphone,Vela,690.82,454.18,2014,24,0.281,SKU-VEL00972,5G Smartphone,Wave,Blue,SUP010,Malaysia,2014-03-06,GST_STANDARD,Protective case,True,True,"5g smartphone designed for work calls and calendar management, in the wave family and supplied by vela with a 24-month warranty."
PRD0973,Candle Bloom 1072,Tablet,Candle,975.98,609.69,2016,24,0.721,SKU-CAN00973,Productivity Tablet,Arc,Red,SUP011,Vietnam,2016-01-07,GST_STANDARD,Protective case,False,True,"productivity tablet designed for field forms and client presentations, in the arc family and supplied by candle with a 24-month warranty."
PRD0974,Vela Halo 1073,Home Entertainment,Vela,701.83,464.59,2015,24,5.696,SKU-VEL00974,Smart Display,Atlas,White,SUP012,Malaysia,2015-05-06,GST_STANDARD,Protective case,True,True,"smart display designed for family media streaming, in the atlas family and supplied by vela with a 24-month warranty."
PRD0975,Candle Quest 1074,Audio,Candle,1104.47,736.17,2015,12,0.582,SKU-CAN00975,Wireless Audio,Bloom,Black,SUP013,Malaysia,2015-09-05,GST_STANDARD,Recycled box,True,True,"wireless audio designed for video calls and online classes, in the bloom family and supplied by candle with a 12-month warranty."
PRD0976,Vela Wave 1075,Smart Home,Vela,838.03,533.6,2014,12,0.447,SKU-VEL00976,Home Automation,Core,Blue,SUP014,Korea,2014-09-05,GST_STANDARD,Recycled box,False,True,"home automation designed for indoor temperature and humidity monitoring, in the core family and supplied by vela with a 12-month warranty."
PRD0977,Candle Edge 1076,Gaming,Candle,171.2,124.19,2016,24,1.336,SKU-CAN00977,Gaming Hardware,Edge,Green,SUP015,Vietnam,2016-02-02,GST_STANDARD,Recycled box,True,True,"gaming hardware designed for competitive play and voice communication, in the edge family and supplied by candle with a 24-month warranty."
PRD0978,Vela Nova 1077,Wearable,Vela,897.68,548.57,2014,12,0.164,SKU-VEL00978,Health Wearable,Echo,Black,SUP016,Australia,2014-01-02,GST_STANDARD,Box,True,True,"health wearable designed for exercise session summaries, in the echo family and supplied by vela with a 12-month warranty."
PRD0979,Candle Shift 1078,Networking,Candle,1164.08,574.18,2012,24,0.956,SKU-CAN00979,Connected Network,Flux,White,SUP017,Vietnam,2012-11-05,GST_STANDARD,Recycled box,False,True,"connected network designed for video meetings and media streaming, in the flux family and supplied by candle with a 24-month warranty."
PRD0980,Vela Atlas 1079,Accessory,Vela,286.55,168.21,2014,12,0.202,SKU-VEL00980,Mobile Accessory,Halo,Gold,SUP018,China,2014-11-27,GST_STANDARD,Recycled box,False,True,"mobile accessory designed for charging-cable organisation, in the halo family and supplied by vela with a 12-month warranty."
PRD0981,Candle Flux 1080,Laptop,Candle,2016.47,1469.03,2012,24,1.463,SKU-CAN00981,Ultrabook,Lumen,Graphite,SUP019,China,2012-04-26,GST_STANDARD,Box,True,True,"ultrabook designed for shared home-office administration, in the lumen family and supplied by candle with a 24-month warranty."
PRD0982,Vela Pulse 1081,Smartphone,Vela,973.58,501.58,2014,24,0.303,SKU-VEL00982,5G Smartphone,Nova,White,SUP020,Vietnam,2014-06-14,GST_STANDARD,Protective case,True,True,"5g smartphone designed for travel planning and media use, in the nova family and supplied by vela with a 24-month warranty."
PRD0983,Candle Vista 1082,Tablet,Candle,854.84,607.85,2016,24,0.781,SKU-CAN00983,Productivity Tablet,Orbit,Gold,SUP021,Australia,2016-12-18,GST_STANDARD,Box,False,True,"productivity tablet designed for family learning and shared browsing, in the orbit family and supplied by candle with a 24-month warranty."
PRD0984,Vela Core 1083,Home Entertainment,Vela,1014.29,627.77,2017,24,6.49,SKU-VEL00984,Smart Display,Pulse,Blue,SUP022,Malaysia,2017-01-16,GST_STANDARD,Recycled box,False,True,"smart display designed for casual living-room gaming, in the pulse family and supplied by vela with a 24-month warranty."
PRD0985,Candle Lumen 1084,Audio,Candle,602.55,362.3,2012,12,0.558,SKU-CAN00985,Wireless Audio,Quest,Black,SUP023,Malaysia,2012-04-08,GST_STANDARD,Box,False,False,"wireless audio designed for shared-room music playback, in the quest family and supplied by candle with a 12-month warranty."
PRD0986,Vela Ridge 1085,Smart Home,Vela,445.06,331.2,2014,12,0.407,SKU-VEL00986,Home Automation,Ridge,Black,SUP024,Japan,2014-01-12,GST_STANDARD,Box,True,True,"home automation designed for door and window activity alerts, in the ridge family and supplied by vela with a 12-month warranty."
PRD0987,Candle Arc 1086,Gaming,Candle,1413.83,822.67,2016,24,0.969,SKU-CAN00987,Gaming Hardware,Shift,White,SUP025,Australia,2016-02-11,GST_STANDARD,Box,True,True,"gaming hardware designed for portable gaming and travel, in the shift family and supplied by candle with a 24-month warranty."
PRD0988,Vela Echo 1087,Wearable,Vela,236.45,140.98,2015,12,0.127,SKU-VEL00988,Health Wearable,Spark,Green,SUP026,Korea,2015-02-17,GST_STANDARD,Recycled box,True,True,"health wearable designed for calendar alerts and quick message checks, in the spark family and supplied by vela with a 12-month warranty."
PRD0989,Candle Orbit 1088,Networking,Candle,1013.01,701.49,2012,24,0.54,SKU-CAN00989,Connected Network,Vista,Red,SUP027,China,2012-09-22,GST_STANDARD,Box,True,True,"connected network designed for guest-network and device management, in the vista family and supplied by candle with a 24-month warranty."
PRD0990,Vela Spark 1089,Accessory,Vela,268.68,150.77,2013,12,0.218,SKU-VEL00990,Mobile Accessory,Wave,Blue,SUP028,Korea,2013-09-25,GST_STANDARD,Protective case,True,True,"mobile accessory designed for connecting several devices through one compact adapter, in the wave family and supplied by vela with a 12-month warranty."
PRD0991,Candle Bloom 1090,Laptop,Candle,1900.16,1126.1,2012,24,1.185,SKU-CAN00991,Ultrabook,Arc,Black,SUP029,Korea,2012-12-14,GST_STANDARD,Recycled box,True,True,"ultrabook designed for travel-based work and presentations, in the arc family and supplied by candle with a 24-month warranty."
PRD0992,Vela Halo 1091,Smartphone,Vela,1671.9,970.25,2016,24,0.228,SKU-VEL00992,5G Smartphone,Atlas,Black,SUP030,Japan,2016-01-08,GST_STANDARD,Protective case,True,True,"5g smartphone designed for family communication and casual apps, in the atlas family and supplied by vela with a 24-month warranty."
PRD0993,Candle Quest 1092,Tablet,Candle,752.35,439.67,2012,24,0.72,SKU-CAN00993,Productivity Tablet,Bloom,Red,SUP031,Vietnam,2012-03-16,GST_STANDARD,Protective case,True,True,"productivity tablet designed for drawing and lightweight creative work, in the bloom family and supplied by candle with a 24-month warranty."
PRD0994,Vela Wave 1093,Home Entertainment,Vela,916.4,686.63,2015,24,6.584,SKU-VEL00994,Smart Display,Core,Green,SUP032,Australia,2015-08-04,GST_STANDARD,Box,False,True,"smart display designed for presentations and photo viewing, in the core family and supplied by vela with a 24-month warranty."
PRD0995,Candle Edge 1094,Audio,Candle,745.12,412.17,2013,12,0.652,SKU-CAN00995,Wireless Audio,Edge,Green,SUP033,Vietnam,2013-03-14,GST_STANDARD,Box,True,True,"wireless audio designed for long listening sessions at home, in the edge family and supplied by candle with a 12-month warranty."
PRD0996,Vela Nova 1095,Smart Home,Vela,643.77,333.67,2014,12,0.331,SKU-VEL00996,Home Automation,Echo,White,SUP034,Japan,2014-12-05,GST_STANDARD,Protective case,False,True,"home automation designed for automated blind and curtain routines, in the echo family and supplied by vela with a 12-month warranty."
PRD0997,Candle Shift 1096,Gaming,Candle,1971.69,1226.98,2016,24,1.135,SKU-CAN00997,Gaming Hardware,Flux,Green,SUP035,Malaysia,2016-10-12,GST_STANDARD,Protective case,False,True,"gaming hardware designed for game streaming and media capture, in the flux family and supplied by candle with a 24-month warranty."
PRD0998,Vela Atlas 1097,Wearable,Vela,819.98,506.87,2016,12,0.089,SKU-VEL00998,Health Wearable,Halo,Gold,SUP036,Malaysia,2016-04-27,GST_STANDARD,Box,True,True,"health wearable designed for habit reminders and everyday timekeeping, in the halo family and supplied by vela with a 12-month warranty."
PRD0999,Candle Flux 1098,Networking,Candle,1457.06,790.55,2015,24,0.685,SKU-CAN00999,Connected Network,Lumen,Gold,SUP037,Vietnam,2015-11-15,GST_STANDARD,Box,False,True,"connected network designed for extending coverage between rooms, in the lumen family and supplied by candle with a 24-month warranty."
PRD1000,Vela Pulse 1099,Accessory,Vela,120.72,85.46,2015,12,0.23,SKU-VEL01000,Mobile Accessory,Nova,White,SUP001,Japan,2015-11-11,GST_STANDARD,Recycled box,False,True,"mobile accessory designed for hands-free device support in a shared workspace, in the nova family and supplied by vela with a 12-month warranty."
