order_item_id,order_id,product_id,quantity,unit_price,line_revenue
HITM0000001,HORD000001,PRD0054,2,2814.02,5628.04
HITM0000002,HORD000001,PRD0466,1,520.19,520.19
HITM0000003,HORD000001,PRD0628,1,62.19,62.19
HITM0000004,HORD000001,PRD0620,2,220.61,441.22
HITM0000005,HORD000001,PRD0446,2,132.64,265.28
HITM0000006,HORD000002,PRD0314,1,1867.88,1867.88
HITM0000007,HORD000003,PRD0956,1,86.17,86.17
HITM0000008,HORD000003,PRD0594,3,2046.58,6139.74
HITM0000009,HORD000003,PRD0406,2,403.51,807.02
HITM0000010,HORD000004,PRD0599,1,854.55,854.55
HITM0000011,HORD000005,PRD0695,1,980.37,980.37
HITM0000012,HORD000005,PRD0280,1,149.57,149.57
HITM0000013,HORD000006,PRD0996,1,643.77,643.77
HITM0000014,HORD000006,PRD0676,1,499.99,499.99
HITM0000015,HORD000006,PRD0278,1,623.42,623.42
HITM0000016,HORD000007,PRD0520,1,298.12,298.12
HITM0000017,HORD000007,PRD0039,1,951.13,951.13
HITM0000018,HORD000007,PRD0197,1,179.71,179.71
HITM0000019,HORD000008,PRD0312,1,1449.43,1449.43
HITM0000020,HORD000008,PRD0049,1,917.1,917.1
HITM0000021,HORD000008,PRD0887,1,159.97,159.97
HITM0000022,HORD000009,PRD0415,1,78.5,78.5
HITM0000023,HORD000009,PRD0660,1,15.31,15.31
HITM0000024,HORD000009,PRD0014,1,953.24,953.24
HITM0000025,HORD000009,PRD0618,1,421.89,421.89
HITM0000026,HORD000010,PRD0534,2,3831.9,7663.8
HITM0000027,HORD000010,PRD0195,1,89.95,89.95
HITM0000028,HORD000011,PRD0706,3,173.61,520.83
HITM0000029,HORD000011,PRD0612,1,1688.14,1688.14
HITM0000030,HORD000011,PRD0415,1,78.5,78.5
HITM0000031,HORD000012,PRD0129,2,1446.26,2892.52
HITM0000032,HORD000012,PRD0050,1,56.24,56.24
HITM0000033,HORD000012,PRD0015,1,828.91,828.91
HITM0000034,HORD000013,PRD0127,1,415.41,415.41
HITM0000035,HORD000013,PRD0848,1,522.45,522.45
HITM0000036,HORD000013,PRD0660,1,15.31,15.31
HITM0000037,HORD000013,PRD0874,2,4174.45,8348.9
HITM0000038,HORD000014,PRD0946,1,643.19,643.19
HITM0000039,HORD000014,PRD0025,1,399.48,399.48
HITM0000040,HORD000014,PRD0794,1,464.13,464.13
HITM0000041,HORD000015,PRD0770,1,144.73,144.73
HITM0000042,HORD000015,PRD0777,1,666.99,666.99
HITM0000043,HORD000015,PRD0486,2,297.99,595.98
HITM0000044,HORD000016,PRD0484,1,1093.53,1093.53
HITM0000045,HORD000016,PRD0301,1,1027.91,1027.91
HITM0000046,HORD000017,PRD0076,1,729.89,729.89
HITM0000047,HORD000017,PRD0983,1,854.84,854.84
HITM0000048,HORD000017,PRD0840,1,48.65,48.65
HITM0000049,HORD000018,PRD0445,2,1026.22,2052.44
HITM0000050,HORD000018,PRD0928,1,302.59,302.59
HITM0000051,HORD000018,PRD0046,1,355.51,355.51
HITM0000052,HORD000018,PRD0646,1,155.12,155.12
HITM0000053,HORD000018,PRD0546,2,401.4,802.8
HITM0000054,HORD000019,PRD0962,1,1496.58,1496.58
HITM0000055,HORD000019,PRD0103,1,619.16,619.16
HITM0000056,HORD000019,PRD0705,2,200.18,400.36
HITM0000057,HORD000020,PRD0900,2,204.44,408.88
HITM0000058,HORD000020,PRD0926,1,315.02,315.02
HITM0000059,HORD000020,PRD0979,1,1164.08,1164.08
HITM0000060,HORD000020,PRD0008,1,146.16,146.16
HITM0000061,HORD000021,PRD0800,1,274.87,274.87
HITM0000062,HORD000021,PRD0360,1,362.06,362.06
HITM0000063,HORD000021,PRD0123,1,906.0,906.0
HITM0000064,HORD000021,PRD0837,2,471.38,942.76
HITM0000065,HORD000022,PRD0058,1,137.85,137.85
HITM0000066,HORD000022,PRD0788,3,319.54,958.62
HITM0000067,HORD000022,PRD0854,2,2184.3,4368.6
HITM0000068,HORD000023,PRD0140,1,394.57,394.57
HITM0000069,HORD000023,PRD0847,1,370.04,370.04
HITM0000070,HORD000023,PRD0320,1,190.98,190.98
HITM0000071,HORD000023,PRD0989,1,1013.01,1013.01
HITM0000072,HORD000023,PRD0440,2,57.41,114.82
HITM0000073,HORD000024,PRD0068,1,331.71,331.71
HITM0000074,HORD000024,PRD0102,1,1075.3,1075.3
HITM0000075,HORD000024,PRD0090,1,223.82,223.82
HITM0000076,HORD000024,PRD0250,1,79.79,79.79
HITM0000077,HORD000025,PRD0362,1,1217.27,1217.27
HITM0000078,HORD000025,PRD0785,1,91.04,91.04
HITM0000079,HORD000025,PRD0879,1,1214.72,1214.72
HITM0000080,HORD000026,PRD0819,3,282.56,847.68
HITM0000081,HORD000026,PRD0743,1,1557.24,1557.24
HITM0000082,HORD000027,PRD0438,1,185.01,185.01
HITM0000083,HORD000027,PRD0445,1,1026.22,1026.22
HITM0000084,HORD000027,PRD0486,2,297.99,595.98
HITM0000085,HORD000028,PRD0762,1,1038.24,1038.24
HITM0000086,HORD000028,PRD0739,1,947.5,947.5
HITM0000087,HORD000028,PRD0429,1,1195.52,1195.52
HITM0000088,HORD000029,PRD0046,2,355.51,711.02
HITM0000089,HORD000029,PRD0832,1,1257.86,1257.86
HITM0000090,HORD000030,PRD0842,1,1418.63,1418.63
HITM0000091,HORD000030,PRD0008,2,146.16,292.32
HITM0000092,HORD000031,PRD1000,1,120.72,120.72
HITM0000093,HORD000031,PRD0159,2,1223.4,2446.8
HITM0000094,HORD000031,PRD0842,2,1418.63,2837.26
HITM0000095,HORD000031,PRD0150,1,338.38,338.38
HITM0000096,HORD000032,PRD0196,1,483.11,483.11
HITM0000097,HORD000032,PRD0640,2,415.26,830.52
HITM0000098,HORD000032,PRD0247,1,694.04,694.04
HITM0000099,HORD000032,PRD0946,1,643.19,643.19
HITM0000100,HORD000033,PRD0160,1,140.78,140.78
HITM0000101,HORD000033,PRD0851,2,3078.03,6156.06
HITM0000102,HORD000033,PRD0411,1,2843.11,2843.11
HITM0000103,HORD000034,PRD0143,1,926.46,926.46
HITM0000104,HORD000035,PRD0624,1,588.21,588.21
HITM0000105,HORD000035,PRD0732,1,1280.4,1280.4
HITM0000106,HORD000035,PRD0933,1,1394.64,1394.64
HITM0000107,HORD000035,PRD0878,2,453.39,906.78
HITM0000108,HORD000035,PRD0781,1,2891.34,2891.34
HITM0000109,HORD000036,PRD0204,1,2130.68,2130.68
HITM0000110,HORD000036,PRD0439,1,1460.48,1460.48
HITM0000111,HORD000036,PRD0050,1,56.24,56.24
HITM0000112,HORD000037,PRD0748,1,147.02,147.02
HITM0000113,HORD000037,PRD0745,1,882.2,882.2
HITM0000114,HORD000037,PRD0690,1,30.42,30.42
HITM0000115,HORD000038,PRD0290,1,151.92,151.92
HITM0000116,HORD000038,PRD0392,1,647.54,647.54
HITM0000117,HORD000038,PRD0469,3,710.35,2131.05
HITM0000118,HORD000038,PRD0230,2,290.53,581.06
HITM0000119,HORD000039,PRD0821,2,1235.41,2470.82
HITM0000120,HORD000039,PRD0403,1,615.54,615.54
HITM0000121,HORD000040,PRD0665,1,758.8,758.8
HITM0000122,HORD000040,PRD0926,1,315.02,315.02
HITM0000123,HORD000040,PRD0011,1,1160.31,1160.31
HITM0000124,HORD000040,PRD0979,1,1164.08,1164.08
HITM0000125,HORD000041,PRD0850,1,312.03,312.03
HITM0000126,HORD000041,PRD0907,2,1941.5,3883.0
HITM0000127,HORD000041,PRD0610,2,159.67,319.34
HITM0000128,HORD000041,PRD0938,1,929.59,929.59
HITM0000129,HORD000042,PRD0260,2,386.46,772.92
HITM0000130,HORD000042,PRD0710,1,221.52,221.52
HITM0000131,HORD000042,PRD0836,1,826.24,826.24
HITM0000132,HORD000043,PRD0070,1,376.35,376.35
HITM0000133,HORD000043,PRD0250,1,79.79,79.79
HITM0000134,HORD000044,PRD0456,1,111.78,111.78
HITM0000135,HORD000044,PRD0496,1,223.21,223.21
HITM0000136,HORD000044,PRD0650,2,233.76,467.52
HITM0000137,HORD000044,PRD0859,1,530.9,530.9
HITM0000138,HORD000045,PRD0130,1,234.4,234.4
HITM0000139,HORD000045,PRD0904,2,1097.17,2194.34
HITM0000140,HORD000045,PRD0596,1,846.46,846.46
HITM0000141,HORD000046,PRD0164,1,1650.2,1650.2
HITM0000142,HORD000046,PRD0748,2,147.02,294.04
HITM0000143,HORD000046,PRD0709,2,928.13,1856.26
HITM0000144,HORD000047,PRD0166,3,401.82,1205.46
HITM0000145,HORD000048,PRD0039,1,951.13,951.13
HITM0000146,HORD000049,PRD0051,1,2153.52,2153.52
HITM0000147,HORD000049,PRD0351,1,1823.65,1823.65
HITM0000148,HORD000049,PRD0070,1,376.35,376.35
HITM0000149,HORD000050,PRD0315,1,197.15,197.15
HITM0000150,HORD000050,PRD0911,1,2044.96,2044.96
HITM0000151,HORD000050,PRD0660,2,15.31,30.62
HITM0000152,HORD000050,PRD0755,1,417.76,417.76
HITM0000153,HORD000051,PRD0929,1,897.78,897.78
HITM0000154,HORD000051,PRD0431,1,1519.4,1519.4
HITM0000155,HORD000051,PRD0738,1,778.08,778.08
HITM0000156,HORD000051,PRD0410,1,212.08,212.08
HITM0000157,HORD000052,PRD0653,1,608.0,608.0
HITM0000158,HORD000052,PRD0133,1,772.02,772.02
HITM0000159,HORD000052,PRD0931,1,2472.47,2472.47
HITM0000160,HORD000052,PRD0494,1,1961.68,1961.68
HITM0000161,HORD000053,PRD0201,2,2237.43,4474.86
HITM0000162,HORD000053,PRD0484,1,1093.53,1093.53
HITM0000163,HORD000054,PRD0170,1,202.15,202.15
HITM0000164,HORD000054,PRD0038,1,758.26,758.26
HITM0000165,HORD000054,PRD0816,1,213.13,213.13
HITM0000166,HORD000055,PRD0694,1,1984.32,1984.32
HITM0000167,HORD000055,PRD0431,1,1519.4,1519.4
HITM0000168,HORD000056,PRD0584,1,2264.13,2264.13
HITM0000169,HORD000056,PRD0565,1,294.27,294.27
HITM0000170,HORD000056,PRD0354,1,2902.62,2902.62
HITM0000171,HORD000056,PRD0028,1,831.06,831.06
HITM0000172,HORD000056,PRD0200,1,160.69,160.69
HITM0000173,HORD000057,PRD0197,1,179.71,179.71
HITM0000174,HORD000057,PRD0450,1,210.74,210.74
HITM0000175,HORD000057,PRD0402,1,335.07,335.07
HITM0000176,HORD000057,PRD0816,1,213.13,213.13
HITM0000177,HORD000057,PRD0099,1,245.95,245.95
HITM0000178,HORD000058,PRD0725,1,107.02,107.02
HITM0000179,HORD000058,PRD0533,1,367.95,367.95
HITM0000180,HORD000058,PRD0499,1,253.73,253.73
HITM0000181,HORD000058,PRD0578,1,718.33,718.33
HITM0000182,HORD000059,PRD0846,1,427.97,427.97
HITM0000183,HORD000059,PRD0384,1,2615.99,2615.99
HITM0000184,HORD000059,PRD0509,1,306.02,306.02
HITM0000185,HORD000059,PRD0228,1,121.94,121.94
HITM0000186,HORD000060,PRD0629,1,925.23,925.23
HITM0000187,HORD000060,PRD0895,1,1012.5,1012.5
HITM0000188,HORD000060,PRD0193,1,596.94,596.94
HITM0000189,HORD000061,PRD0051,1,2153.52,2153.52
HITM0000190,HORD000061,PRD0653,1,608.0,608.0
HITM0000191,HORD000061,PRD0236,2,131.33,262.66
HITM0000192,HORD000062,PRD0347,2,2438.33,4876.66
HITM0000193,HORD000062,PRD0958,1,997.87,997.87
HITM0000194,HORD000063,PRD0301,1,1027.91,1027.91
HITM0000195,HORD000063,PRD0735,2,557.24,1114.48
HITM0000196,HORD000063,PRD0242,3,390.52,1171.56
HITM0000197,HORD000064,PRD0166,1,401.82,401.82
HITM0000198,HORD000064,PRD0796,1,214.68,214.68
HITM0000199,HORD000064,PRD0533,2,367.95,735.9
HITM0000200,HORD000065,PRD0073,1,1270.32,1270.32
HITM0000201,HORD000065,PRD0119,1,871.39,871.39
HITM0000202,HORD000065,PRD0582,2,1854.66,3709.32
HITM0000203,HORD000066,PRD0405,1,146.11,146.11
HITM0000204,HORD000066,PRD0202,1,1282.0,1282.0
HITM0000205,HORD000067,PRD0147,1,1002.37,1002.37
HITM0000206,HORD000067,PRD0977,2,171.2,342.4
HITM0000207,HORD000068,PRD0580,1,180.48,180.48
HITM0000208,HORD000068,PRD0244,2,847.84,1695.68
HITM0000209,HORD000068,PRD0397,1,1333.88,1333.88
HITM0000210,HORD000068,PRD0218,1,637.83,637.83
HITM0000211,HORD000069,PRD0268,1,395.01,395.01
HITM0000212,HORD000069,PRD0831,1,2373.29,2373.29
HITM0000213,HORD000069,PRD0388,1,981.72,981.72
HITM0000214,HORD000069,PRD0381,1,2583.59,2583.59
HITM0000215,HORD000070,PRD0498,1,536.61,536.61
HITM0000216,HORD000070,PRD0565,2,294.27,588.54
HITM0000217,HORD000070,PRD0437,2,2082.66,4165.32
HITM0000218,HORD000071,PRD0850,1,312.03,312.03
HITM0000219,HORD000071,PRD0733,2,1586.43,3172.86
HITM0000220,HORD000071,PRD0225,1,1060.36,1060.36
HITM0000221,HORD000072,PRD0369,1,123.0,123.0
HITM0000222,HORD000072,PRD0290,1,151.92,151.92
HITM0000223,HORD000072,PRD0930,2,360.98,721.96
HITM0000224,HORD000073,PRD0996,3,643.77,1931.31
HITM0000225,HORD000073,PRD0935,1,41.85,41.85
HITM0000226,HORD000073,PRD0199,2,1201.16,2402.32
HITM0000227,HORD000073,PRD0573,1,281.0,281.0
HITM0000228,HORD000074,PRD0940,1,200.38,200.38
HITM0000229,HORD000074,PRD0498,1,536.61,536.61
HITM0000230,HORD000074,PRD0798,2,647.08,1294.16
HITM0000231,HORD000075,PRD0811,1,1099.78,1099.78
HITM0000232,HORD000076,PRD0180,1,270.59,270.59
HITM0000233,HORD000076,PRD0324,1,632.08,632.08
HITM0000234,HORD000076,PRD0444,1,617.76,617.76
HITM0000235,HORD000077,PRD0345,1,437.36,437.36
HITM0000236,HORD000077,PRD0575,2,177.67,355.34
HITM0000237,HORD000077,PRD0834,1,2605.19,2605.19
HITM0000238,HORD000077,PRD0497,1,2082.0,2082.0
HITM0000239,HORD000078,PRD0136,1,360.6,360.6
HITM0000240,HORD000078,PRD0443,1,393.59,393.59
HITM0000241,HORD000078,PRD0909,2,167.36,334.72
HITM0000242,HORD000079,PRD0020,2,254.09,508.18
HITM0000243,HORD000079,PRD0936,1,214.36,214.36
HITM0000244,HORD000079,PRD0493,1,1091.53,1091.53
HITM0000245,HORD000079,PRD0397,2,1333.88,2667.76
HITM0000246,HORD000080,PRD0342,2,771.91,1543.82
HITM0000247,HORD000080,PRD0595,1,758.18,758.18
HITM0000248,HORD000080,PRD0453,1,1232.3,1232.3
HITM0000249,HORD000081,PRD0180,1,270.59,270.59
HITM0000250,HORD000081,PRD0296,1,767.13,767.13
HITM0000251,HORD000081,PRD0062,1,1491.83,1491.83
HITM0000252,HORD000082,PRD0394,1,1051.66,1051.66
HITM0000253,HORD000082,PRD0073,2,1270.32,2540.64
HITM0000254,HORD000083,PRD0014,1,953.24,953.24
HITM0000255,HORD000083,PRD0594,1,2046.58,2046.58
HITM0000256,HORD000084,PRD0153,1,718.81,718.81
HITM0000257,HORD000084,PRD0409,1,178.56,178.56
HITM0000258,HORD000084,PRD0992,3,1671.9,5015.7
HITM0000259,HORD000084,PRD0471,1,1997.5,1997.5
HITM0000260,HORD000084,PRD0439,2,1460.48,2920.96
HITM0000261,HORD000085,PRD0460,1,250.7,250.7
HITM0000262,HORD000085,PRD0370,1,285.36,285.36
HITM0000263,HORD000085,PRD0048,1,176.51,176.51
HITM0000264,HORD000086,PRD0347,1,2438.33,2438.33
HITM0000265,HORD000086,PRD0904,1,1097.17,1097.17
HITM0000266,HORD000086,PRD0008,1,146.16,146.16
HITM0000267,HORD000086,PRD0216,1,503.39,503.39
HITM0000268,HORD000087,PRD0983,1,854.84,854.84
HITM0000269,HORD000087,PRD0413,1,1348.47,1348.47
HITM0000270,HORD000087,PRD0438,1,185.01,185.01
HITM0000271,HORD000087,PRD0260,1,386.46,386.46
HITM0000272,HORD000087,PRD0325,1,926.64,926.64
HITM0000273,HORD000088,PRD0291,1,2517.39,2517.39
HITM0000274,HORD000088,PRD0935,1,41.85,41.85
HITM0000275,HORD000088,PRD0956,2,86.17,172.34
HITM0000276,HORD000088,PRD0169,1,1449.49,1449.49
HITM0000277,HORD000089,PRD0462,1,595.57,595.57
HITM0000278,HORD000089,PRD0800,1,274.87,274.87
HITM0000279,HORD000089,PRD0170,1,202.15,202.15
HITM0000280,HORD000089,PRD0029,1,476.78,476.78
HITM0000281,HORD000090,PRD0518,2,365.35,730.7
HITM0000282,HORD000090,PRD0504,1,3043.58,3043.58
HITM0000283,HORD000090,PRD0360,1,362.06,362.06
HITM0000284,HORD000090,PRD0238,1,814.82,814.82
HITM0000285,HORD000091,PRD0495,1,1086.82,1086.82
HITM0000286,HORD000091,PRD0368,1,372.64,372.64
HITM0000287,HORD000091,PRD0860,1,359.33,359.33
HITM0000288,HORD000092,PRD0821,1,1235.41,1235.41
HITM0000289,HORD000092,PRD0725,1,107.02,107.02
HITM0000290,HORD000093,PRD0587,2,1683.8,3367.6
HITM0000291,HORD000093,PRD0914,1,1089.48,1089.48
HITM0000292,HORD000093,PRD0228,1,121.94,121.94
HITM0000293,HORD000093,PRD0024,1,3386.44,3386.44
HITM0000294,HORD000094,PRD0090,1,223.82,223.82
HITM0000295,HORD000094,PRD0170,1,202.15,202.15
HITM0000296,HORD000094,PRD0575,1,177.67,177.67
HITM0000297,HORD000094,PRD0667,1,1136.29,1136.29
HITM0000298,HORD000095,PRD0116,1,333.11,333.11
HITM0000299,HORD000095,PRD0046,1,355.51,355.51
HITM0000300,HORD000095,PRD0703,1,289.3,289.3
HITM0000301,HORD000096,PRD0027,1,615.88,615.88
HITM0000302,HORD000096,PRD0701,2,3133.77,6267.54
HITM0000303,HORD000096,PRD0646,1,155.12,155.12
HITM0000304,HORD000097,PRD0098,1,848.52,848.52
HITM0000305,HORD000097,PRD0157,1,1654.35,1654.35
HITM0000306,HORD000097,PRD0411,3,2843.11,8529.33
HITM0000307,HORD000097,PRD0525,1,589.06,589.06
HITM0000308,HORD000098,PRD0748,1,147.02,147.02
HITM0000309,HORD000098,PRD0596,1,846.46,846.46
HITM0000310,HORD000098,PRD0796,1,214.68,214.68
HITM0000311,HORD000098,PRD0444,1,617.76,617.76
HITM0000312,HORD000099,PRD0205,1,864.54,864.54
HITM0000313,HORD000099,PRD0223,2,1235.21,2470.42
HITM0000314,HORD000099,PRD0676,1,499.99,499.99
HITM0000315,HORD000100,PRD0055,1,534.13,534.13
HITM0000316,HORD000100,PRD0993,1,752.35,752.35
HITM0000317,HORD000101,PRD0439,1,1460.48,1460.48
HITM0000318,HORD000101,PRD0191,1,2181.41,2181.41
HITM0000319,HORD000101,PRD0627,2,869.77,1739.54
HITM0000320,HORD000102,PRD0205,2,864.54,1729.08
HITM0000321,HORD000102,PRD0327,2,1792.58,3585.16
HITM0000322,HORD000102,PRD0101,1,1188.71,1188.71
HITM0000323,HORD000102,PRD0644,1,2975.58,2975.58
HITM0000324,HORD000103,PRD0811,1,1099.78,1099.78
HITM0000325,HORD000103,PRD0444,2,617.76,1235.52
HITM0000326,HORD000103,PRD0855,1,316.87,316.87
HITM0000327,HORD000103,PRD0645,1,206.79,206.79
HITM0000328,HORD000104,PRD0423,1,1099.29,1099.29
HITM0000329,HORD000104,PRD0076,1,729.89,729.89
HITM0000330,HORD000104,PRD0507,1,2282.08,2282.08
HITM0000331,HORD000105,PRD0745,1,882.2,882.2
HITM0000332,HORD000106,PRD0660,1,15.31,15.31
HITM0000333,HORD000106,PRD0174,1,2319.35,2319.35
HITM0000334,HORD000106,PRD0451,1,2851.18,2851.18
HITM0000335,HORD000106,PRD0769,1,333.15,333.15
HITM0000336,HORD000106,PRD0891,1,2011.11,2011.11
HITM0000337,HORD000107,PRD0362,1,1217.27,1217.27
HITM0000338,HORD000107,PRD0937,1,2275.76,2275.76
HITM0000339,HORD000107,PRD0545,1,219.94,219.94
HITM0000340,HORD000108,PRD0650,1,233.76,233.76
HITM0000341,HORD000108,PRD0218,1,637.83,637.83
HITM0000342,HORD000108,PRD0277,1,1740.27,1740.27
HITM0000343,HORD000109,PRD0977,1,171.2,171.2
HITM0000344,HORD000109,PRD0849,1,272.8,272.8
HITM0000345,HORD000109,PRD0771,2,1105.04,2210.08
HITM0000346,HORD000110,PRD0993,2,752.35,1504.7
HITM0000347,HORD000110,PRD0245,1,616.59,616.59
HITM0000348,HORD000110,PRD0412,1,383.4,383.4
HITM0000349,HORD000110,PRD0288,2,324.08,648.16
HITM0000350,HORD000110,PRD0472,1,658.25,658.25
HITM0000351,HORD000111,PRD0115,1,678.71,678.71
HITM0000352,HORD000111,PRD0976,1,838.03,838.03
HITM0000353,HORD000111,PRD0689,2,1230.12,2460.24
HITM0000354,HORD000111,PRD0830,1,57.62,57.62
HITM0000355,HORD000112,PRD0907,1,1941.5,1941.5
HITM0000356,HORD000112,PRD0150,1,338.38,338.38
HITM0000357,HORD000112,PRD0438,2,185.01,370.02
HITM0000358,HORD000113,PRD0310,3,83.71,251.13
HITM0000359,HORD000113,PRD0219,1,227.25,227.25
HITM0000360,HORD000113,PRD0636,2,801.41,1602.82
HITM0000361,HORD000113,PRD0403,2,615.54,1231.08
HITM0000362,HORD000114,PRD0304,1,966.94,966.94
HITM0000363,HORD000114,PRD1000,2,120.72,241.44
HITM0000364,HORD000114,PRD0325,1,926.64,926.64
HITM0000365,HORD000114,PRD0623,1,1221.11,1221.11
HITM0000366,HORD000115,PRD0740,1,326.46,326.46
HITM0000367,HORD000115,PRD0780,1,94.47,94.47
HITM0000368,HORD000115,PRD0698,1,445.24,445.24
HITM0000369,HORD000115,PRD0145,1,564.49,564.49
HITM0000370,HORD000116,PRD0217,1,648.29,648.29
HITM0000371,HORD000117,PRD0080,1,15.23,15.23
HITM0000372,HORD000118,PRD0030,1,360.75,360.75
HITM0000373,HORD000118,PRD0298,1,724.89,724.89
HITM0000374,HORD000118,PRD0840,1,48.65,48.65
HITM0000375,HORD000119,PRD0862,1,1164.81,1164.81
HITM0000376,HORD000119,PRD0458,1,960.04,960.04
HITM0000377,HORD000119,PRD0962,1,1496.58,1496.58
HITM0000378,HORD000119,PRD0374,1,1846.98,1846.98
HITM0000379,HORD000120,PRD0840,1,48.65,48.65
HITM0000380,HORD000120,PRD0793,1,476.45,476.45
HITM0000381,HORD000120,PRD0249,1,1193.82,1193.82
HITM0000382,HORD000120,PRD0927,1,1547.06,1547.06
HITM0000383,HORD000121,PRD0572,1,1821.3,1821.3
HITM0000384,HORD000121,PRD0758,1,282.47,282.47
HITM0000385,HORD000121,PRD0007,1,1073.56,1073.56
HITM0000386,HORD000122,PRD0695,1,980.37,980.37
HITM0000387,HORD000122,PRD0437,2,2082.66,4165.32
HITM0000388,HORD000123,PRD0660,1,15.31,15.31
HITM0000389,HORD000123,PRD0405,2,146.11,292.22
HITM0000390,HORD000123,PRD0537,2,669.66,1339.32
HITM0000391,HORD000123,PRD0066,2,66.71,133.42
HITM0000392,HORD000123,PRD0151,2,3024.81,6049.62
HITM0000393,HORD000124,PRD0610,1,159.67,159.67
HITM0000394,HORD000124,PRD0037,1,1207.21,1207.21
HITM0000395,HORD000124,PRD0233,1,804.27,804.27
HITM0000396,HORD000124,PRD0879,1,1214.72,1214.72
HITM0000397,HORD000125,PRD0610,1,159.67,159.67
HITM0000398,HORD000125,PRD0702,1,1587.86,1587.86
HITM0000399,HORD000126,PRD0659,1,1247.76,1247.76
HITM0000400,HORD000126,PRD0795,1,1118.81,1118.81
HITM0000401,HORD000126,PRD0813,1,772.8,772.8
HITM0000402,HORD000126,PRD0360,1,362.06,362.06
HITM0000403,HORD000127,PRD0727,2,1874.18,3748.36
HITM0000404,HORD000127,PRD0909,1,167.36,167.36
HITM0000405,HORD000128,PRD0154,1,3096.85,3096.85
HITM0000406,HORD000128,PRD0912,2,752.42,1504.84
HITM0000407,HORD000128,PRD0346,1,291.88,291.88
HITM0000408,HORD000129,PRD0048,1,176.51,176.51
HITM0000409,HORD000129,PRD0369,1,123.0,123.0
HITM0000410,HORD000129,PRD0970,3,403.08,1209.24
HITM0000411,HORD000129,PRD0755,1,417.76,417.76
HITM0000412,HORD000129,PRD0392,2,647.54,1295.08
HITM0000413,HORD000130,PRD0439,1,1460.48,1460.48
HITM0000414,HORD000130,PRD0511,1,2672.61,2672.61
HITM0000415,HORD000131,PRD0369,1,123.0,123.0
HITM0000416,HORD000131,PRD0585,1,81.84,81.84
HITM0000417,HORD000131,PRD0412,1,383.4,383.4
HITM0000418,HORD000131,PRD0512,2,1057.04,2114.08
HITM0000419,HORD000132,PRD0332,1,896.69,896.69
HITM0000420,HORD000132,PRD0175,1,883.13,883.13
HITM0000421,HORD000132,PRD0083,2,1563.94,3127.88
HITM0000422,HORD000132,PRD0517,2,466.6,933.2
HITM0000423,HORD000132,PRD0182,2,680.44,1360.88
HITM0000424,HORD000133,PRD0685,1,963.7,963.7
HITM0000425,HORD000133,PRD0280,1,149.57,149.57
HITM0000426,HORD000134,PRD0222,2,1210.33,2420.66
HITM0000427,HORD000134,PRD0575,1,177.67,177.67
HITM0000428,HORD000135,PRD0120,1,46.82,46.82
HITM0000429,HORD000135,PRD0420,2,365.11,730.22
HITM0000430,HORD000135,PRD0155,1,372.71,372.71
HITM0000431,HORD000136,PRD0987,1,1413.83,1413.83
HITM0000432,HORD000136,PRD0770,2,144.73,289.46
HITM0000433,HORD000136,PRD0208,3,425.89,1277.67
HITM0000434,HORD000136,PRD0439,1,1460.48,1460.48
HITM0000435,HORD000137,PRD0431,1,1519.4,1519.4
HITM0000436,HORD000137,PRD0890,1,279.59,279.59
HITM0000437,HORD000137,PRD0247,1,694.04,694.04
HITM0000438,HORD000137,PRD0228,1,121.94,121.94
HITM0000439,HORD000137,PRD0050,1,56.24,56.24
HITM0000440,HORD000138,PRD0409,1,178.56,178.56
HITM0000441,HORD000138,PRD0634,1,2121.75,2121.75
HITM0000442,HORD000138,PRD0450,1,210.74,210.74
HITM0000443,HORD000139,PRD0517,2,466.6,933.2
HITM0000444,HORD000139,PRD0616,1,480.04,480.04
HITM0000445,HORD000139,PRD0988,1,236.45,236.45
HITM0000446,HORD000140,PRD0248,1,451.1,451.1
HITM0000447,HORD000140,PRD0355,1,412.17,412.17
HITM0000448,HORD000140,PRD0867,1,500.96,500.96
HITM0000449,HORD000140,PRD0873,1,343.79,343.79
HITM0000450,HORD000141,PRD0925,1,327.94,327.94
HITM0000451,HORD000141,PRD0191,1,2181.41,2181.41
HITM0000452,HORD000141,PRD0847,1,370.04,370.04
HITM0000453,HORD000141,PRD0868,1,956.14,956.14
HITM0000454,HORD000142,PRD0773,1,1247.83,1247.83
HITM0000455,HORD000142,PRD0625,1,1034.61,1034.61
HITM0000456,HORD000142,PRD0949,1,541.69,541.69
HITM0000457,HORD000142,PRD0775,1,545.51,545.51
HITM0000458,HORD000143,PRD0964,1,449.57,449.57
HITM0000459,HORD000143,PRD0796,1,214.68,214.68
HITM0000460,HORD000144,PRD0517,2,466.6,933.2
HITM0000461,HORD000144,PRD0172,2,642.62,1285.24
HITM0000462,HORD000144,PRD0326,1,62.48,62.48
HITM0000463,HORD000145,PRD0575,1,177.67,177.67
HITM0000464,HORD000145,PRD0078,1,1051.69,1051.69
HITM0000465,HORD000145,PRD0434,1,388.26,388.26
HITM0000466,HORD000146,PRD0310,1,83.71,83.71
HITM0000467,HORD000146,PRD0016,1,255.89,255.89
HITM0000468,HORD000147,PRD0472,1,658.25,658.25
HITM0000469,HORD000147,PRD0573,2,281.0,562.0
HITM0000470,HORD000147,PRD0854,1,2184.3,2184.3
HITM0000471,HORD000148,PRD0109,1,326.84,326.84
HITM0000472,HORD000148,PRD0056,1,485.36,485.36
HITM0000473,HORD000148,PRD0083,1,1563.94,1563.94
HITM0000474,HORD000148,PRD0566,1,665.53,665.53
HITM0000475,HORD000149,PRD0170,1,202.15,202.15
HITM0000476,HORD000149,PRD0690,2,30.42,60.84
HITM0000477,HORD000149,PRD0375,1,901.8,901.8
HITM0000478,HORD000150,PRD0545,1,219.94,219.94
HITM0000479,HORD000150,PRD0528,1,386.06,386.06
HITM0000480,HORD000151,PRD0020,1,254.09,254.09
HITM0000481,HORD000151,PRD0600,1,198.56,198.56
HITM0000482,HORD000151,PRD0425,1,615.94,615.94
HITM0000483,HORD000151,PRD0258,2,649.82,1299.64
HITM0000484,HORD000151,PRD0001,2,2393.92,4787.84
HITM0000485,HORD000152,PRD0291,2,2517.39,5034.78
HITM0000486,HORD000152,PRD0850,1,312.03,312.03
HITM0000487,HORD000152,PRD0664,1,3064.35,3064.35
HITM0000488,HORD000152,PRD0232,1,1634.96,1634.96
HITM0000489,HORD000153,PRD0370,1,285.36,285.36
HITM0000490,HORD000153,PRD0906,3,150.8,452.4
HITM0000491,HORD000153,PRD0148,1,457.28,457.28
HITM0000492,HORD000154,PRD0566,1,665.53,665.53
HITM0000493,HORD000154,PRD0995,2,745.12,1490.24
HITM0000494,HORD000154,PRD0990,1,268.68,268.68
HITM0000495,HORD000155,PRD0900,1,204.44,204.44
HITM0000496,HORD000155,PRD0536,1,274.78,274.78
HITM0000497,HORD000155,PRD0017,1,1611.29,1611.29
HITM0000498,HORD000156,PRD0400,3,158.67,476.01
HITM0000499,HORD000156,PRD0175,1,883.13,883.13
HITM0000500,HORD000156,PRD0788,1,319.54,319.54
HITM0000501,HORD000157,PRD0571,1,1263.4,1263.4
HITM0000502,HORD000157,PRD0388,2,981.72,1963.44
HITM0000503,HORD000157,PRD0586,1,110.38,110.38
HITM0000504,HORD000157,PRD0840,1,48.65,48.65
HITM0000505,HORD000158,PRD0320,1,190.98,190.98
HITM0000506,HORD000158,PRD0701,1,3133.77,3133.77
HITM0000507,HORD000159,PRD0587,2,1683.8,3367.6
HITM0000508,HORD000159,PRD0690,1,30.42,30.42
HITM0000509,HORD000159,PRD0178,2,184.26,368.52
HITM0000510,HORD000159,PRD0707,1,1182.83,1182.83
HITM0000511,HORD000159,PRD0416,1,420.25,420.25
HITM0000512,HORD000160,PRD0803,1,585.93,585.93
HITM0000513,HORD000160,PRD0380,1,370.74,370.74
HITM0000514,HORD000160,PRD0988,1,236.45,236.45
HITM0000515,HORD000160,PRD0835,1,982.79,982.79
HITM0000516,HORD000161,PRD0395,1,366.66,366.66
HITM0000517,HORD000161,PRD0046,1,355.51,355.51
HITM0000518,HORD000161,PRD0086,3,747.25,2241.75
HITM0000519,HORD000161,PRD0452,2,1619.46,3238.92
HITM0000520,HORD000162,PRD0560,1,414.95,414.95
HITM0000521,HORD000163,PRD0340,1,244.07,244.07
HITM0000522,HORD000163,PRD0864,1,3026.32,3026.32
HITM0000523,HORD000163,PRD0037,1,1207.21,1207.21
HITM0000524,HORD000164,PRD0796,1,214.68,214.68
HITM0000525,HORD000165,PRD0979,1,1164.08,1164.08
HITM0000526,HORD000165,PRD0106,1,40.68,40.68
HITM0000527,HORD000165,PRD0109,1,326.84,326.84
HITM0000528,HORD000166,PRD0813,1,772.8,772.8
HITM0000529,HORD000166,PRD0473,1,1395.59,1395.59
HITM0000530,HORD000166,PRD0935,1,41.85,41.85
HITM0000531,HORD000166,PRD0596,3,846.46,2539.38
HITM0000532,HORD000167,PRD0478,1,948.58,948.58
HITM0000533,HORD000167,PRD0925,1,327.94,327.94
HITM0000534,HORD000167,PRD0050,3,56.24,168.72
HITM0000535,HORD000167,PRD0771,2,1105.04,2210.08
HITM0000536,HORD000167,PRD0881,1,1901.2,1901.2
HITM0000537,HORD000168,PRD0865,1,308.23,308.23
HITM0000538,HORD000169,PRD0461,1,1664.1,1664.1
HITM0000539,HORD000169,PRD0609,1,510.8,510.8
HITM0000540,HORD000169,PRD0636,2,801.41,1602.82
HITM0000541,HORD000169,PRD0194,1,537.22,537.22
HITM0000542,HORD000170,PRD0518,1,365.35,365.35
HITM0000543,HORD000170,PRD0536,1,274.78,274.78
HITM0000544,HORD000170,PRD0109,1,326.84,326.84
HITM0000545,HORD000170,PRD0487,1,136.07,136.07
HITM0000546,HORD000171,PRD0972,1,690.82,690.82
HITM0000547,HORD000171,PRD0542,1,1746.75,1746.75
HITM0000548,HORD000171,PRD0366,1,356.03,356.03
HITM0000549,HORD000172,PRD0201,1,2237.43,2237.43
HITM0000550,HORD000172,PRD0220,1,144.35,144.35
HITM0000551,HORD000172,PRD0853,1,1558.78,1558.78
HITM0000552,HORD000172,PRD0846,3,427.97,1283.91
HITM0000553,HORD000173,PRD0909,1,167.36,167.36
HITM0000554,HORD000173,PRD0180,1,270.59,270.59
HITM0000555,HORD000173,PRD0827,1,1290.81,1290.81
HITM0000556,HORD000173,PRD0279,1,165.58,165.58
HITM0000557,HORD000174,PRD0900,1,204.44,204.44
HITM0000558,HORD000174,PRD0649,2,1306.2,2612.4
HITM0000559,HORD000174,PRD0725,1,107.02,107.02
HITM0000560,HORD000175,PRD0142,2,1647.71,3295.42
HITM0000561,HORD000175,PRD0099,1,245.95,245.95
HITM0000562,HORD000175,PRD0550,1,178.21,178.21
HITM0000563,HORD000176,PRD0403,2,615.54,1231.08
HITM0000564,HORD000176,PRD0106,1,40.68,40.68
HITM0000565,HORD000176,PRD0700,1,105.41,105.41
HITM0000566,HORD000176,PRD0250,1,79.79,79.79
HITM0000567,HORD000176,PRD0076,1,729.89,729.89
HITM0000568,HORD000177,PRD0877,1,921.48,921.48
HITM0000569,HORD000177,PRD0228,2,121.94,243.88
HITM0000570,HORD000177,PRD0311,1,1369.17,1369.17
HITM0000571,HORD000178,PRD0403,1,615.54,615.54
HITM0000572,HORD000178,PRD0497,3,2082.0,6246.0
HITM0000573,HORD000178,PRD0997,2,1971.69,3943.38
HITM0000574,HORD000178,PRD0140,2,394.57,789.14
HITM0000575,HORD000178,PRD0296,1,767.13,767.13
HITM0000576,HORD000179,PRD0865,1,308.23,308.23
HITM0000577,HORD000180,PRD0998,1,819.98,819.98
HITM0000578,HORD000180,PRD0925,1,327.94,327.94
HITM0000579,HORD000180,PRD0674,2,3423.74,6847.48
HITM0000580,HORD000181,PRD0377,2,941.97,1883.94
HITM0000581,HORD000181,PRD0714,1,2934.49,2934.49
HITM0000582,HORD000182,PRD0760,1,145.6,145.6
HITM0000583,HORD000182,PRD0886,3,529.82,1589.46
HITM0000584,HORD000182,PRD0205,1,864.54,864.54
HITM0000585,HORD000183,PRD0484,1,1093.53,1093.53
HITM0000586,HORD000183,PRD0277,1,1740.27,1740.27
HITM0000587,HORD000183,PRD0412,1,383.4,383.4
HITM0000588,HORD000184,PRD0482,1,1511.77,1511.77
HITM0000589,HORD000185,PRD0886,2,529.82,1059.64
HITM0000590,HORD000185,PRD0660,1,15.31,15.31
HITM0000591,HORD000186,PRD0696,2,137.51,275.02
HITM0000592,HORD000186,PRD0109,1,326.84,326.84
HITM0000593,HORD000186,PRD0341,1,2657.98,2657.98
HITM0000594,HORD000187,PRD0531,1,2292.33,2292.33
HITM0000595,HORD000187,PRD0925,2,327.94,655.88
HITM0000596,HORD000187,PRD0106,1,40.68,40.68
HITM0000597,HORD000188,PRD0066,2,66.71,133.42
HITM0000598,HORD000188,PRD0580,1,180.48,180.48
HITM0000599,HORD000188,PRD0880,2,148.01,296.02
HITM0000600,HORD000188,PRD0903,1,805.15,805.15
HITM0000601,HORD000188,PRD0956,1,86.17,86.17
HITM0000602,HORD000189,PRD0851,1,3078.03,3078.03
HITM0000603,HORD000189,PRD0130,1,234.4,234.4
HITM0000604,HORD000189,PRD0806,1,351.54,351.54
HITM0000605,HORD000190,PRD0623,2,1221.11,2442.22
HITM0000606,HORD000190,PRD0288,1,324.08,324.08
HITM0000607,HORD000190,PRD0438,2,185.01,370.02
HITM0000608,HORD000190,PRD0596,2,846.46,1692.92
HITM0000609,HORD000191,PRD0409,1,178.56,178.56
HITM0000610,HORD000191,PRD0680,1,369.12,369.12
HITM0000611,HORD000191,PRD0286,1,159.28,159.28
HITM0000612,HORD000191,PRD0758,2,282.47,564.94
HITM0000613,HORD000191,PRD0707,1,1182.83,1182.83
HITM0000614,HORD000192,PRD0906,1,150.8,150.8
HITM0000615,HORD000192,PRD0706,1,173.61,173.61
HITM0000616,HORD000192,PRD0322,1,1333.07,1333.07
HITM0000617,HORD000192,PRD0150,1,338.38,338.38
HITM0000618,HORD000192,PRD0780,1,94.47,94.47
HITM0000619,HORD000193,PRD0919,2,202.1,404.2
HITM0000620,HORD000193,PRD0525,1,589.06,589.06
HITM0000621,HORD000193,PRD0716,1,197.99,197.99
HITM0000622,HORD000194,PRD0715,1,61.65,61.65
HITM0000623,HORD000194,PRD0212,1,369.65,369.65
HITM0000624,HORD000195,PRD0271,3,2076.99,6230.97
HITM0000625,HORD000195,PRD0604,2,3124.49,6248.98
HITM0000626,HORD000195,PRD0133,1,772.02,772.02
HITM0000627,HORD000195,PRD0125,2,517.12,1034.24
HITM0000628,HORD000196,PRD0113,1,418.73,418.73
HITM0000629,HORD000196,PRD0239,2,761.02,1522.04
HITM0000630,HORD000196,PRD0911,1,2044.96,2044.96
HITM0000631,HORD000197,PRD0346,1,291.88,291.88
HITM0000632,HORD000197,PRD0844,1,1595.23,1595.23
HITM0000633,HORD000197,PRD0342,1,771.91,771.91
HITM0000634,HORD000198,PRD0596,1,846.46,846.46
HITM0000635,HORD000198,PRD0922,1,905.58,905.58
HITM0000636,HORD000199,PRD0198,1,736.33,736.33
HITM0000637,HORD000199,PRD0967,1,530.38,530.38
HITM0000638,HORD000199,PRD0590,1,320.53,320.53
HITM0000639,HORD000200,PRD0909,1,167.36,167.36
HITM0000640,HORD000200,PRD0750,2,181.18,362.36
HITM0000641,HORD000201,PRD0940,1,200.38,200.38
HITM0000642,HORD000201,PRD0255,1,718.45,718.45
HITM0000643,HORD000201,PRD0708,1,545.08,545.08
HITM0000644,HORD000201,PRD0460,1,250.7,250.7
HITM0000645,HORD000202,PRD0878,1,453.39,453.39
HITM0000646,HORD000202,PRD0503,2,946.68,1893.36
HITM0000647,HORD000202,PRD0845,2,1093.84,2187.68
HITM0000648,HORD000203,PRD0184,1,685.26,685.26
HITM0000649,HORD000203,PRD0988,1,236.45,236.45
HITM0000650,HORD000203,PRD0645,1,206.79,206.79
HITM0000651,HORD000204,PRD0700,3,105.41,316.23
HITM0000652,HORD000205,PRD0817,2,2143.54,4287.08
HITM0000653,HORD000205,PRD0982,1,973.58,973.58
HITM0000654,HORD000205,PRD0300,2,305.18,610.36
HITM0000655,HORD000206,PRD0906,1,150.8,150.8
HITM0000656,HORD000206,PRD0806,1,351.54,351.54
HITM0000657,HORD000206,PRD0790,2,110.86,221.72
HITM0000658,HORD000206,PRD0038,1,758.26,758.26
HITM0000659,HORD000207,PRD0461,1,1664.1,1664.1
HITM0000660,HORD000208,PRD0797,1,850.77,850.77
HITM0000661,HORD000208,PRD0554,1,2812.01,2812.01
HITM0000662,HORD000208,PRD0585,2,81.84,163.68
HITM0000663,HORD000209,PRD0110,2,110.2,220.4
HITM0000664,HORD000209,PRD0676,1,499.99,499.99
HITM0000665,HORD000210,PRD0463,1,1498.56,1498.56
HITM0000666,HORD000210,PRD0363,1,554.22,554.22
HITM0000667,HORD000210,PRD0197,1,179.71,179.71
HITM0000668,HORD000211,PRD0032,2,581.78,1163.56
HITM0000669,HORD000211,PRD0355,1,412.17,412.17
HITM0000670,HORD000211,PRD0645,1,206.79,206.79
HITM0000671,HORD000212,PRD0569,1,238.57,238.57
HITM0000672,HORD000212,PRD0822,1,1374.65,1374.65
HITM0000673,HORD000212,PRD0795,2,1118.81,2237.62
HITM0000674,HORD000212,PRD0715,1,61.65,61.65
HITM0000675,HORD000212,PRD0419,1,1458.66,1458.66
HITM0000676,HORD000213,PRD0618,2,421.89,843.78
HITM0000677,HORD000213,PRD0444,1,617.76,617.76
HITM0000678,HORD000213,PRD0986,1,445.06,445.06
HITM0000679,HORD000214,PRD0803,1,585.93,585.93
HITM0000680,HORD000215,PRD0417,1,1281.86,1281.86
HITM0000681,HORD000215,PRD0369,1,123.0,123.0
HITM0000682,HORD000216,PRD0573,1,281.0,281.0
HITM0000683,HORD000216,PRD0391,1,1914.32,1914.32
HITM0000684,HORD000217,PRD0338,1,925.26,925.26
HITM0000685,HORD000217,PRD0416,1,420.25,420.25
HITM0000686,HORD000218,PRD0910,1,19.2,19.2
HITM0000687,HORD000218,PRD0134,2,1214.25,2428.5
HITM0000688,HORD000219,PRD0183,2,442.77,885.54
HITM0000689,HORD000219,PRD0426,1,571.98,571.98
HITM0000690,HORD000219,PRD0797,2,850.77,1701.54
HITM0000691,HORD000219,PRD0882,1,404.51,404.51
HITM0000692,HORD000220,PRD0831,1,2373.29,2373.29
HITM0000693,HORD000220,PRD0310,1,83.71,83.71
HITM0000694,HORD000220,PRD0050,1,56.24,56.24
HITM0000695,HORD000220,PRD0389,1,452.02,452.02
HITM0000696,HORD000221,PRD0579,2,1153.54,2307.08
HITM0000697,HORD000221,PRD0313,1,1109.77,1109.77
HITM0000698,HORD000222,PRD0190,1,274.29,274.29
HITM0000699,HORD000222,PRD0970,1,403.08,403.08
HITM0000700,HORD000222,PRD0573,1,281.0,281.0
HITM0000701,HORD000222,PRD0028,1,831.06,831.06
HITM0000702,HORD000222,PRD0783,1,1292.19,1292.19
HITM0000703,HORD000223,PRD0040,1,239.17,239.17
HITM0000704,HORD000223,PRD0618,3,421.89,1265.67
HITM0000705,HORD000223,PRD0886,1,529.82,529.82
HITM0000706,HORD000224,PRD0016,2,255.89,511.78
HITM0000707,HORD000224,PRD0443,1,393.59,393.59
HITM0000708,HORD000224,PRD0859,1,530.9,530.9
HITM0000709,HORD000224,PRD0268,1,395.01,395.01
HITM0000710,HORD000224,PRD0422,1,1345.12,1345.12
HITM0000711,HORD000225,PRD0696,1,137.51,137.51
HITM0000712,HORD000225,PRD0988,1,236.45,236.45
HITM0000713,HORD000225,PRD0510,2,176.33,352.66
HITM0000714,HORD000226,PRD0424,1,2256.09,2256.09
HITM0000715,HORD000226,PRD0405,1,146.11,146.11
HITM0000716,HORD000226,PRD0594,1,2046.58,2046.58
HITM0000717,HORD000227,PRD0429,1,1195.52,1195.52
HITM0000718,HORD000227,PRD0220,1,144.35,144.35
HITM0000719,HORD000227,PRD0954,1,848.21,848.21
HITM0000720,HORD000227,PRD0499,2,253.73,507.46
HITM0000721,HORD000228,PRD0818,1,1065.11,1065.11
HITM0000722,HORD000228,PRD0681,1,963.93,963.93
HITM0000723,HORD000228,PRD0498,1,536.61,536.61
HITM0000724,HORD000228,PRD0719,3,836.38,2509.14
HITM0000725,HORD000229,PRD0730,1,241.01,241.01
HITM0000726,HORD000229,PRD0303,2,1580.3,3160.6
HITM0000727,HORD000230,PRD0934,3,4104.95,12314.85
HITM0000728,HORD000230,PRD0073,1,1270.32,1270.32
HITM0000729,HORD000230,PRD0616,1,480.04,480.04
HITM0000730,HORD000231,PRD0510,1,176.33,176.33
HITM0000731,HORD000231,PRD0663,1,337.29,337.29
HITM0000732,HORD000231,PRD0004,2,468.81,937.62
HITM0000733,HORD000232,PRD0680,2,369.12,738.24
HITM0000734,HORD000232,PRD0015,2,828.91,1657.82
HITM0000735,HORD000233,PRD0578,1,718.33,718.33
HITM0000736,HORD000233,PRD0656,1,473.06,473.06
HITM0000737,HORD000233,PRD0450,1,210.74,210.74
HITM0000738,HORD000234,PRD0800,2,274.87,549.74
HITM0000739,HORD000234,PRD0663,2,337.29,674.58
HITM0000740,HORD000235,PRD0136,1,360.6,360.6
HITM0000741,HORD000235,PRD0445,2,1026.22,2052.44
HITM0000742,HORD000235,PRD0216,2,503.39,1006.78
HITM0000743,HORD000235,PRD0390,1,391.31,391.31
HITM0000744,HORD000236,PRD0219,1,227.25,227.25
HITM0000745,HORD000236,PRD0543,3,303.53,910.59
HITM0000746,HORD000236,PRD0827,1,1290.81,1290.81
HITM0000747,HORD000236,PRD0808,1,566.96,566.96
HITM0000748,HORD000237,PRD0226,2,497.16,994.32
HITM0000749,HORD000237,PRD0410,2,212.08,424.16
HITM0000750,HORD000237,PRD0298,1,724.89,724.89
HITM0000751,HORD000238,PRD0991,1,1900.16,1900.16
HITM0000752,HORD000238,PRD0877,1,921.48,921.48
HITM0000753,HORD000238,PRD0945,1,113.23,113.23
HITM0000754,HORD000238,PRD0291,1,2517.39,2517.39
HITM0000755,HORD000238,PRD0427,2,1212.42,2424.84
HITM0000756,HORD000239,PRD0473,1,1395.59,1395.59
HITM0000757,HORD000239,PRD0586,1,110.38,110.38
HITM0000758,HORD000239,PRD0965,1,1142.59,1142.59
HITM0000759,HORD000240,PRD0690,1,30.42,30.42
HITM0000760,HORD000240,PRD0661,2,1048.18,2096.36
HITM0000761,HORD000240,PRD0260,1,386.46,386.46
HITM0000762,HORD000241,PRD0948,1,583.21,583.21
HITM0000763,HORD000242,PRD0569,1,238.57,238.57
HITM0000764,HORD000242,PRD0463,1,1498.56,1498.56
HITM0000765,HORD000242,PRD0890,2,279.59,559.18
HITM0000766,HORD000243,PRD0002,1,1391.38,1391.38
HITM0000767,HORD000243,PRD0607,2,1809.95,3619.9
HITM0000768,HORD000243,PRD0467,1,1381.47,1381.47
HITM0000769,HORD000243,PRD0715,2,61.65,123.3
HITM0000770,HORD000243,PRD0224,1,3534.57,3534.57
HITM0000771,HORD000244,PRD0266,1,667.96,667.96
HITM0000772,HORD000244,PRD0407,1,607.64,607.64
HITM0000773,HORD000244,PRD0059,1,748.03,748.03
HITM0000774,HORD000244,PRD0299,2,1325.19,2650.38
HITM0000775,HORD000245,PRD0737,1,540.55,540.55
HITM0000776,HORD000245,PRD0147,1,1002.37,1002.37
HITM0000777,HORD000246,PRD0217,1,648.29,648.29
HITM0000778,HORD000246,PRD0996,2,643.77,1287.54
HITM0000779,HORD000246,PRD0622,2,678.69,1357.38
HITM0000780,HORD000246,PRD0738,1,778.08,778.08
HITM0000781,HORD000247,PRD0086,1,747.25,747.25
HITM0000782,HORD000247,PRD0590,1,320.53,320.53
HITM0000783,HORD000247,PRD0304,1,966.94,966.94
HITM0000784,HORD000248,PRD0753,1,272.68,272.68
HITM0000785,HORD000248,PRD0126,1,273.65,273.65
HITM0000786,HORD000248,PRD0602,2,1093.07,2186.14
HITM0000787,HORD000249,PRD0964,2,449.57,899.14
HITM0000788,HORD000249,PRD0442,1,1331.04,1331.04
HITM0000789,HORD000249,PRD0936,1,214.36,214.36
HITM0000790,HORD000250,PRD0237,2,2383.14,4766.28
HITM0000791,HORD000250,PRD0779,1,621.7,621.7
HITM0000792,HORD000250,PRD0242,1,390.52,390.52
HITM0000793,HORD000251,PRD0569,1,238.57,238.57
HITM0000794,HORD000251,PRD0279,1,165.58,165.58
HITM0000795,HORD000251,PRD0292,1,1683.43,1683.43
HITM0000796,HORD000251,PRD0750,2,181.18,362.36
HITM0000797,HORD000252,PRD0314,1,1867.88,1867.88
HITM0000798,HORD000252,PRD0115,1,678.71,678.71
HITM0000799,HORD000252,PRD0369,1,123.0,123.0
HITM0000800,HORD000253,PRD0541,1,3125.61,3125.61
HITM0000801,HORD000253,PRD0905,2,951.23,1902.46
HITM0000802,HORD000253,PRD0266,1,667.96,667.96
HITM0000803,HORD000254,PRD0473,1,1395.59,1395.59
HITM0000804,HORD000254,PRD0589,2,241.6,483.2
HITM0000805,HORD000254,PRD0470,1,116.53,116.53
HITM0000806,HORD000254,PRD0783,1,1292.19,1292.19
HITM0000807,HORD000255,PRD0483,1,998.58,998.58
HITM0000808,HORD000255,PRD0336,2,657.61,1315.22
HITM0000809,HORD000255,PRD0918,1,270.82,270.82
HITM0000810,HORD000255,PRD0167,1,2514.98,2514.98
HITM0000811,HORD000256,PRD0840,1,48.65,48.65
HITM0000812,HORD000256,PRD0457,1,1014.79,1014.79
HITM0000813,HORD000256,PRD0177,1,1856.25,1856.25
HITM0000814,HORD000256,PRD0436,1,525.13,525.13
HITM0000815,HORD000257,PRD0460,1,250.7,250.7
HITM0000816,HORD000257,PRD0957,2,1732.9,3465.8
HITM0000817,HORD000257,PRD0774,1,3381.71,3381.71
HITM0000818,HORD000258,PRD0716,2,197.99,395.98
HITM0000819,HORD000258,PRD0602,2,1093.07,2186.14
HITM0000820,HORD000258,PRD0336,1,657.61,657.61
HITM0000821,HORD000258,PRD0707,2,1182.83,2365.66
HITM0000822,HORD000259,PRD0846,1,427.97,427.97
HITM0000823,HORD000259,PRD0037,1,1207.21,1207.21
HITM0000824,HORD000259,PRD0117,1,684.24,684.24
HITM0000825,HORD000260,PRD0029,2,476.78,953.56
HITM0000826,HORD000260,PRD0630,1,399.15,399.15
HITM0000827,HORD000260,PRD0693,1,1149.55,1149.55
HITM0000828,HORD000260,PRD0385,1,272.03,272.03
HITM0000829,HORD000260,PRD0972,1,690.82,690.82
HITM0000830,HORD000261,PRD0300,1,305.18,305.18
HITM0000831,HORD000261,PRD0800,1,274.87,274.87
HITM0000832,HORD000261,PRD0286,1,159.28,159.28
HITM0000833,HORD000261,PRD0763,1,485.63,485.63
HITM0000834,HORD000262,PRD0621,1,1275.57,1275.57
HITM0000835,HORD000262,PRD0522,1,1323.78,1323.78
HITM0000836,HORD000263,PRD0757,1,1258.09,1258.09
HITM0000837,HORD000264,PRD0488,3,658.75,1976.25
HITM0000838,HORD000264,PRD0554,1,2812.01,2812.01
HITM0000839,HORD000264,PRD0840,1,48.65,48.65
HITM0000840,HORD000264,PRD1000,1,120.72,120.72
HITM0000841,HORD000265,PRD0376,1,689.26,689.26
HITM0000842,HORD000265,PRD0839,1,1311.55,1311.55
HITM0000843,HORD000266,PRD0530,1,210.45,210.45
HITM0000844,HORD000266,PRD0264,1,2735.39,2735.39
HITM0000845,HORD000266,PRD0650,2,233.76,467.52
HITM0000846,HORD000267,PRD0691,1,2536.12,2536.12
HITM0000847,HORD000267,PRD0526,1,84.58,84.58
HITM0000848,HORD000267,PRD0213,1,1091.55,1091.55
HITM0000849,HORD000267,PRD0817,1,2143.54,2143.54
HITM0000850,HORD000268,PRD0283,1,427.47,427.47
HITM0000851,HORD000268,PRD0157,1,1654.35,1654.35
HITM0000852,HORD000269,PRD0043,1,1487.36,1487.36
HITM0000853,HORD000269,PRD0276,1,443.22,443.22
HITM0000854,HORD000270,PRD0325,3,926.64,2779.92
HITM0000855,HORD000270,PRD0836,1,826.24,826.24
HITM0000856,HORD000270,PRD0624,1,588.21,588.21
HITM0000857,HORD000271,PRD0565,1,294.27,294.27
HITM0000858,HORD000271,PRD0731,3,1026.14,3078.42
HITM0000859,HORD000271,PRD0268,1,395.01,395.01
HITM0000860,HORD000271,PRD0378,2,472.12,944.24
HITM0000861,HORD000272,PRD0483,2,998.58,1997.16
HITM0000862,HORD000272,PRD0496,1,223.21,223.21
HITM0000863,HORD000272,PRD0490,2,337.69,675.38
HITM0000864,HORD000273,PRD0200,1,160.69,160.69
HITM0000865,HORD000273,PRD0821,1,1235.41,1235.41
HITM0000866,HORD000273,PRD0130,2,234.4,468.8
HITM0000867,HORD000273,PRD0635,1,140.41,140.41
HITM0000868,HORD000274,PRD0830,1,57.62,57.62
HITM0000869,HORD000274,PRD0715,1,61.65,61.65
HITM0000870,HORD000274,PRD0463,1,1498.56,1498.56
HITM0000871,HORD000275,PRD0777,2,666.99,1333.98
HITM0000872,HORD000275,PRD0953,2,1430.97,2861.94
HITM0000873,HORD000275,PRD0305,1,260.29,260.29
HITM0000874,HORD000276,PRD0228,1,121.94,121.94
HITM0000875,HORD000276,PRD0176,2,408.12,816.24
HITM0000876,HORD000276,PRD0210,2,389.28,778.56
HITM0000877,HORD000277,PRD0212,1,369.65,369.65
HITM0000878,HORD000277,PRD0542,1,1746.75,1746.75
HITM0000879,HORD000277,PRD0444,1,617.76,617.76
HITM0000880,HORD000278,PRD0684,3,2250.74,6752.22
HITM0000881,HORD000278,PRD0102,1,1075.3,1075.3
HITM0000882,HORD000278,PRD0186,2,280.16,560.32
HITM0000883,HORD000278,PRD0916,1,110.26,110.26
HITM0000884,HORD000279,PRD0762,3,1038.24,3114.72
HITM0000885,HORD000280,PRD0206,1,633.94,633.94
HITM0000886,HORD000280,PRD0251,1,2656.31,2656.31
HITM0000887,HORD000280,PRD0165,1,471.13,471.13
HITM0000888,HORD000280,PRD0499,1,253.73,253.73
HITM0000889,HORD000280,PRD0082,1,1853.06,1853.06
HITM0000890,HORD000281,PRD0909,1,167.36,167.36
HITM0000891,HORD000282,PRD0061,2,1070.18,2140.36
HITM0000892,HORD000282,PRD0024,3,3386.44,10159.32
HITM0000893,HORD000283,PRD0504,1,3043.58,3043.58
HITM0000894,HORD000283,PRD0346,1,291.88,291.88
HITM0000895,HORD000283,PRD0497,2,2082.0,4164.0
HITM0000896,HORD000284,PRD0443,1,393.59,393.59
HITM0000897,HORD000284,PRD0336,1,657.61,657.61
HITM0000898,HORD000284,PRD0206,2,633.94,1267.88
HITM0000899,HORD000285,PRD0079,1,1319.99,1319.99
HITM0000900,HORD000285,PRD0068,1,331.71,331.71
HITM0000901,HORD000286,PRD0226,1,497.16,497.16
HITM0000902,HORD000286,PRD0313,1,1109.77,1109.77
HITM0000903,HORD000286,PRD0131,1,2047.43,2047.43
HITM0000904,HORD000287,PRD0193,1,596.94,596.94
HITM0000905,HORD000287,PRD0320,1,190.98,190.98
HITM0000906,HORD000287,PRD0553,1,1464.9,1464.9
HITM0000907,HORD000287,PRD0826,1,402.15,402.15
HITM0000908,HORD000288,PRD0207,1,2221.73,2221.73
HITM0000909,HORD000288,PRD0049,2,917.1,1834.2
HITM0000910,HORD000288,PRD0912,2,752.42,1504.84
HITM0000911,HORD000288,PRD0536,1,274.78,274.78
HITM0000912,HORD000289,PRD0635,1,140.41,140.41
HITM0000913,HORD000289,PRD0280,2,149.57,299.14
HITM0000914,HORD000290,PRD0209,1,767.93,767.93
HITM0000915,HORD000290,PRD0542,2,1746.75,3493.5
HITM0000916,HORD000290,PRD0269,1,236.51,236.51
HITM0000917,HORD000290,PRD0226,1,497.16,497.16
HITM0000918,HORD000291,PRD0226,1,497.16,497.16
HITM0000919,HORD000291,PRD0889,1,893.76,893.76
HITM0000920,HORD000292,PRD0800,1,274.87,274.87
HITM0000921,HORD000292,PRD0610,1,159.67,159.67
HITM0000922,HORD000293,PRD0832,1,1257.86,1257.86
HITM0000923,HORD000293,PRD0256,1,297.13,297.13
HITM0000924,HORD000293,PRD0012,2,711.13,1422.26
HITM0000925,HORD000293,PRD0191,1,2181.41,2181.41
HITM0000926,HORD000293,PRD0035,2,215.11,430.22
HITM0000927,HORD000294,PRD0789,2,776.9,1553.8
HITM0000928,HORD000294,PRD0292,1,1683.43,1683.43
HITM0000929,HORD000294,PRD0756,1,238.54,238.54
HITM0000930,HORD000294,PRD0930,1,360.98,360.98
HITM0000931,HORD000295,PRD0792,1,1199.37,1199.37
HITM0000932,HORD000296,PRD0608,1,607.93,607.93
HITM0000933,HORD000296,PRD0353,1,1349.93,1349.93
HITM0000934,HORD000296,PRD0783,1,1292.19,1292.19
HITM0000935,HORD000297,PRD0609,2,510.8,1021.6
HITM0000936,HORD000297,PRD0864,2,3026.32,6052.64
HITM0000937,HORD000297,PRD0913,1,570.08,570.08
HITM0000938,HORD000297,PRD0763,1,485.63,485.63
HITM0000939,HORD000298,PRD1000,1,120.72,120.72
HITM0000940,HORD000299,PRD0087,1,164.58,164.58
HITM0000941,HORD000299,PRD0684,1,2250.74,2250.74
HITM0000942,HORD000299,PRD0750,1,181.18,181.18
HITM0000943,HORD000300,PRD0229,1,963.55,963.55
HITM0000944,HORD000300,PRD0212,2,369.65,739.3
HITM0000945,HORD000300,PRD0226,1,497.16,497.16
HITM0000946,HORD000300,PRD0991,1,1900.16,1900.16
HITM0000947,HORD000301,PRD0008,1,146.16,146.16
HITM0000948,HORD000301,PRD0460,1,250.7,250.7
HITM0000949,HORD000301,PRD0677,1,197.41,197.41
HITM0000950,HORD000301,PRD0830,2,57.62,115.24
HITM0000951,HORD000302,PRD0536,1,274.78,274.78
HITM0000952,HORD000302,PRD0267,1,657.53,657.53
HITM0000953,HORD000302,PRD0301,1,1027.91,1027.91
HITM0000954,HORD000302,PRD0199,1,1201.16,1201.16
HITM0000955,HORD000302,PRD0127,2,415.41,830.82
HITM0000956,HORD000303,PRD0463,3,1498.56,4495.68
HITM0000957,HORD000303,PRD0324,1,632.08,632.08
HITM0000958,HORD000303,PRD0565,1,294.27,294.27
HITM0000959,HORD000304,PRD0898,1,272.18,272.18
HITM0000960,HORD000304,PRD0589,1,241.6,241.6
HITM0000961,HORD000305,PRD0653,1,608.0,608.0
HITM0000962,HORD000305,PRD0412,1,383.4,383.4
HITM0000963,HORD000305,PRD0595,1,758.18,758.18
HITM0000964,HORD000305,PRD0159,1,1223.4,1223.4
HITM0000965,HORD000305,PRD0455,1,679.95,679.95
HITM0000966,HORD000306,PRD0750,2,181.18,362.36
HITM0000967,HORD000307,PRD0356,1,215.96,215.96
HITM0000968,HORD000307,PRD0526,2,84.58,169.16
HITM0000969,HORD000308,PRD0468,1,523.04,523.04
HITM0000970,HORD000308,PRD0955,1,56.91,56.91
HITM0000971,HORD000308,PRD0382,1,1459.89,1459.89
HITM0000972,HORD000308,PRD0051,3,2153.52,6460.56
HITM0000973,HORD000309,PRD0559,1,1357.1,1357.1
HITM0000974,HORD000309,PRD0952,1,550.92,550.92
HITM0000975,HORD000309,PRD0923,1,819.32,819.32
HITM0000976,HORD000309,PRD0680,1,369.12,369.12
HITM0000977,HORD000309,PRD0992,1,1671.9,1671.9
HITM0000978,HORD000310,PRD0635,3,140.41,421.23
HITM0000979,HORD000310,PRD0068,1,331.71,331.71
HITM0000980,HORD000310,PRD0740,2,326.46,652.92
HITM0000981,HORD000311,PRD0331,1,1007.66,1007.66
HITM0000982,HORD000311,PRD0200,1,160.69,160.69
HITM0000983,HORD000311,PRD0341,1,2657.98,2657.98
HITM0000984,HORD000312,PRD0058,2,137.85,275.7
HITM0000985,HORD000313,PRD0412,1,383.4,383.4
HITM0000986,HORD000313,PRD0545,1,219.94,219.94
HITM0000987,HORD000313,PRD0729,1,691.76,691.76
HITM0000988,HORD000314,PRD0584,1,2264.13,2264.13
HITM0000989,HORD000315,PRD0205,3,864.54,2593.62
HITM0000990,HORD000316,PRD0460,1,250.7,250.7
HITM0000991,HORD000316,PRD0258,1,649.82,649.82
HITM0000992,HORD000316,PRD0345,1,437.36,437.36
HITM0000993,HORD000316,PRD0343,2,1104.21,2208.42
HITM0000994,HORD000317,PRD0498,1,536.61,536.61
HITM0000995,HORD000317,PRD0468,1,523.04,523.04
HITM0000996,HORD000317,PRD0725,3,107.02,321.06
HITM0000997,HORD000317,PRD0436,1,525.13,525.13
HITM0000998,HORD000317,PRD0118,1,578.97,578.97
HITM0000999,HORD000318,PRD0508,1,652.45,652.45
HITM0001000,HORD000318,PRD0828,1,457.81,457.81
HITM0001001,HORD000319,PRD0925,2,327.94,655.88
HITM0001002,HORD000319,PRD0772,1,1357.22,1357.22
HITM0001003,HORD000319,PRD0755,1,417.76,417.76
HITM0001004,HORD000319,PRD0491,1,1885.4,1885.4
HITM0001005,HORD000320,PRD0564,1,3629.67,3629.67
HITM0001006,HORD000320,PRD0900,1,204.44,204.44
HITM0001007,HORD000320,PRD0407,1,607.64,607.64
HITM0001008,HORD000320,PRD0930,1,360.98,360.98
HITM0001009,HORD000321,PRD0838,1,904.43,904.43
HITM0001010,HORD000321,PRD0104,1,1407.8,1407.8
HITM0001011,HORD000322,PRD0360,2,362.06,724.12
HITM0001012,HORD000322,PRD0900,1,204.44,204.44
HITM0001013,HORD000322,PRD0459,1,553.35,553.35
HITM0001014,HORD000322,PRD0218,1,637.83,637.83
HITM0001015,HORD000323,PRD0231,1,1674.19,1674.19
HITM0001016,HORD000323,PRD0252,1,457.51,457.51
HITM0001017,HORD000323,PRD0132,1,1616.97,1616.97
HITM0001018,HORD000324,PRD0046,1,355.51,355.51
HITM0001019,HORD000325,PRD0887,1,159.97,159.97
HITM0001020,HORD000325,PRD0280,1,149.57,149.57
HITM0001021,HORD000325,PRD0827,1,1290.81,1290.81
HITM0001022,HORD000326,PRD0925,1,327.94,327.94
HITM0001023,HORD000326,PRD1000,1,120.72,120.72
HITM0001024,HORD000326,PRD0973,2,975.98,1951.96
HITM0001025,HORD000327,PRD0039,1,951.13,951.13
HITM0001026,HORD000327,PRD0514,1,1035.93,1035.93
HITM0001027,HORD000327,PRD0702,1,1587.86,1587.86
HITM0001028,HORD000328,PRD0308,2,1088.84,2177.68
HITM0001029,HORD000328,PRD0668,1,982.03,982.03
HITM0001030,HORD000328,PRD0386,1,703.44,703.44
HITM0001031,HORD000328,PRD0539,1,968.63,968.63
HITM0001032,HORD000329,PRD0066,2,66.71,133.42
HITM0001033,HORD000329,PRD0012,2,711.13,1422.26
HITM0001034,HORD000330,PRD0695,1,980.37,980.37
HITM0001035,HORD000330,PRD0623,1,1221.11,1221.11
HITM0001036,HORD000330,PRD0505,1,967.54,967.54
HITM0001037,HORD000330,PRD0502,1,1737.87,1737.87
HITM0001038,HORD000331,PRD0790,1,110.86,110.86
HITM0001039,HORD000331,PRD0241,1,2265.52,2265.52
HITM0001040,HORD000331,PRD0733,1,1586.43,1586.43
HITM0001041,HORD000331,PRD0165,1,471.13,471.13
HITM0001042,HORD000332,PRD0628,1,62.19,62.19
HITM0001043,HORD000332,PRD0290,2,151.92,303.84
HITM0001044,HORD000332,PRD0823,1,631.56,631.56
HITM0001045,HORD000333,PRD0969,1,748.26,748.26
HITM0001046,HORD000333,PRD0399,2,273.24,546.48
HITM0001047,HORD000334,PRD0358,1,1013.74,1013.74
HITM0001048,HORD000334,PRD0046,1,355.51,355.51
HITM0001049,HORD000334,PRD0631,1,2823.87,2823.87
HITM0001050,HORD000335,PRD0932,1,1610.28,1610.28
HITM0001051,HORD000335,PRD0118,1,578.97,578.97
HITM0001052,HORD000335,PRD0960,1,155.66,155.66
HITM0001053,HORD000336,PRD0063,1,1461.12,1461.12
HITM0001054,HORD000336,PRD0316,2,640.98,1281.96
HITM0001055,HORD000336,PRD0780,1,94.47,94.47
HITM0001056,HORD000336,PRD0250,1,79.79,79.79
HITM0001057,HORD000337,PRD0496,1,223.21,223.21
HITM0001058,HORD000337,PRD0357,2,2299.18,4598.36
HITM0001059,HORD000337,PRD0165,1,471.13,471.13
HITM0001060,HORD000338,PRD0066,2,66.71,133.42
HITM0001061,HORD000338,PRD0959,1,631.82,631.82
HITM0001062,HORD000339,PRD0014,1,953.24,953.24
HITM0001063,HORD000339,PRD0429,1,1195.52,1195.52
HITM0001064,HORD000339,PRD0678,1,597.3,597.3
HITM0001065,HORD000339,PRD0036,1,120.39,120.39
HITM0001066,HORD000340,PRD0967,2,530.38,1060.76
HITM0001067,HORD000340,PRD0035,2,215.11,430.22
HITM0001068,HORD000340,PRD0061,1,1070.18,1070.18
HITM0001069,HORD000341,PRD0516,2,293.41,586.82
HITM0001070,HORD000341,PRD0665,1,758.8,758.8
HITM0001071,HORD000342,PRD0643,1,1556.87,1556.87
HITM0001072,HORD000342,PRD0674,2,3423.74,6847.48
HITM0001073,HORD000342,PRD0003,1,316.95,316.95
HITM0001074,HORD000343,PRD0410,1,212.08,212.08
HITM0001075,HORD000343,PRD0173,1,1519.14,1519.14
HITM0001076,HORD000344,PRD0462,1,595.57,595.57
HITM0001077,HORD000344,PRD0847,2,370.04,740.08
HITM0001078,HORD000344,PRD0232,1,1634.96,1634.96
HITM0001079,HORD000344,PRD0400,1,158.67,158.67
HITM0001080,HORD000345,PRD0921,1,2084.12,2084.12
HITM0001081,HORD000345,PRD0844,2,1595.23,3190.46
HITM0001082,HORD000346,PRD0796,1,214.68,214.68
HITM0001083,HORD000346,PRD0312,1,1449.43,1449.43
HITM0001084,HORD000346,PRD0945,1,113.23,113.23
HITM0001085,HORD000347,PRD0243,1,1176.42,1176.42
HITM0001086,HORD000347,PRD0005,1,503.71,503.71
HITM0001087,HORD000347,PRD0460,1,250.7,250.7
HITM0001088,HORD000348,PRD0147,1,1002.37,1002.37
HITM0001089,HORD000348,PRD0403,2,615.54,1231.08
HITM0001090,HORD000348,PRD0013,1,377.71,377.71
HITM0001091,HORD000348,PRD0488,2,658.75,1317.5
HITM0001092,HORD000349,PRD0516,1,293.41,293.41
HITM0001093,HORD000349,PRD0350,2,175.83,351.66
HITM0001094,HORD000349,PRD0325,1,926.64,926.64
HITM0001095,HORD000349,PRD1000,1,120.72,120.72
HITM0001096,HORD000350,PRD0943,2,862.72,1725.44
HITM0001097,HORD000350,PRD0553,2,1464.9,2929.8
HITM0001098,HORD000350,PRD0466,1,520.19,520.19
HITM0001099,HORD000350,PRD0982,1,973.58,973.58
HITM0001100,HORD000351,PRD0027,2,615.88,1231.76
HITM0001101,HORD000351,PRD0351,1,1823.65,1823.65
HITM0001102,HORD000351,PRD0693,3,1149.55,3448.65
HITM0001103,HORD000352,PRD0527,1,2076.11,2076.11
HITM0001104,HORD000352,PRD0125,1,517.12,517.12
HITM0001105,HORD000352,PRD0224,1,3534.57,3534.57
HITM0001106,HORD000352,PRD0157,2,1654.35,3308.7
HITM0001107,HORD000353,PRD0765,2,1162.91,2325.82
HITM0001108,HORD000353,PRD0446,2,132.64,265.28
HITM0001109,HORD000353,PRD0867,1,500.96,500.96
HITM0001110,HORD000354,PRD0078,1,1051.69,1051.69
HITM0001111,HORD000354,PRD0483,1,998.58,998.58
HITM0001112,HORD000354,PRD0145,1,564.49,564.49
HITM0001113,HORD000354,PRD0951,1,1391.02,1391.02
HITM0001114,HORD000355,PRD0222,2,1210.33,2420.66
HITM0001115,HORD000355,PRD0279,1,165.58,165.58
HITM0001116,HORD000355,PRD0151,1,3024.81,3024.81
HITM0001117,HORD000355,PRD0317,1,2234.93,2234.93
HITM0001118,HORD000356,PRD0608,1,607.93,607.93
HITM0001119,HORD000356,PRD0200,2,160.69,321.38
HITM0001120,HORD000356,PRD0698,1,445.24,445.24
HITM0001121,HORD000357,PRD0391,1,1914.32,1914.32
HITM0001122,HORD000357,PRD0786,1,400.03,400.03
HITM0001123,HORD000357,PRD0260,1,386.46,386.46
HITM0001124,HORD000358,PRD0129,1,1446.26,1446.26
HITM0001125,HORD000358,PRD0080,2,15.23,30.46
HITM0001126,HORD000359,PRD0120,1,46.82,46.82
HITM0001127,HORD000359,PRD0013,1,377.71,377.71
HITM0001128,HORD000360,PRD0833,1,941.26,941.26
HITM0001129,HORD000360,PRD0971,1,2276.46,2276.46
HITM0001130,HORD000360,PRD0009,1,1213.1,1213.1
HITM0001131,HORD000361,PRD0279,1,165.58,165.58
HITM0001132,HORD000361,PRD0770,1,144.73,144.73
HITM0001133,HORD000361,PRD0873,1,343.79,343.79
HITM0001134,HORD000361,PRD0469,1,710.35,710.35
HITM0001135,HORD000362,PRD0210,1,389.28,389.28
HITM0001136,HORD000362,PRD0412,1,383.4,383.4
HITM0001137,HORD000362,PRD0310,1,83.71,83.71
HITM0001138,HORD000362,PRD0326,1,62.48,62.48
HITM0001139,HORD000363,PRD0777,1,666.99,666.99
HITM0001140,HORD000363,PRD0491,1,1885.4,1885.4
HITM0001141,HORD000363,PRD0953,1,1430.97,1430.97
HITM0001142,HORD000363,PRD0847,1,370.04,370.04
HITM0001143,HORD000364,PRD0020,2,254.09,508.18
HITM0001144,HORD000364,PRD0685,1,963.7,963.7
HITM0001145,HORD000364,PRD0858,1,188.42,188.42
HITM0001146,HORD000365,PRD0310,1,83.71,83.71
HITM0001147,HORD000366,PRD0225,2,1060.36,2120.72
HITM0001148,HORD000366,PRD0913,1,570.08,570.08
HITM0001149,HORD000366,PRD0268,1,395.01,395.01
HITM0001150,HORD000367,PRD0968,2,409.17,818.34
HITM0001151,HORD000367,PRD0721,1,2364.46,2364.46
HITM0001152,HORD000367,PRD0117,1,684.24,684.24
HITM0001153,HORD000367,PRD0076,1,729.89,729.89
HITM0001154,HORD000368,PRD0633,1,1190.36,1190.36
HITM0001155,HORD000368,PRD0320,1,190.98,190.98
HITM0001156,HORD000369,PRD0066,1,66.71,66.71
HITM0001157,HORD000369,PRD0409,2,178.56,357.12
HITM0001158,HORD000369,PRD0511,1,2672.61,2672.61
HITM0001159,HORD000370,PRD0340,2,244.07,488.14
HITM0001160,HORD000370,PRD0928,1,302.59,302.59
HITM0001161,HORD000370,PRD0985,2,602.55,1205.1
HITM0001162,HORD000371,PRD0096,3,327.95,983.85
HITM0001163,HORD000371,PRD0081,2,1506.97,3013.94
HITM0001164,HORD000371,PRD0329,3,320.22,960.66
HITM0001165,HORD000372,PRD0844,1,1595.23,1595.23
HITM0001166,HORD000372,PRD0116,1,333.11,333.11
HITM0001167,HORD000372,PRD0075,1,649.4,649.4
HITM0001168,HORD000372,PRD0242,1,390.52,390.52
HITM0001169,HORD000373,PRD0510,1,176.33,176.33
HITM0001170,HORD000373,PRD0176,1,408.12,408.12
HITM0001171,HORD000373,PRD0287,1,2324.3,2324.3
HITM0001172,HORD000374,PRD0569,1,238.57,238.57
HITM0001173,HORD000374,PRD0727,1,1874.18,1874.18
HITM0001174,HORD000374,PRD0231,1,1674.19,1674.19
HITM0001175,HORD000374,PRD0788,1,319.54,319.54
HITM0001176,HORD000375,PRD0141,1,2256.8,2256.8
HITM0001177,HORD000375,PRD0461,1,1664.1,1664.1
HITM0001178,HORD000375,PRD0214,1,2467.77,2467.77
HITM0001179,HORD000376,PRD0733,1,1586.43,1586.43
HITM0001180,HORD000376,PRD0215,1,273.66,273.66
HITM0001181,HORD000376,PRD0813,1,772.8,772.8
HITM0001182,HORD000377,PRD0831,2,2373.29,4746.58
HITM0001183,HORD000377,PRD0250,1,79.79,79.79
HITM0001184,HORD000377,PRD0509,1,306.02,306.02
HITM0001185,HORD000377,PRD0500,1,250.29,250.29
HITM0001186,HORD000377,PRD0100,2,206.02,412.04
HITM0001187,HORD000378,PRD0526,1,84.58,84.58
HITM0001188,HORD000378,PRD0524,1,3613.52,3613.52
HITM0001189,HORD000378,PRD0019,2,1020.41,2040.82
HITM0001190,HORD000379,PRD0499,1,253.73,253.73
HITM0001191,HORD000379,PRD0091,1,2959.54,2959.54
HITM0001192,HORD000379,PRD0879,2,1214.72,2429.44
HITM0001193,HORD000380,PRD0073,2,1270.32,2540.64
HITM0001194,HORD000380,PRD0158,1,561.62,561.62
HITM0001195,HORD000380,PRD0156,2,402.17,804.34
HITM0001196,HORD000381,PRD0381,1,2583.59,2583.59
HITM0001197,HORD000381,PRD0871,1,3102.51,3102.51
HITM0001198,HORD000381,PRD0528,1,386.06,386.06
HITM0001199,HORD000381,PRD0830,1,57.62,57.62
HITM0001200,HORD000381,PRD0969,1,748.26,748.26
HITM0001201,HORD000382,PRD0305,1,260.29,260.29
HITM0001202,HORD000382,PRD0031,1,2841.2,2841.2
HITM0001203,HORD000382,PRD0604,1,3124.49,3124.49
HITM0001204,HORD000383,PRD0892,1,602.8,602.8
HITM0001205,HORD000383,PRD0141,3,2256.8,6770.4
HITM0001206,HORD000383,PRD0809,1,217.32,217.32
HITM0001207,HORD000383,PRD0189,1,325.61,325.61
HITM0001208,HORD000383,PRD0228,1,121.94,121.94
HITM0001209,HORD000384,PRD0985,1,602.55,602.55
HITM0001210,HORD000384,PRD0983,2,854.84,1709.68
HITM0001211,HORD000384,PRD0221,3,1071.11,3213.33
HITM0001212,HORD000385,PRD0950,1,71.67,71.67
HITM0001213,HORD000385,PRD0050,1,56.24,56.24
HITM0001214,HORD000385,PRD0284,2,4182.34,8364.68
HITM0001215,HORD000386,PRD0868,1,956.14,956.14
HITM0001216,HORD000386,PRD0048,3,176.51,529.53
HITM0001217,HORD000386,PRD0103,1,619.16,619.16
HITM0001218,HORD000386,PRD0920,2,393.44,786.88
HITM0001219,HORD000387,PRD0916,1,110.26,110.26
HITM0001220,HORD000387,PRD0280,1,149.57,149.57
HITM0001221,HORD000387,PRD0646,1,155.12,155.12
HITM0001222,HORD000388,PRD0641,1,1601.27,1601.27
HITM0001223,HORD000388,PRD0385,1,272.03,272.03
HITM0001224,HORD000388,PRD0986,1,445.06,445.06
HITM0001225,HORD000388,PRD0703,2,289.3,578.6
HITM0001226,HORD000388,PRD0935,1,41.85,41.85
HITM0001227,HORD000389,PRD0878,1,453.39,453.39
HITM0001228,HORD000389,PRD0506,1,760.73,760.73
HITM0001229,HORD000389,PRD0882,1,404.51,404.51
HITM0001230,HORD000389,PRD0470,1,116.53,116.53
HITM0001231,HORD000389,PRD0329,1,320.22,320.22
HITM0001232,HORD000390,PRD0062,1,1491.83,1491.83
HITM0001233,HORD000390,PRD0053,2,884.08,1768.16
HITM0001234,HORD000390,PRD0346,3,291.88,875.64
HITM0001235,HORD000390,PRD0990,2,268.68,537.36
HITM0001236,HORD000391,PRD0898,1,272.18,272.18
HITM0001237,HORD000391,PRD0315,2,197.15,394.3
HITM0001238,HORD000391,PRD0342,1,771.91,771.91
HITM0001239,HORD000391,PRD0992,2,1671.9,3343.8
HITM0001240,HORD000392,PRD0205,1,864.54,864.54
HITM0001241,HORD000392,PRD0729,1,691.76,691.76
HITM0001242,HORD000392,PRD0449,1,483.76,483.76
HITM0001243,HORD000393,PRD0603,1,851.99,851.99
HITM0001244,HORD000393,PRD0233,1,804.27,804.27
HITM0001245,HORD000393,PRD0687,2,729.09,1458.18
HITM0001246,HORD000394,PRD0758,1,282.47,282.47
HITM0001247,HORD000394,PRD0828,2,457.81,915.62
HITM0001248,HORD000394,PRD0008,1,146.16,146.16
HITM0001249,HORD000394,PRD0986,2,445.06,890.12
HITM0001250,HORD000395,PRD0943,1,862.72,862.72
HITM0001251,HORD000396,PRD0940,1,200.38,200.38
HITM0001252,HORD000396,PRD0011,1,1160.31,1160.31
HITM0001253,HORD000396,PRD0572,1,1821.3,1821.3
HITM0001254,HORD000396,PRD0788,1,319.54,319.54
HITM0001255,HORD000397,PRD0850,1,312.03,312.03
HITM0001256,HORD000397,PRD0565,1,294.27,294.27
HITM0001257,HORD000398,PRD0787,1,527.32,527.32
HITM0001258,HORD000398,PRD0183,2,442.77,885.54
HITM0001259,HORD000399,PRD0994,3,916.4,2749.2
HITM0001260,HORD000399,PRD0167,1,2514.98,2514.98
HITM0001261,HORD000399,PRD0449,1,483.76,483.76
HITM0001262,HORD000399,PRD0956,3,86.17,258.51
HITM0001263,HORD000399,PRD0970,2,403.08,806.16
HITM0001264,HORD000400,PRD0424,1,2256.09,2256.09
HITM0001265,HORD000400,PRD0369,2,123.0,246.0
HITM0001266,HORD000400,PRD0676,1,499.99,499.99
HITM0001267,HORD000401,PRD0509,1,306.02,306.02
HITM0001268,HORD000401,PRD0975,1,1104.47,1104.47
HITM0001269,HORD000402,PRD0806,1,351.54,351.54
HITM0001270,HORD000402,PRD0105,1,431.76,431.76
HITM0001271,HORD000402,PRD0305,1,260.29,260.29
HITM0001272,HORD000403,PRD0022,1,1385.01,1385.01
HITM0001273,HORD000403,PRD0399,1,273.24,273.24
HITM0001274,HORD000403,PRD0469,1,710.35,710.35
HITM0001275,HORD000404,PRD0801,1,1009.09,1009.09
HITM0001276,HORD000404,PRD0947,1,451.51,451.51
HITM0001277,HORD000405,PRD0943,1,862.72,862.72
HITM0001278,HORD000405,PRD0772,1,1357.22,1357.22
HITM0001279,HORD000405,PRD0406,1,403.51,403.51
HITM0001280,HORD000405,PRD0013,2,377.71,755.42
HITM0001281,HORD000406,PRD0492,1,961.25,961.25
HITM0001282,HORD000406,PRD0554,1,2812.01,2812.01
HITM0001283,HORD000406,PRD0717,1,550.74,550.74
HITM0001284,HORD000406,PRD0166,1,401.82,401.82
HITM0001285,HORD000406,PRD0636,1,801.41,801.41
HITM0001286,HORD000407,PRD0355,1,412.17,412.17
HITM0001287,HORD000407,PRD0940,2,200.38,400.76
HITM0001288,HORD000407,PRD0206,1,633.94,633.94
HITM0001289,HORD000408,PRD0747,2,619.18,1238.36
HITM0001290,HORD000408,PRD0950,2,71.67,143.34
HITM0001291,HORD000408,PRD0027,2,615.88,1231.76
HITM0001292,HORD000408,PRD0288,1,324.08,324.08
HITM0001293,HORD000408,PRD0920,2,393.44,786.88
HITM0001294,HORD000409,PRD0600,1,198.56,198.56
HITM0001295,HORD000409,PRD0857,2,998.5,1997.0
HITM0001296,HORD000409,PRD0276,1,443.22,443.22
HITM0001297,HORD000409,PRD0990,1,268.68,268.68
HITM0001298,HORD000410,PRD0950,1,71.67,71.67
HITM0001299,HORD000410,PRD0030,1,360.75,360.75
HITM0001300,HORD000410,PRD0487,2,136.07,272.14
HITM0001301,HORD000411,PRD0458,1,960.04,960.04
HITM0001302,HORD000411,PRD0848,1,522.45,522.45
HITM0001303,HORD000411,PRD0824,2,3509.94,7019.88
HITM0001304,HORD000412,PRD0676,3,499.99,1499.97
HITM0001305,HORD000412,PRD0326,1,62.48,62.48
HITM0001306,HORD000413,PRD0543,1,303.53,303.53
HITM0001307,HORD000413,PRD0031,1,2841.2,2841.2
HITM0001308,HORD000414,PRD0487,1,136.07,136.07
HITM0001309,HORD000415,PRD0160,1,140.78,140.78
HITM0001310,HORD000415,PRD0358,1,1013.74,1013.74
HITM0001311,HORD000415,PRD0866,1,684.58,684.58
HITM0001312,HORD000415,PRD0729,1,691.76,691.76
HITM0001313,HORD000415,PRD0225,2,1060.36,2120.72
HITM0001314,HORD000416,PRD0318,1,930.52,930.52
HITM0001315,HORD000416,PRD0707,1,1182.83,1182.83
HITM0001316,HORD000416,PRD0551,1,2017.82,2017.82
HITM0001317,HORD000416,PRD0158,1,561.62,561.62
HITM0001318,HORD000417,PRD0699,1,508.79,508.79
HITM0001319,HORD000417,PRD0020,1,254.09,254.09
HITM0001320,HORD000417,PRD0707,1,1182.83,1182.83
HITM0001321,HORD000418,PRD0593,1,703.89,703.89
HITM0001322,HORD000419,PRD0538,1,986.28,986.28
HITM0001323,HORD000419,PRD0309,1,1023.7,1023.7
HITM0001324,HORD000419,PRD0480,1,379.33,379.33
HITM0001325,HORD000419,PRD0055,2,534.13,1068.26
HITM0001326,HORD000420,PRD0138,2,818.63,1637.26
HITM0001327,HORD000420,PRD0929,2,897.78,1795.56
HITM0001328,HORD000421,PRD0902,2,339.25,678.5
HITM0001329,HORD000421,PRD0459,1,553.35,553.35
HITM0001330,HORD000421,PRD0489,2,1207.96,2415.92
HITM0001331,HORD000422,PRD0405,1,146.11,146.11
HITM0001332,HORD000422,PRD0316,1,640.98,640.98
HITM0001333,HORD000422,PRD0800,1,274.87,274.87
HITM0001334,HORD000422,PRD0911,2,2044.96,4089.92
HITM0001335,HORD000423,PRD0810,1,325.73,325.73
HITM0001336,HORD000423,PRD0955,1,56.91,56.91
HITM0001337,HORD000424,PRD0509,2,306.02,612.04
HITM0001338,HORD000424,PRD0045,1,124.62,124.62
HITM0001339,HORD000424,PRD0427,1,1212.42,1212.42
HITM0001340,HORD000424,PRD0140,1,394.57,394.57
HITM0001341,HORD000425,PRD0201,1,2237.43,2237.43
HITM0001342,HORD000425,PRD0242,1,390.52,390.52
HITM0001343,HORD000425,PRD0656,1,473.06,473.06
HITM0001344,HORD000425,PRD0164,1,1650.2,1650.2
HITM0001345,HORD000426,PRD0048,1,176.51,176.51
HITM0001346,HORD000426,PRD0515,1,1139.31,1139.31
HITM0001347,HORD000426,PRD0434,1,388.26,388.26
HITM0001348,HORD000427,PRD0369,1,123.0,123.0
HITM0001349,HORD000428,PRD0426,1,571.98,571.98
HITM0001350,HORD000428,PRD0456,1,111.78,111.78
HITM0001351,HORD000428,PRD0318,1,930.52,930.52
HITM0001352,HORD000429,PRD0959,1,631.82,631.82
HITM0001353,HORD000429,PRD0446,1,132.64,132.64
HITM0001354,HORD000429,PRD0851,1,3078.03,3078.03
HITM0001355,HORD000429,PRD0381,1,2583.59,2583.59
HITM0001356,HORD000429,PRD0272,2,830.69,1661.38
HITM0001357,HORD000430,PRD0283,1,427.47,427.47
HITM0001358,HORD000430,PRD0087,1,164.58,164.58
HITM0001359,HORD000430,PRD0637,1,1722.59,1722.59
HITM0001360,HORD000431,PRD0690,2,30.42,60.84
HITM0001361,HORD000431,PRD0792,1,1199.37,1199.37
HITM0001362,HORD000431,PRD0891,1,2011.11,2011.11
HITM0001363,HORD000432,PRD0379,2,722.92,1445.84
HITM0001364,HORD000432,PRD0265,2,94.03,188.06
HITM0001365,HORD000432,PRD0114,1,2474.92,2474.92
HITM0001366,HORD000433,PRD0672,2,1330.59,2661.18
HITM0001367,HORD000433,PRD0629,1,925.23,925.23
HITM0001368,HORD000433,PRD0631,1,2823.87,2823.87
HITM0001369,HORD000434,PRD0418,2,301.4,602.8
HITM0001370,HORD000434,PRD0088,2,767.45,1534.9
HITM0001371,HORD000434,PRD0279,1,165.58,165.58
HITM0001372,HORD000434,PRD0879,1,1214.72,1214.72
HITM0001373,HORD000435,PRD0283,1,427.47,427.47
HITM0001374,HORD000436,PRD0219,1,227.25,227.25
HITM0001375,HORD000436,PRD0283,2,427.47,854.94
HITM0001376,HORD000437,PRD0403,1,615.54,615.54
HITM0001377,HORD000438,PRD0025,1,399.48,399.48
HITM0001378,HORD000438,PRD0015,1,828.91,828.91
HITM0001379,HORD000439,PRD0218,1,637.83,637.83
HITM0001380,HORD000439,PRD0856,1,734.6,734.6
HITM0001381,HORD000439,PRD0754,1,2331.9,2331.9
HITM0001382,HORD000440,PRD0421,2,2441.59,4883.18
HITM0001383,HORD000440,PRD0250,1,79.79,79.79
HITM0001384,HORD000440,PRD0305,1,260.29,260.29
HITM0001385,HORD000441,PRD0951,1,1391.02,1391.02
HITM0001386,HORD000441,PRD0410,1,212.08,212.08
HITM0001387,HORD000441,PRD0933,1,1394.64,1394.64
HITM0001388,HORD000442,PRD0415,1,78.5,78.5
HITM0001389,HORD000442,PRD0678,1,597.3,597.3
HITM0001390,HORD000442,PRD0830,1,57.62,57.62
HITM0001391,HORD000442,PRD0067,1,1666.09,1666.09
HITM0001392,HORD000443,PRD0036,2,120.39,240.78
HITM0001393,HORD000443,PRD0578,1,718.33,718.33
HITM0001394,HORD000443,PRD0435,1,721.05,721.05
HITM0001395,HORD000444,PRD0984,1,1014.29,1014.29
HITM0001396,HORD000444,PRD0235,2,452.44,904.88
HITM0001397,HORD000444,PRD0590,1,320.53,320.53
HITM0001398,HORD000445,PRD0844,3,1595.23,4785.69
HITM0001399,HORD000445,PRD0656,1,473.06,473.06
HITM0001400,HORD000445,PRD0640,1,415.26,415.26
HITM0001401,HORD000445,PRD0465,1,276.29,276.29
HITM0001402,HORD000446,PRD0218,2,637.83,1275.66
HITM0001403,HORD000446,PRD0315,1,197.15,197.15
HITM0001404,HORD000446,PRD0053,1,884.08,884.08
HITM0001405,HORD000446,PRD0926,2,315.02,630.04
HITM0001406,HORD000447,PRD0375,1,901.8,901.8
HITM0001407,HORD000448,PRD0239,1,761.02,761.02
HITM0001408,HORD000448,PRD0488,2,658.75,1317.5
HITM0001409,HORD000448,PRD0705,1,200.18,200.18
HITM0001410,HORD000448,PRD0472,1,658.25,658.25
HITM0001411,HORD000448,PRD0500,2,250.29,500.58
HITM0001412,HORD000449,PRD0331,1,1007.66,1007.66
HITM0001413,HORD000449,PRD0436,1,525.13,525.13
HITM0001414,HORD000449,PRD0765,1,1162.91,1162.91
HITM0001415,HORD000450,PRD0120,2,46.82,93.64
HITM0001416,HORD000450,PRD0386,2,703.44,1406.88
HITM0001417,HORD000450,PRD0224,2,3534.57,7069.14
HITM0001418,HORD000451,PRD0074,1,587.22,587.22
HITM0001419,HORD000451,PRD0656,1,473.06,473.06
HITM0001420,HORD000451,PRD0589,1,241.6,241.6
HITM0001421,HORD000452,PRD0180,1,270.59,270.59
HITM0001422,HORD000452,PRD0590,1,320.53,320.53
HITM0001423,HORD000452,PRD0515,1,1139.31,1139.31
HITM0001424,HORD000452,PRD0836,2,826.24,1652.48
HITM0001425,HORD000453,PRD0647,1,818.2,818.2
HITM0001426,HORD000453,PRD0616,1,480.04,480.04
HITM0001427,HORD000453,PRD0972,2,690.82,1381.64
HITM0001428,HORD000453,PRD0573,1,281.0,281.0
HITM0001429,HORD000454,PRD0754,1,2331.9,2331.9
HITM0001430,HORD000454,PRD0352,2,1200.9,2401.8
HITM0001431,HORD000455,PRD0563,1,530.17,530.17
HITM0001432,HORD000456,PRD0056,1,485.36,485.36
HITM0001433,HORD000456,PRD0416,1,420.25,420.25
HITM0001434,HORD000457,PRD0560,2,414.95,829.9
HITM0001435,HORD000457,PRD0270,2,381.87,763.74
HITM0001436,HORD000457,PRD0348,1,340.62,340.62
HITM0001437,HORD000458,PRD0128,1,237.78,237.78
HITM0001438,HORD000458,PRD0400,1,158.67,158.67
HITM0001439,HORD000458,PRD0320,1,190.98,190.98
HITM0001440,HORD000458,PRD0228,1,121.94,121.94
HITM0001441,HORD000459,PRD0740,1,326.46,326.46
HITM0001442,HORD000459,PRD0818,1,1065.11,1065.11
HITM0001443,HORD000459,PRD0252,2,457.51,915.02
HITM0001444,HORD000459,PRD0609,1,510.8,510.8
HITM0001445,HORD000460,PRD0565,1,294.27,294.27
HITM0001446,HORD000460,PRD0554,1,2812.01,2812.01
HITM0001447,HORD000460,PRD0637,1,1722.59,1722.59
HITM0001448,HORD000460,PRD0225,1,1060.36,1060.36
HITM0001449,HORD000461,PRD0128,2,237.78,475.56
HITM0001450,HORD000461,PRD0735,3,557.24,1671.72
HITM0001451,HORD000461,PRD0428,1,844.51,844.51
HITM0001452,HORD000462,PRD0734,1,3509.26,3509.26
HITM0001453,HORD000462,PRD0265,1,94.03,94.03
HITM0001454,HORD000462,PRD0405,1,146.11,146.11
HITM0001455,HORD000462,PRD0253,1,1494.32,1494.32
HITM0001456,HORD000463,PRD0807,1,1766.65,1766.65
HITM0001457,HORD000463,PRD0124,1,659.93,659.93
HITM0001458,HORD000463,PRD0985,1,602.55,602.55
HITM0001459,HORD000464,PRD0823,1,631.56,631.56
HITM0001460,HORD000464,PRD0101,2,1188.71,2377.42
HITM0001461,HORD000465,PRD0279,1,165.58,165.58
HITM0001462,HORD000465,PRD0499,1,253.73,253.73
HITM0001463,HORD000465,PRD0443,2,393.59,787.18
HITM0001464,HORD000466,PRD0027,2,615.88,1231.76
HITM0001465,HORD000467,PRD0532,1,1430.86,1430.86
HITM0001466,HORD000467,PRD0448,1,974.99,974.99
HITM0001467,HORD000468,PRD0592,1,471.73,471.73
HITM0001468,HORD000468,PRD0249,2,1193.82,2387.64
HITM0001469,HORD000468,PRD0955,1,56.91,56.91
HITM0001470,HORD000469,PRD0085,1,477.42,477.42
HITM0001471,HORD000469,PRD0660,2,15.31,30.62
HITM0001472,HORD000469,PRD0183,1,442.77,442.77
HITM0001473,HORD000469,PRD0404,1,1363.51,1363.51
HITM0001474,HORD000469,PRD0700,1,105.41,105.41
HITM0001475,HORD000470,PRD0415,2,78.5,157.0
HITM0001476,HORD000470,PRD0308,1,1088.84,1088.84
HITM0001477,HORD000470,PRD0517,2,466.6,933.2
HITM0001478,HORD000470,PRD0738,1,778.08,778.08
HITM0001479,HORD000471,PRD0785,3,91.04,273.12
HITM0001480,HORD000471,PRD0764,3,3198.68,9596.04
HITM0001481,HORD000472,PRD0775,2,545.51,1091.02
HITM0001482,HORD000473,PRD0623,2,1221.11,2442.22
HITM0001483,HORD000473,PRD0088,1,767.45,767.45
HITM0001484,HORD000474,PRD0449,1,483.76,483.76
HITM0001485,HORD000474,PRD0364,1,3680.48,3680.48
HITM0001486,HORD000474,PRD0563,1,530.17,530.17
HITM0001487,HORD000474,PRD0614,1,2379.02,2379.02
HITM0001488,HORD000474,PRD0623,1,1221.11,1221.11
HITM0001489,HORD000475,PRD0433,1,983.68,983.68
HITM0001490,HORD000475,PRD0400,1,158.67,158.67
HITM0001491,HORD000476,PRD0929,1,897.78,897.78
HITM0001492,HORD000476,PRD0818,1,1065.11,1065.11
HITM0001493,HORD000476,PRD0954,2,848.21,1696.42
HITM0001494,HORD000476,PRD0920,1,393.44,393.44
HITM0001495,HORD000476,PRD0176,1,408.12,408.12
HITM0001496,HORD000477,PRD0197,1,179.71,179.71
HITM0001497,HORD000478,PRD0170,1,202.15,202.15
HITM0001498,HORD000478,PRD0284,1,4182.34,4182.34
HITM0001499,HORD000478,PRD0910,2,19.2,38.4
HITM0001500,HORD000479,PRD0541,1,3125.61,3125.61
HITM0001501,HORD000479,PRD0198,1,736.33,736.33
HITM0001502,HORD000479,PRD0746,1,683.7,683.7
HITM0001503,HORD000480,PRD0280,2,149.57,299.14
HITM0001504,HORD000480,PRD0950,1,71.67,71.67
HITM0001505,HORD000481,PRD0834,2,2605.19,5210.38
HITM0001506,HORD000481,PRD0050,1,56.24,56.24
HITM0001507,HORD000481,PRD0007,1,1073.56,1073.56
HITM0001508,HORD000481,PRD0938,1,929.59,929.59
HITM0001509,HORD000481,PRD0414,1,1024.71,1024.71
HITM0001510,HORD000482,PRD0740,1,326.46,326.46
HITM0001511,HORD000482,PRD0156,1,402.17,402.17
HITM0001512,HORD000482,PRD0692,3,488.18,1464.54
HITM0001513,HORD000483,PRD0467,2,1381.47,2762.94
HITM0001514,HORD000483,PRD0138,2,818.63,1637.26
HITM0001515,HORD000483,PRD0163,1,459.77,459.77
HITM0001516,HORD000484,PRD0618,1,421.89,421.89
HITM0001517,HORD000484,PRD0890,1,279.59,279.59
HITM0001518,HORD000484,PRD0195,2,89.95,179.9
HITM0001519,HORD000484,PRD0342,1,771.91,771.91
HITM0001520,HORD000485,PRD0883,1,1440.86,1440.86
HITM0001521,HORD000485,PRD0488,1,658.75,658.75
HITM0001522,HORD000485,PRD0189,1,325.61,325.61
HITM0001523,HORD000485,PRD0222,1,1210.33,1210.33
HITM0001524,HORD000486,PRD0124,2,659.93,1319.86
HITM0001525,HORD000486,PRD0753,1,272.68,272.68
HITM0001526,HORD000486,PRD0646,1,155.12,155.12
HITM0001527,HORD000487,PRD0940,3,200.38,601.14
HITM0001528,HORD000487,PRD0826,1,402.15,402.15
HITM0001529,HORD000488,PRD0984,1,1014.29,1014.29
HITM0001530,HORD000488,PRD0820,1,135.5,135.5
HITM0001531,HORD000488,PRD0308,1,1088.84,1088.84
HITM0001532,HORD000488,PRD0935,2,41.85,83.7
HITM0001533,HORD000489,PRD0632,1,1826.27,1826.27
HITM0001534,HORD000489,PRD0456,2,111.78,223.56
HITM0001535,HORD000489,PRD0622,1,678.69,678.69
HITM0001536,HORD000490,PRD0753,1,272.68,272.68
HITM0001537,HORD000490,PRD0132,1,1616.97,1616.97
HITM0001538,HORD000490,PRD0914,1,1089.48,1089.48
HITM0001539,HORD000491,PRD0887,1,159.97,159.97
HITM0001540,HORD000491,PRD0372,1,943.73,943.73
HITM0001541,HORD000491,PRD0215,1,273.66,273.66
HITM0001542,HORD000492,PRD0554,3,2812.01,8436.03
HITM0001543,HORD000492,PRD0227,2,1769.34,3538.68
HITM0001544,HORD000492,PRD0953,1,1430.97,1430.97
HITM0001545,HORD000492,PRD0589,1,241.6,241.6
HITM0001546,HORD000492,PRD0317,1,2234.93,2234.93
HITM0001547,HORD000493,PRD0339,1,1457.58,1457.58
HITM0001548,HORD000493,PRD0106,1,40.68,40.68
HITM0001549,HORD000493,PRD0098,1,848.52,848.52
HITM0001550,HORD000493,PRD0335,1,439.66,439.66
HITM0001551,HORD000493,PRD0928,1,302.59,302.59
HITM0001552,HORD000494,PRD0655,1,261.66,261.66
HITM0001553,HORD000494,PRD0681,1,963.93,963.93
HITM0001554,HORD000494,PRD0651,1,2713.88,2713.88
HITM0001555,HORD000494,PRD0748,1,147.02,147.02
HITM0001556,HORD000495,PRD0483,1,998.58,998.58
HITM0001557,HORD000495,PRD0014,1,953.24,953.24
HITM0001558,HORD000495,PRD0798,1,647.08,647.08
HITM0001559,HORD000495,PRD0722,1,373.93,373.93
HITM0001560,HORD000495,PRD0200,1,160.69,160.69
HITM0001561,HORD000496,PRD0729,1,691.76,691.76
HITM0001562,HORD000496,PRD0090,2,223.82,447.64
HITM0001563,HORD000496,PRD0056,1,485.36,485.36
HITM0001564,HORD000497,PRD0419,1,1458.66,1458.66
HITM0001565,HORD000497,PRD0590,1,320.53,320.53
HITM0001566,HORD000497,PRD0502,1,1737.87,1737.87
HITM0001567,HORD000498,PRD0887,1,159.97,159.97
HITM0001568,HORD000498,PRD0548,1,957.21,957.21
HITM0001569,HORD000498,PRD0355,1,412.17,412.17
HITM0001570,HORD000498,PRD0365,2,1165.16,2330.32
HITM0001571,HORD000499,PRD0955,1,56.91,56.91
HITM0001572,HORD000499,PRD0875,1,1168.64,1168.64
HITM0001573,HORD000499,PRD0711,1,2949.82,2949.82
HITM0001574,HORD000499,PRD0751,2,2931.11,5862.22
HITM0001575,HORD000499,PRD0132,1,1616.97,1616.97
HITM0001576,HORD000500,PRD0627,1,869.77,869.77
HITM0001577,HORD000500,PRD0196,2,483.11,966.22
HITM0001578,HORD000500,PRD0961,2,1295.76,2591.52
HITM0001579,HORD000501,PRD0845,1,1093.84,1093.84
HITM0001580,HORD000501,PRD0490,1,337.69,337.69
HITM0001581,HORD000501,PRD0931,1,2472.47,2472.47
HITM0001582,HORD000501,PRD0549,1,290.7,290.7
HITM0001583,HORD000501,PRD0423,1,1099.29,1099.29
HITM0001584,HORD000502,PRD0394,1,1051.66,1051.66
HITM0001585,HORD000502,PRD0055,1,534.13,534.13
HITM0001586,HORD000503,PRD0424,1,2256.09,2256.09
HITM0001587,HORD000503,PRD0173,3,1519.14,4557.42
HITM0001588,HORD000503,PRD0006,1,319.31,319.31
HITM0001589,HORD000504,PRD0740,1,326.46,326.46
HITM0001590,HORD000504,PRD0419,1,1458.66,1458.66
HITM0001591,HORD000505,PRD0918,1,270.82,270.82
HITM0001592,HORD000505,PRD0700,2,105.41,210.82
HITM0001593,HORD000505,PRD0920,3,393.44,1180.32
HITM0001594,HORD000505,PRD0426,2,571.98,1143.96
HITM0001595,HORD000505,PRD0525,2,589.06,1178.12
HITM0001596,HORD000506,PRD0530,1,210.45,210.45
HITM0001597,HORD000506,PRD0165,1,471.13,471.13
HITM0001598,HORD000507,PRD0576,1,30.87,30.87
HITM0001599,HORD000507,PRD0910,2,19.2,38.4
HITM0001600,HORD000507,PRD0801,1,1009.09,1009.09
HITM0001601,HORD000507,PRD0552,1,1741.06,1741.06
HITM0001602,HORD000508,PRD0006,1,319.31,319.31
HITM0001603,HORD000508,PRD0090,1,223.82,223.82
HITM0001604,HORD000508,PRD0691,1,2536.12,2536.12
HITM0001605,HORD000508,PRD0462,1,595.57,595.57
HITM0001606,HORD000509,PRD0393,2,728.35,1456.7
HITM0001607,HORD000509,PRD0412,1,383.4,383.4
HITM0001608,HORD000509,PRD0094,1,627.77,627.77
HITM0001609,HORD000510,PRD0455,1,679.95,679.95
HITM0001610,HORD000510,PRD0244,1,847.84,847.84
HITM0001611,HORD000510,PRD0433,1,983.68,983.68
HITM0001612,HORD000510,PRD0409,1,178.56,178.56
HITM0001613,HORD000511,PRD0589,1,241.6,241.6
HITM0001614,HORD000511,PRD0647,1,818.2,818.2
HITM0001615,HORD000511,PRD0908,1,826.2,826.2
HITM0001616,HORD000512,PRD0431,1,1519.4,1519.4
HITM0001617,HORD000513,PRD0822,1,1374.65,1374.65
HITM0001618,HORD000513,PRD0595,1,758.18,758.18
HITM0001619,HORD000513,PRD0457,1,1014.79,1014.79
HITM0001620,HORD000514,PRD0725,1,107.02,107.02
HITM0001621,HORD000514,PRD0230,1,290.53,290.53
HITM0001622,HORD000514,PRD0806,1,351.54,351.54
HITM0001623,HORD000514,PRD0555,1,1183.16,1183.16
HITM0001624,HORD000515,PRD0140,3,394.57,1183.71
HITM0001625,HORD000516,PRD0891,1,2011.11,2011.11
HITM0001626,HORD000516,PRD0458,2,960.04,1920.08
HITM0001627,HORD000516,PRD0243,1,1176.42,1176.42
HITM0001628,HORD000516,PRD0405,1,146.11,146.11
HITM0001629,HORD000517,PRD0606,2,556.12,1112.24
HITM0001630,HORD000517,PRD0314,1,1867.88,1867.88
HITM0001631,HORD000517,PRD0118,1,578.97,578.97
HITM0001632,HORD000517,PRD0705,1,200.18,200.18
HITM0001633,HORD000517,PRD0127,1,415.41,415.41
HITM0001634,HORD000518,PRD0060,1,147.43,147.43
HITM0001635,HORD000518,PRD0628,1,62.19,62.19
HITM0001636,HORD000518,PRD0635,1,140.41,140.41
HITM0001637,HORD000518,PRD0376,1,689.26,689.26
HITM0001638,HORD000519,PRD0558,3,1044.96,3134.88
HITM0001639,HORD000519,PRD0769,1,333.15,333.15
HITM0001640,HORD000520,PRD0072,1,713.12,713.12
HITM0001641,HORD000520,PRD0162,1,1783.95,1783.95
HITM0001642,HORD000520,PRD0866,1,684.58,684.58
HITM0001643,HORD000521,PRD0896,1,810.67,810.67
HITM0001644,HORD000521,PRD0808,1,566.96,566.96
HITM0001645,HORD000522,PRD0933,2,1394.64,2789.28
HITM0001646,HORD000522,PRD0486,1,297.99,297.99
HITM0001647,HORD000522,PRD0640,1,415.26,415.26
HITM0001648,HORD000522,PRD0323,1,1588.55,1588.55
HITM0001649,HORD000523,PRD0662,1,808.63,808.63
HITM0001650,HORD000523,PRD0242,1,390.52,390.52
HITM0001651,HORD000523,PRD0060,1,147.43,147.43
HITM0001652,HORD000524,PRD0578,1,718.33,718.33
HITM0001653,HORD000524,PRD0937,2,2275.76,4551.52
HITM0001654,HORD000524,PRD0551,1,2017.82,2017.82
HITM0001655,HORD000524,PRD0293,1,1414.37,1414.37
HITM0001656,HORD000525,PRD0545,1,219.94,219.94
HITM0001657,HORD000525,PRD0809,2,217.32,434.64
HITM0001658,HORD000525,PRD0134,3,1214.25,3642.75
HITM0001659,HORD000526,PRD0575,1,177.67,177.67
HITM0001660,HORD000526,PRD0180,1,270.59,270.59
HITM0001661,HORD000527,PRD0780,2,94.47,188.94
HITM0001662,HORD000527,PRD0405,1,146.11,146.11
HITM0001663,HORD000527,PRD0386,1,703.44,703.44
HITM0001664,HORD000528,PRD0288,1,324.08,324.08
HITM0001665,HORD000528,PRD0430,2,126.46,252.92
HITM0001666,HORD000529,PRD0230,1,290.53,290.53
HITM0001667,HORD000529,PRD0194,1,537.22,537.22
HITM0001668,HORD000529,PRD0315,1,197.15,197.15
HITM0001669,HORD000530,PRD0614,1,2379.02,2379.02
HITM0001670,HORD000531,PRD0551,1,2017.82,2017.82
HITM0001671,HORD000531,PRD0798,1,647.08,647.08
HITM0001672,HORD000531,PRD0335,1,439.66,439.66
HITM0001673,HORD000532,PRD0288,1,324.08,324.08
HITM0001674,HORD000533,PRD0910,1,19.2,19.2
HITM0001675,HORD000533,PRD0525,1,589.06,589.06
HITM0001676,HORD000533,PRD0629,1,925.23,925.23
HITM0001677,HORD000534,PRD0996,1,643.77,643.77
HITM0001678,HORD000534,PRD0090,2,223.82,447.64
HITM0001679,HORD000534,PRD0353,1,1349.93,1349.93
HITM0001680,HORD000534,PRD0406,1,403.51,403.51
HITM0001681,HORD000535,PRD0616,1,480.04,480.04
HITM0001682,HORD000535,PRD0639,1,912.42,912.42
HITM0001683,HORD000535,PRD0864,2,3026.32,6052.64
HITM0001684,HORD000536,PRD0515,1,1139.31,1139.31
HITM0001685,HORD000537,PRD0790,2,110.86,221.72
HITM0001686,HORD000537,PRD0893,1,739.92,739.92
HITM0001687,HORD000537,PRD0103,1,619.16,619.16
HITM0001688,HORD000537,PRD0457,1,1014.79,1014.79
HITM0001689,HORD000537,PRD0242,1,390.52,390.52
HITM0001690,HORD000538,PRD0749,1,529.95,529.95
HITM0001691,HORD000538,PRD0254,1,952.39,952.39
HITM0001692,HORD000538,PRD0578,1,718.33,718.33
HITM0001693,HORD000539,PRD0995,1,745.12,745.12
HITM0001694,HORD000539,PRD0250,2,79.79,159.58
HITM0001695,HORD000539,PRD0639,1,912.42,912.42
HITM0001696,HORD000540,PRD0705,1,200.18,200.18
HITM0001697,HORD000540,PRD0053,1,884.08,884.08
HITM0001698,HORD000541,PRD0514,1,1035.93,1035.93
HITM0001699,HORD000541,PRD0007,1,1073.56,1073.56
HITM0001700,HORD000541,PRD0861,2,1625.97,3251.94
HITM0001701,HORD000541,PRD0052,1,1050.73,1050.73
HITM0001702,HORD000542,PRD0074,3,587.22,1761.66
HITM0001703,HORD000542,PRD0628,1,62.19,62.19
HITM0001704,HORD000542,PRD0341,2,2657.98,5315.96
HITM0001705,HORD000543,PRD0604,2,3124.49,6248.98
HITM0001706,HORD000543,PRD0232,1,1634.96,1634.96
HITM0001707,HORD000543,PRD0395,1,366.66,366.66
HITM0001708,HORD000543,PRD0614,1,2379.02,2379.02
HITM0001709,HORD000544,PRD1000,1,120.72,120.72
HITM0001710,HORD000544,PRD0135,2,1054.93,2109.86
HITM0001711,HORD000545,PRD0336,1,657.61,657.61
HITM0001712,HORD000545,PRD0597,1,1647.12,1647.12
HITM0001713,HORD000545,PRD0455,1,679.95,679.95
HITM0001714,HORD000545,PRD0335,1,439.66,439.66
HITM0001715,HORD000545,PRD0429,1,1195.52,1195.52
HITM0001716,HORD000546,PRD0250,1,79.79,79.79
HITM0001717,HORD000546,PRD0503,1,946.68,946.68
HITM0001718,HORD000546,PRD0342,2,771.91,1543.82
HITM0001719,HORD000546,PRD0455,1,679.95,679.95
HITM0001720,HORD000547,PRD0480,1,379.33,379.33
HITM0001721,HORD000548,PRD0107,2,1780.98,3561.96
HITM0001722,HORD000548,PRD0836,2,826.24,1652.48
HITM0001723,HORD000549,PRD0720,1,313.84,313.84
HITM0001724,HORD000549,PRD0733,1,1586.43,1586.43
HITM0001725,HORD000550,PRD0270,1,381.87,381.87
HITM0001726,HORD000551,PRD0458,2,960.04,1920.08
HITM0001727,HORD000551,PRD0030,1,360.75,360.75
HITM0001728,HORD000551,PRD0490,1,337.69,337.69
HITM0001729,HORD000552,PRD0331,1,1007.66,1007.66
HITM0001730,HORD000552,PRD0530,1,210.45,210.45
HITM0001731,HORD000552,PRD0698,1,445.24,445.24
HITM0001732,HORD000553,PRD0212,1,369.65,369.65
HITM0001733,HORD000553,PRD0480,1,379.33,379.33
HITM0001734,HORD000553,PRD0456,1,111.78,111.78
HITM0001735,HORD000553,PRD0968,1,409.17,409.17
HITM0001736,HORD000553,PRD0700,2,105.41,210.82
HITM0001737,HORD000554,PRD0011,1,1160.31,1160.31
HITM0001738,HORD000554,PRD0146,2,508.56,1017.12
HITM0001739,HORD000554,PRD0568,3,237.73,713.19
HITM0001740,HORD000554,PRD0193,1,596.94,596.94
HITM0001741,HORD000555,PRD0024,1,3386.44,3386.44
HITM0001742,HORD000555,PRD0711,2,2949.82,5899.64
HITM0001743,HORD000555,PRD0849,1,272.8,272.8
HITM0001744,HORD000555,PRD0466,1,520.19,520.19
HITM0001745,HORD000556,PRD0821,1,1235.41,1235.41
HITM0001746,HORD000556,PRD0896,2,810.67,1621.34
HITM0001747,HORD000556,PRD0600,1,198.56,198.56
HITM0001748,HORD000557,PRD0888,2,735.67,1471.34
HITM0001749,HORD000557,PRD0326,1,62.48,62.48
HITM0001750,HORD000557,PRD0556,1,177.48,177.48
HITM0001751,HORD000558,PRD0914,1,1089.48,1089.48
HITM0001752,HORD000558,PRD0940,1,200.38,200.38
HITM0001753,HORD000558,PRD0087,1,164.58,164.58
HITM0001754,HORD000558,PRD0660,1,15.31,15.31
HITM0001755,HORD000559,PRD0009,1,1213.1,1213.1
HITM0001756,HORD000559,PRD0682,1,1238.87,1238.87
HITM0001757,HORD000559,PRD0016,1,255.89,255.89
HITM0001758,HORD000559,PRD0580,2,180.48,360.96
HITM0001759,HORD000560,PRD0725,2,107.02,214.04
HITM0001760,HORD000560,PRD0487,3,136.07,408.21
HITM0001761,HORD000561,PRD0293,1,1414.37,1414.37
HITM0001762,HORD000561,PRD0989,1,1013.01,1013.01
HITM0001763,HORD000561,PRD0539,1,968.63,968.63
HITM0001764,HORD000562,PRD0049,3,917.1,2751.3
HITM0001765,HORD000562,PRD0974,1,701.83,701.83
HITM0001766,HORD000562,PRD0785,2,91.04,182.08
HITM0001767,HORD000562,PRD0918,1,270.82,270.82
HITM0001768,HORD000563,PRD0454,1,1098.4,1098.4
HITM0001769,HORD000563,PRD0866,3,684.58,2053.74
HITM0001770,HORD000563,PRD0763,2,485.63,971.26
HITM0001771,HORD000564,PRD0027,1,615.88,615.88
HITM0001772,HORD000564,PRD0459,1,553.35,553.35
HITM0001773,HORD000564,PRD0969,1,748.26,748.26
HITM0001774,HORD000564,PRD0775,1,545.51,545.51
HITM0001775,HORD000565,PRD0197,2,179.71,359.42
HITM0001776,HORD000565,PRD0748,1,147.02,147.02
HITM0001777,HORD000565,PRD0439,3,1460.48,4381.44
HITM0001778,HORD000565,PRD0100,1,206.02,206.02
HITM0001779,HORD000565,PRD0381,1,2583.59,2583.59
HITM0001780,HORD000566,PRD0747,1,619.18,619.18
HITM0001781,HORD000566,PRD0246,1,674.8,674.8
HITM0001782,HORD000566,PRD0797,1,850.77,850.77
HITM0001783,HORD000567,PRD0231,1,1674.19,1674.19
HITM0001784,HORD000567,PRD0590,1,320.53,320.53
HITM0001785,HORD000568,PRD0115,1,678.71,678.71
HITM0001786,HORD000568,PRD0797,1,850.77,850.77
HITM0001787,HORD000568,PRD0188,2,936.44,1872.88
HITM0001788,HORD000568,PRD0114,1,2474.92,2474.92
HITM0001789,HORD000569,PRD0585,1,81.84,81.84
HITM0001790,HORD000569,PRD0972,1,690.82,690.82
HITM0001791,HORD000569,PRD0153,1,718.81,718.81
HITM0001792,HORD000569,PRD0575,1,177.67,177.67
HITM0001793,HORD000569,PRD0618,2,421.89,843.78
HITM0001794,HORD000570,PRD0265,1,94.03,94.03
HITM0001795,HORD000570,PRD0476,1,181.3,181.3
HITM0001796,HORD000570,PRD0303,1,1580.3,1580.3
HITM0001797,HORD000570,PRD0710,2,221.52,443.04
HITM0001798,HORD000570,PRD0619,1,394.74,394.74
HITM0001799,HORD000571,PRD0049,1,917.1,917.1
HITM0001800,HORD000571,PRD0623,3,1221.11,3663.33
HITM0001801,HORD000571,PRD0692,2,488.18,976.36
HITM0001802,HORD000572,PRD0459,1,553.35,553.35
HITM0001803,HORD000572,PRD0594,1,2046.58,2046.58
HITM0001804,HORD000572,PRD0696,1,137.51,137.51
HITM0001805,HORD000572,PRD0301,1,1027.91,1027.91
HITM0001806,HORD000573,PRD0076,1,729.89,729.89
HITM0001807,HORD000573,PRD0105,2,431.76,863.52
HITM0001808,HORD000574,PRD0557,3,743.48,2230.44
HITM0001809,HORD000574,PRD0529,1,915.61,915.61
HITM0001810,HORD000574,PRD0774,1,3381.71,3381.71
HITM0001811,HORD000574,PRD0226,1,497.16,497.16
HITM0001812,HORD000575,PRD0564,1,3629.67,3629.67
HITM0001813,HORD000575,PRD0621,1,1275.57,1275.57
HITM0001814,HORD000576,PRD0925,1,327.94,327.94
HITM0001815,HORD000576,PRD0224,1,3534.57,3534.57
HITM0001816,HORD000577,PRD0343,1,1104.21,1104.21
HITM0001817,HORD000577,PRD0071,1,1342.48,1342.48
HITM0001818,HORD000577,PRD0673,1,1159.13,1159.13
HITM0001819,HORD000578,PRD0783,1,1292.19,1292.19
HITM0001820,HORD000578,PRD0299,1,1325.19,1325.19
HITM0001821,HORD000578,PRD0689,1,1230.12,1230.12
HITM0001822,HORD000578,PRD0478,1,948.58,948.58
HITM0001823,HORD000578,PRD0182,1,680.44,680.44
HITM0001824,HORD000579,PRD0382,1,1459.89,1459.89
HITM0001825,HORD000579,PRD0189,1,325.61,325.61
HITM0001826,HORD000579,PRD0450,1,210.74,210.74
HITM0001827,HORD000579,PRD0282,1,641.72,641.72
HITM0001828,HORD000580,PRD0576,1,30.87,30.87
HITM0001829,HORD000580,PRD0428,1,844.51,844.51
HITM0001830,HORD000580,PRD0831,1,2373.29,2373.29
HITM0001831,HORD000580,PRD0628,1,62.19,62.19
HITM0001832,HORD000581,PRD0729,1,691.76,691.76
HITM0001833,HORD000581,PRD0514,1,1035.93,1035.93
HITM0001834,HORD000581,PRD0906,1,150.8,150.8
HITM0001835,HORD000581,PRD0585,1,81.84,81.84
HITM0001836,HORD000582,PRD0067,1,1666.09,1666.09
HITM0001837,HORD000582,PRD0032,1,581.78,581.78
HITM0001838,HORD000583,PRD0980,2,286.55,573.1
HITM0001839,HORD000583,PRD0457,1,1014.79,1014.79
HITM0001840,HORD000583,PRD0949,1,541.69,541.69
HITM0001841,HORD000584,PRD0688,1,921.64,921.64
HITM0001842,HORD000584,PRD0289,1,553.34,553.34
HITM0001843,HORD000584,PRD0653,1,608.0,608.0
HITM0001844,HORD000585,PRD0020,1,254.09,254.09
HITM0001845,HORD000585,PRD0989,2,1013.01,2026.02
HITM0001846,HORD000585,PRD0133,1,772.02,772.02
HITM0001847,HORD000585,PRD0871,1,3102.51,3102.51
HITM0001848,HORD000585,PRD0072,1,713.12,713.12
HITM0001849,HORD000586,PRD0888,1,735.67,735.67
HITM0001850,HORD000586,PRD0911,1,2044.96,2044.96
HITM0001851,HORD000587,PRD0520,3,298.12,894.36
HITM0001852,HORD000587,PRD0839,1,1311.55,1311.55
HITM0001853,HORD000587,PRD0756,2,238.54,477.08
HITM0001854,HORD000587,PRD0316,1,640.98,640.98
HITM0001855,HORD000588,PRD0455,1,679.95,679.95
HITM0001856,HORD000588,PRD0650,1,233.76,233.76
HITM0001857,HORD000589,PRD0764,1,3198.68,3198.68
HITM0001858,HORD000589,PRD0382,2,1459.89,2919.78
HITM0001859,HORD000589,PRD0710,1,221.52,221.52
HITM0001860,HORD000589,PRD0906,1,150.8,150.8
HITM0001861,HORD000589,PRD0278,1,623.42,623.42
HITM0001862,HORD000590,PRD0296,1,767.13,767.13
HITM0001863,HORD000590,PRD0330,1,222.78,222.78
HITM0001864,HORD000590,PRD0337,1,2341.34,2341.34
HITM0001865,HORD000590,PRD0761,1,2207.59,2207.59
HITM0001866,HORD000591,PRD0924,1,1071.28,1071.28
HITM0001867,HORD000591,PRD0956,1,86.17,86.17
HITM0001868,HORD000591,PRD0461,1,1664.1,1664.1
HITM0001869,HORD000592,PRD0729,2,691.76,1383.52
HITM0001870,HORD000592,PRD0870,3,370.25,1110.75
HITM0001871,HORD000592,PRD0040,1,239.17,239.17
HITM0001872,HORD000593,PRD0646,1,155.12,155.12
HITM0001873,HORD000593,PRD0301,1,1027.91,1027.91
HITM0001874,HORD000593,PRD0304,2,966.94,1933.88
HITM0001875,HORD000594,PRD0498,2,536.61,1073.22
HITM0001876,HORD000594,PRD0737,1,540.55,540.55
HITM0001877,HORD000594,PRD0609,2,510.8,1021.6
HITM0001878,HORD000595,PRD0702,2,1587.86,3175.72
HITM0001879,HORD000595,PRD0687,2,729.09,1458.18
HITM0001880,HORD000595,PRD0788,1,319.54,319.54
HITM0001881,HORD000595,PRD0647,2,818.2,1636.4
HITM0001882,HORD000596,PRD0592,1,471.73,471.73
HITM0001883,HORD000596,PRD0538,1,986.28,986.28
HITM0001884,HORD000596,PRD0866,1,684.58,684.58
HITM0001885,HORD000597,PRD0516,1,293.41,293.41
HITM0001886,HORD000597,PRD0949,1,541.69,541.69
HITM0001887,HORD000597,PRD0875,1,1168.64,1168.64
HITM0001888,HORD000597,PRD0990,1,268.68,268.68
HITM0001889,HORD000598,PRD0428,1,844.51,844.51
HITM0001890,HORD000598,PRD0436,1,525.13,525.13
HITM0001891,HORD000598,PRD0964,2,449.57,899.14
HITM0001892,HORD000598,PRD0022,1,1385.01,1385.01
HITM0001893,HORD000599,PRD0968,1,409.17,409.17
HITM0001894,HORD000599,PRD0610,2,159.67,319.34
HITM0001895,HORD000599,PRD0875,1,1168.64,1168.64
HITM0001896,HORD000599,PRD0092,1,1139.05,1139.05
HITM0001897,HORD000599,PRD0047,1,425.59,425.59
HITM0001898,HORD000600,PRD0126,1,273.65,273.65
HITM0001899,HORD000600,PRD0805,1,997.5,997.5
HITM0001900,HORD000600,PRD0240,2,417.49,834.98
HITM0001901,HORD000600,PRD0427,1,1212.42,1212.42
HITM0001902,HORD000601,PRD0099,1,245.95,245.95
HITM0001903,HORD000601,PRD0986,1,445.06,445.06
HITM0001904,HORD000601,PRD0080,1,15.23,15.23
HITM0001905,HORD000601,PRD0820,2,135.5,271.0
HITM0001906,HORD000601,PRD0212,1,369.65,369.65
HITM0001907,HORD000602,PRD0219,3,227.25,681.75
HITM0001908,HORD000602,PRD0970,1,403.08,403.08
HITM0001909,HORD000602,PRD0910,2,19.2,38.4
HITM0001910,HORD000602,PRD0735,2,557.24,1114.48
HITM0001911,HORD000603,PRD0869,1,1298.92,1298.92
HITM0001912,HORD000603,PRD0857,1,998.5,998.5
HITM0001913,HORD000603,PRD0743,1,1557.24,1557.24
HITM0001914,HORD000604,PRD0805,1,997.5,997.5
HITM0001915,HORD000604,PRD0694,1,1984.32,1984.32
HITM0001916,HORD000604,PRD0773,1,1247.83,1247.83
HITM0001917,HORD000605,PRD0328,1,490.58,490.58
HITM0001918,HORD000605,PRD0405,1,146.11,146.11
HITM0001919,HORD000605,PRD0661,2,1048.18,2096.36
HITM0001920,HORD000606,PRD0136,1,360.6,360.6
HITM0001921,HORD000606,PRD0350,1,175.83,175.83
HITM0001922,HORD000606,PRD0180,1,270.59,270.59
HITM0001923,HORD000607,PRD0273,1,697.23,697.23
HITM0001924,HORD000607,PRD0027,1,615.88,615.88
HITM0001925,HORD000608,PRD0780,1,94.47,94.47
HITM0001926,HORD000608,PRD0197,1,179.71,179.71
HITM0001927,HORD000608,PRD0020,2,254.09,508.18
HITM0001928,HORD000608,PRD0764,1,3198.68,3198.68
HITM0001929,HORD000609,PRD0164,1,1650.2,1650.2
HITM0001930,HORD000609,PRD0227,1,1769.34,1769.34
HITM0001931,HORD000609,PRD0301,1,1027.91,1027.91
HITM0001932,HORD000609,PRD0526,3,84.58,253.74
HITM0001933,HORD000610,PRD0672,1,1330.59,1330.59
HITM0001934,HORD000610,PRD0520,1,298.12,298.12
HITM0001935,HORD000610,PRD0602,1,1093.07,1093.07
HITM0001936,HORD000611,PRD0986,2,445.06,890.12
HITM0001937,HORD000611,PRD0449,1,483.76,483.76
HITM0001938,HORD000611,PRD0994,1,916.4,916.4
HITM0001939,HORD000611,PRD0685,1,963.7,963.7
HITM0001940,HORD000611,PRD0183,1,442.77,442.77
HITM0001941,HORD000612,PRD0367,1,179.97,179.97
HITM0001942,HORD000612,PRD0415,1,78.5,78.5
HITM0001943,HORD000612,PRD0377,1,941.97,941.97
HITM0001944,HORD000612,PRD0163,2,459.77,919.54
HITM0001945,HORD000612,PRD0727,1,1874.18,1874.18
HITM0001946,HORD000613,PRD0355,1,412.17,412.17
HITM0001947,HORD000613,PRD1000,1,120.72,120.72
HITM0001948,HORD000613,PRD0222,1,1210.33,1210.33
HITM0001949,HORD000614,PRD0754,2,2331.9,4663.8
HITM0001950,HORD000614,PRD0640,1,415.26,415.26
HITM0001951,HORD000614,PRD0050,1,56.24,56.24
HITM0001952,HORD000614,PRD0852,1,465.95,465.95
HITM0001953,HORD000615,PRD0787,1,527.32,527.32
HITM0001954,HORD000615,PRD0232,1,1634.96,1634.96
HITM0001955,HORD000616,PRD0622,2,678.69,1357.38
HITM0001956,HORD000616,PRD0934,1,4104.95,4104.95
HITM0001957,HORD000616,PRD0006,1,319.31,319.31
HITM0001958,HORD000617,PRD0288,2,324.08,648.16
HITM0001959,HORD000617,PRD0793,1,476.45,476.45
HITM0001960,HORD000617,PRD0528,1,386.06,386.06
HITM0001961,HORD000618,PRD0089,2,1041.14,2082.28
HITM0001962,HORD000618,PRD0984,1,1014.29,1014.29
HITM0001963,HORD000618,PRD0349,1,1056.93,1056.93
HITM0001964,HORD000618,PRD0652,1,1180.91,1180.91
HITM0001965,HORD000619,PRD0740,1,326.46,326.46
HITM0001966,HORD000619,PRD0980,2,286.55,573.1
HITM0001967,HORD000619,PRD0568,1,237.73,237.73
HITM0001968,HORD000619,PRD0900,1,204.44,204.44
HITM0001969,HORD000619,PRD0817,1,2143.54,2143.54
HITM0001970,HORD000620,PRD0606,1,556.12,556.12
HITM0001971,HORD000620,PRD0722,1,373.93,373.93
HITM0001972,HORD000621,PRD0080,1,15.23,15.23
HITM0001973,HORD000621,PRD0236,1,131.33,131.33
HITM0001974,HORD000621,PRD0668,2,982.03,1964.06
HITM0001975,HORD000621,PRD0624,3,588.21,1764.63
HITM0001976,HORD000622,PRD0047,1,425.59,425.59
HITM0001977,HORD000622,PRD0092,1,1139.05,1139.05
HITM0001978,HORD000623,PRD0020,2,254.09,508.18
HITM0001979,HORD000623,PRD0104,1,1407.8,1407.8
HITM0001980,HORD000624,PRD0605,1,903.46,903.46
HITM0001981,HORD000624,PRD0066,1,66.71,66.71
HITM0001982,HORD000624,PRD0525,2,589.06,1178.12
HITM0001983,HORD000624,PRD0031,1,2841.2,2841.2
HITM0001984,HORD000625,PRD0790,1,110.86,110.86
HITM0001985,HORD000625,PRD0197,1,179.71,179.71
HITM0001986,HORD000625,PRD0422,1,1345.12,1345.12
HITM0001987,HORD000625,PRD0773,1,1247.83,1247.83
HITM0001988,HORD000626,PRD0403,1,615.54,615.54
HITM0001989,HORD000627,PRD0611,1,1787.47,1787.47
HITM0001990,HORD000627,PRD0650,1,233.76,233.76
HITM0001991,HORD000627,PRD0925,1,327.94,327.94
HITM0001992,HORD000628,PRD0245,1,616.59,616.59
HITM0001993,HORD000628,PRD0381,2,2583.59,5167.18
HITM0001994,HORD000629,PRD0438,3,185.01,555.03
HITM0001995,HORD000629,PRD0060,2,147.43,294.86
HITM0001996,HORD000629,PRD0777,1,666.99,666.99
HITM0001997,HORD000629,PRD0141,1,2256.8,2256.8
HITM0001998,HORD000630,PRD0330,1,222.78,222.78
HITM0001999,HORD000630,PRD0427,1,1212.42,1212.42
HITM0002000,HORD000630,PRD0228,1,121.94,121.94
HITM0002001,HORD000631,PRD0608,1,607.93,607.93
HITM0002002,HORD000631,PRD0257,1,1869.6,1869.6
HITM0002003,HORD000631,PRD0785,1,91.04,91.04
HITM0002004,HORD000631,PRD0943,1,862.72,862.72
HITM0002005,HORD000632,PRD0600,1,198.56,198.56
HITM0002006,HORD000632,PRD0008,1,146.16,146.16
HITM0002007,HORD000632,PRD0784,1,1118.82,1118.82
HITM0002008,HORD000632,PRD0308,1,1088.84,1088.84
HITM0002009,HORD000632,PRD0019,1,1020.41,1020.41
HITM0002010,HORD000633,PRD0510,1,176.33,176.33
HITM0002011,HORD000633,PRD0761,1,2207.59,2207.59
HITM0002012,HORD000633,PRD0996,1,643.77,643.77
HITM0002013,HORD000633,PRD0910,3,19.2,57.6
HITM0002014,HORD000634,PRD0812,1,972.39,972.39
HITM0002015,HORD000634,PRD0351,1,1823.65,1823.65
HITM0002016,HORD000634,PRD0116,1,333.11,333.11
HITM0002017,HORD000634,PRD0039,1,951.13,951.13
HITM0002018,HORD000634,PRD0785,1,91.04,91.04
HITM0002019,HORD000635,PRD0737,1,540.55,540.55
HITM0002020,HORD000635,PRD0670,1,152.13,152.13
HITM0002021,HORD000635,PRD0823,1,631.56,631.56
HITM0002022,HORD000636,PRD0758,1,282.47,282.47
HITM0002023,HORD000636,PRD0512,1,1057.04,1057.04
HITM0002024,HORD000637,PRD0605,1,903.46,903.46
HITM0002025,HORD000637,PRD0495,2,1086.82,2173.64
HITM0002026,HORD000637,PRD0603,1,851.99,851.99
HITM0002027,HORD000637,PRD0720,1,313.84,313.84
HITM0002028,HORD000638,PRD0619,2,394.74,789.48
HITM0002029,HORD000638,PRD0596,2,846.46,1692.92
HITM0002030,HORD000639,PRD0614,1,2379.02,2379.02
HITM0002031,HORD000639,PRD0967,1,530.38,530.38
HITM0002032,HORD000639,PRD0093,1,1233.02,1233.02
HITM0002033,HORD000640,PRD0388,2,981.72,1963.44
HITM0002034,HORD000640,PRD0905,2,951.23,1902.46
HITM0002035,HORD000640,PRD0165,1,471.13,471.13
HITM0002036,HORD000640,PRD0799,2,246.05,492.1
HITM0002037,HORD000641,PRD0139,1,1416.61,1416.61
HITM0002038,HORD000641,PRD0317,1,2234.93,2234.93
HITM0002039,HORD000641,PRD0069,1,1370.67,1370.67
HITM0002040,HORD000642,PRD0105,2,431.76,863.52
HITM0002041,HORD000642,PRD0831,1,2373.29,2373.29
HITM0002042,HORD000642,PRD0304,2,966.94,1933.88
HITM0002043,HORD000643,PRD0906,1,150.8,150.8
HITM0002044,HORD000643,PRD0201,2,2237.43,4474.86
HITM0002045,HORD000644,PRD0145,1,564.49,564.49
HITM0002046,HORD000644,PRD0276,1,443.22,443.22
HITM0002047,HORD000644,PRD0979,2,1164.08,2328.16
HITM0002048,HORD000645,PRD0044,1,2873.82,2873.82
HITM0002049,HORD000645,PRD0700,1,105.41,105.41
HITM0002050,HORD000645,PRD0955,1,56.91,56.91
HITM0002051,HORD000645,PRD0871,1,3102.51,3102.51
HITM0002052,HORD000646,PRD0599,1,854.55,854.55
HITM0002053,HORD000646,PRD0195,1,89.95,89.95
HITM0002054,HORD000646,PRD0937,1,2275.76,2275.76
HITM0002055,HORD000647,PRD0874,1,4174.45,4174.45
HITM0002056,HORD000648,PRD0969,1,748.26,748.26
HITM0002057,HORD000648,PRD0586,2,110.38,220.76
HITM0002058,HORD000648,PRD0036,2,120.39,240.78
HITM0002059,HORD000649,PRD0706,1,173.61,173.61
HITM0002060,HORD000649,PRD0263,1,590.67,590.67
HITM0002061,HORD000649,PRD0929,1,897.78,897.78
HITM0002062,HORD000650,PRD0740,1,326.46,326.46
HITM0002063,HORD000650,PRD0790,1,110.86,110.86
HITM0002064,HORD000650,PRD0690,1,30.42,30.42
HITM0002065,HORD000650,PRD0968,2,409.17,818.34
HITM0002066,HORD000651,PRD0082,1,1853.06,1853.06
HITM0002067,HORD000651,PRD0138,1,818.63,818.63
HITM0002068,HORD000651,PRD0395,1,366.66,366.66
HITM0002069,HORD000651,PRD0584,2,2264.13,4528.26
HITM0002070,HORD000652,PRD0443,1,393.59,393.59
HITM0002071,HORD000652,PRD0053,1,884.08,884.08
HITM0002072,HORD000652,PRD0419,1,1458.66,1458.66
HITM0002073,HORD000652,PRD0655,1,261.66,261.66
HITM0002074,HORD000653,PRD0759,1,1012.36,1012.36
HITM0002075,HORD000653,PRD0782,1,452.61,452.61
HITM0002076,HORD000654,PRD0219,1,227.25,227.25
HITM0002077,HORD000654,PRD0768,2,1063.13,2126.26
HITM0002078,HORD000654,PRD0633,1,1190.36,1190.36
HITM0002079,HORD000654,PRD0135,1,1054.93,1054.93
HITM0002080,HORD000655,PRD0143,1,926.46,926.46
HITM0002081,HORD000655,PRD0513,3,532.33,1596.99
HITM0002082,HORD000655,PRD0947,1,451.51,451.51
HITM0002083,HORD000655,PRD0184,1,685.26,685.26
HITM0002084,HORD000655,PRD0280,1,149.57,149.57
HITM0002085,HORD000656,PRD0462,1,595.57,595.57
HITM0002086,HORD000656,PRD0786,1,400.03,400.03
HITM0002087,HORD000656,PRD0998,3,819.98,2459.94
HITM0002088,HORD000656,PRD0360,1,362.06,362.06
HITM0002089,HORD000657,PRD0067,1,1666.09,1666.09
HITM0002090,HORD000658,PRD0033,1,884.6,884.6
HITM0002091,HORD000658,PRD0330,1,222.78,222.78
HITM0002092,HORD000658,PRD0363,2,554.22,1108.44
HITM0002093,HORD000659,PRD0253,1,1494.32,1494.32
HITM0002094,HORD000659,PRD0955,1,56.91,56.91
HITM0002095,HORD000659,PRD0208,1,425.89,425.89
HITM0002096,HORD000659,PRD0473,1,1395.59,1395.59
HITM0002097,HORD000660,PRD0660,2,15.31,30.62
HITM0002098,HORD000660,PRD0480,1,379.33,379.33
HITM0002099,HORD000660,PRD0359,1,597.95,597.95
HITM0002100,HORD000661,PRD0445,1,1026.22,1026.22
HITM0002101,HORD000662,PRD0500,1,250.29,250.29
HITM0002102,HORD000662,PRD0819,2,282.56,565.12
HITM0002103,HORD000662,PRD0470,2,116.53,233.06
HITM0002104,HORD000662,PRD0748,1,147.02,147.02
HITM0002105,HORD000662,PRD0242,2,390.52,781.04
HITM0002106,HORD000663,PRD0043,1,1487.36,1487.36
HITM0002107,HORD000663,PRD0713,1,1024.63,1024.63
HITM0002108,HORD000663,PRD0280,1,149.57,149.57
HITM0002109,HORD000664,PRD0906,1,150.8,150.8
HITM0002110,HORD000664,PRD0295,1,1095.89,1095.89
HITM0002111,HORD000664,PRD0165,2,471.13,942.26
HITM0002112,HORD000665,PRD0753,1,272.68,272.68
HITM0002113,HORD000665,PRD0883,1,1440.86,1440.86
HITM0002114,HORD000665,PRD0938,1,929.59,929.59
HITM0002115,HORD000666,PRD0669,1,603.87,603.87
HITM0002116,HORD000666,PRD0336,1,657.61,657.61
HITM0002117,HORD000666,PRD0128,1,237.78,237.78
HITM0002118,HORD000667,PRD0845,1,1093.84,1093.84
HITM0002119,HORD000667,PRD0160,1,140.78,140.78
HITM0002120,HORD000667,PRD0436,1,525.13,525.13
HITM0002121,HORD000668,PRD0491,1,1885.4,1885.4
HITM0002122,HORD000669,PRD0418,2,301.4,602.8
HITM0002123,HORD000669,PRD0840,1,48.65,48.65
HITM0002124,HORD000670,PRD0170,1,202.15,202.15
HITM0002125,HORD000670,PRD0465,2,276.29,552.58
HITM0002126,HORD000670,PRD0331,1,1007.66,1007.66
HITM0002127,HORD000671,PRD0835,1,982.79,982.79
HITM0002128,HORD000671,PRD0537,1,669.66,669.66
HITM0002129,HORD000671,PRD0372,1,943.73,943.73
HITM0002130,HORD000671,PRD0478,2,948.58,1897.16
HITM0002131,HORD000672,PRD0981,1,2016.47,2016.47
HITM0002132,HORD000672,PRD0236,1,131.33,131.33
HITM0002133,HORD000672,PRD0378,2,472.12,944.24
HITM0002134,HORD000673,PRD0336,1,657.61,657.61
HITM0002135,HORD000673,PRD0620,1,220.61,220.61
HITM0002136,HORD000673,PRD0743,1,1557.24,1557.24
HITM0002137,HORD000673,PRD0798,1,647.08,647.08
HITM0002138,HORD000674,PRD0986,1,445.06,445.06
HITM0002139,HORD000674,PRD0596,3,846.46,2539.38
HITM0002140,HORD000674,PRD0706,3,173.61,520.83
HITM0002141,HORD000674,PRD0308,1,1088.84,1088.84
HITM0002142,HORD000675,PRD0160,1,140.78,140.78
HITM0002143,HORD000675,PRD0699,1,508.79,508.79
HITM0002144,HORD000675,PRD0793,2,476.45,952.9
HITM0002145,HORD000675,PRD0912,1,752.42,752.42
HITM0002146,HORD000675,PRD0408,2,1038.75,2077.5
HITM0002147,HORD000676,PRD0793,1,476.45,476.45
HITM0002148,HORD000676,PRD0714,1,2934.49,2934.49
HITM0002149,HORD000676,PRD0672,1,1330.59,1330.59
HITM0002150,HORD000677,PRD0150,1,338.38,338.38
HITM0002151,HORD000677,PRD0361,3,1242.28,3726.84
HITM0002152,HORD000678,PRD0955,1,56.91,56.91
HITM0002153,HORD000678,PRD0956,2,86.17,172.34
HITM0002154,HORD000679,PRD0799,1,246.05,246.05
HITM0002155,HORD000679,PRD0874,1,4174.45,4174.45
HITM0002156,HORD000680,PRD0799,1,246.05,246.05
HITM0002157,HORD000680,PRD0595,3,758.18,2274.54
HITM0002158,HORD000680,PRD0320,1,190.98,190.98
HITM0002159,HORD000680,PRD0367,1,179.97,179.97
HITM0002160,HORD000680,PRD0821,2,1235.41,2470.82
HITM0002161,HORD000681,PRD0969,1,748.26,748.26
HITM0002162,HORD000681,PRD0669,1,603.87,603.87
HITM0002163,HORD000682,PRD0719,1,836.38,836.38
HITM0002164,HORD000682,PRD0828,1,457.81,457.81
HITM0002165,HORD000682,PRD0960,1,155.66,155.66
HITM0002166,HORD000683,PRD0359,1,597.95,597.95
HITM0002167,HORD000683,PRD0627,1,869.77,869.77
HITM0002168,HORD000684,PRD0537,1,669.66,669.66
HITM0002169,HORD000684,PRD0446,2,132.64,265.28
HITM0002170,HORD000684,PRD0066,1,66.71,66.71
HITM0002171,HORD000685,PRD0660,1,15.31,15.31
HITM0002172,HORD000685,PRD0948,2,583.21,1166.42
HITM0002173,HORD000685,PRD0553,1,1464.9,1464.9
HITM0002174,HORD000686,PRD0853,1,1558.78,1558.78
HITM0002175,HORD000686,PRD0313,1,1109.77,1109.77
HITM0002176,HORD000687,PRD0244,1,847.84,847.84
HITM0002177,HORD000687,PRD0998,1,819.98,819.98
HITM0002178,HORD000687,PRD0037,1,1207.21,1207.21
HITM0002179,HORD000687,PRD0270,2,381.87,763.74
HITM0002180,HORD000687,PRD0694,1,1984.32,1984.32
HITM0002181,HORD000688,PRD0590,2,320.53,641.06
HITM0002182,HORD000688,PRD0539,1,968.63,968.63
HITM0002183,HORD000688,PRD0607,1,1809.95,1809.95
HITM0002184,HORD000689,PRD0055,1,534.13,534.13
HITM0002185,HORD000689,PRD0875,1,1168.64,1168.64
HITM0002186,HORD000689,PRD0362,1,1217.27,1217.27
HITM0002187,HORD000690,PRD0555,2,1183.16,2366.32
HITM0002188,HORD000690,PRD0733,1,1586.43,1586.43
HITM0002189,HORD000691,PRD0568,1,237.73,237.73
HITM0002190,HORD000691,PRD0377,2,941.97,1883.94
HITM0002191,HORD000692,PRD0971,1,2276.46,2276.46
HITM0002192,HORD000692,PRD0537,1,669.66,669.66
HITM0002193,HORD000692,PRD0576,1,30.87,30.87
HITM0002194,HORD000692,PRD0452,1,1619.46,1619.46
HITM0002195,HORD000693,PRD0945,1,113.23,113.23
HITM0002196,HORD000693,PRD0633,2,1190.36,2380.72
HITM0002197,HORD000694,PRD0410,1,212.08,212.08
HITM0002198,HORD000694,PRD0866,2,684.58,1369.16
HITM0002199,HORD000694,PRD0341,1,2657.98,2657.98
HITM0002200,HORD000694,PRD0471,1,1997.5,1997.5
HITM0002201,HORD000695,PRD0982,1,973.58,973.58
HITM0002202,HORD000696,PRD0526,1,84.58,84.58
HITM0002203,HORD000696,PRD0610,1,159.67,159.67
HITM0002204,HORD000697,PRD0943,1,862.72,862.72
HITM0002205,HORD000697,PRD0165,1,471.13,471.13
HITM0002206,HORD000697,PRD0316,1,640.98,640.98
HITM0002207,HORD000698,PRD1000,1,120.72,120.72
HITM0002208,HORD000698,PRD0036,1,120.39,120.39
HITM0002209,HORD000698,PRD0592,3,471.73,1415.19
HITM0002210,HORD000698,PRD0815,1,748.08,748.08
HITM0002211,HORD000699,PRD0210,1,389.28,389.28
HITM0002212,HORD000699,PRD0039,1,951.13,951.13
HITM0002213,HORD000699,PRD0491,1,1885.4,1885.4
HITM0002214,HORD000700,PRD0936,1,214.36,214.36
HITM0002215,HORD000700,PRD0795,1,1118.81,1118.81
HITM0002216,HORD000700,PRD0503,2,946.68,1893.36
HITM0002217,HORD000700,PRD0036,1,120.39,120.39
HITM0002218,HORD000701,PRD0440,2,57.41,114.82
HITM0002219,HORD000701,PRD0003,1,316.95,316.95
HITM0002220,HORD000701,PRD0774,1,3381.71,3381.71
HITM0002221,HORD000701,PRD0663,1,337.29,337.29
HITM0002222,HORD000702,PRD0760,1,145.6,145.6
HITM0002223,HORD000702,PRD0858,1,188.42,188.42
HITM0002224,HORD000703,PRD0273,1,697.23,697.23
HITM0002225,HORD000703,PRD0106,1,40.68,40.68
HITM0002226,HORD000703,PRD0843,2,676.52,1353.04
HITM0002227,HORD000703,PRD0585,1,81.84,81.84
HITM0002228,HORD000703,PRD0003,2,316.95,633.9
HITM0002229,HORD000704,PRD0170,1,202.15,202.15
HITM0002230,HORD000704,PRD0304,1,966.94,966.94
HITM0002231,HORD000705,PRD0481,1,2924.28,2924.28
HITM0002232,HORD000705,PRD0118,1,578.97,578.97
HITM0002233,HORD000705,PRD0910,2,19.2,38.4
HITM0002234,HORD000705,PRD0690,2,30.42,60.84
HITM0002235,HORD000706,PRD0044,1,2873.82,2873.82
HITM0002236,HORD000706,PRD0712,1,1402.88,1402.88
HITM0002237,HORD000706,PRD0184,1,685.26,685.26
HITM0002238,HORD000706,PRD0478,1,948.58,948.58
HITM0002239,HORD000707,PRD0543,1,303.53,303.53
HITM0002240,HORD000707,PRD0155,1,372.71,372.71
HITM0002241,HORD000707,PRD0705,1,200.18,200.18
HITM0002242,HORD000707,PRD0763,1,485.63,485.63
HITM0002243,HORD000708,PRD0457,1,1014.79,1014.79
HITM0002244,HORD000708,PRD0440,1,57.41,57.41
HITM0002245,HORD000708,PRD0096,1,327.95,327.95
HITM0002246,HORD000708,PRD0025,3,399.48,1198.44
HITM0002247,HORD000708,PRD0598,1,825.04,825.04
HITM0002248,HORD000709,PRD0950,1,71.67,71.67
HITM0002249,HORD000709,PRD0526,1,84.58,84.58
HITM0002250,HORD000709,PRD0175,1,883.13,883.13
HITM0002251,HORD000709,PRD0520,1,298.12,298.12
HITM0002252,HORD000710,PRD0031,1,2841.2,2841.2
HITM0002253,HORD000710,PRD0883,1,1440.86,1440.86
HITM0002254,HORD000711,PRD0376,3,689.26,2067.78
HITM0002255,HORD000711,PRD0146,1,508.56,508.56
HITM0002256,HORD000711,PRD0438,2,185.01,370.02
HITM0002257,HORD000712,PRD0949,2,541.69,1083.38
HITM0002258,HORD000712,PRD0488,1,658.75,658.75
HITM0002259,HORD000712,PRD0129,1,1446.26,1446.26
HITM0002260,HORD000712,PRD0932,1,1610.28,1610.28
HITM0002261,HORD000713,PRD0466,1,520.19,520.19
HITM0002262,HORD000714,PRD0936,2,214.36,428.72
HITM0002263,HORD000714,PRD0434,1,388.26,388.26
HITM0002264,HORD000714,PRD0742,1,1738.97,1738.97
HITM0002265,HORD000715,PRD0450,2,210.74,421.48
HITM0002266,HORD000715,PRD0919,1,202.1,202.1
HITM0002267,HORD000715,PRD0902,1,339.25,339.25
HITM0002268,HORD000716,PRD0767,1,2003.56,2003.56
HITM0002269,HORD000716,PRD0146,1,508.56,508.56
HITM0002270,HORD000716,PRD0769,1,333.15,333.15
HITM0002271,HORD000716,PRD0462,1,595.57,595.57
HITM0002272,HORD000717,PRD0276,1,443.22,443.22
HITM0002273,HORD000717,PRD0551,1,2017.82,2017.82
HITM0002274,HORD000718,PRD0679,1,1370.51,1370.51
HITM0002275,HORD000718,PRD0904,1,1097.17,1097.17
HITM0002276,HORD000718,PRD0485,2,178.75,357.5
HITM0002277,HORD000718,PRD0092,1,1139.05,1139.05
HITM0002278,HORD000719,PRD0438,2,185.01,370.02
HITM0002279,HORD000719,PRD0484,2,1093.53,2187.06
HITM0002280,HORD000719,PRD0556,1,177.48,177.48
HITM0002281,HORD000719,PRD0426,1,571.98,571.98
HITM0002282,HORD000720,PRD0189,1,325.61,325.61
HITM0002283,HORD000720,PRD0589,1,241.6,241.6
HITM0002284,HORD000721,PRD0686,1,654.4,654.4
HITM0002285,HORD000721,PRD0251,1,2656.31,2656.31
HITM0002286,HORD000721,PRD0563,1,530.17,530.17
HITM0002287,HORD000722,PRD0985,1,602.55,602.55
HITM0002288,HORD000722,PRD0058,1,137.85,137.85
HITM0002289,HORD000722,PRD0636,1,801.41,801.41
HITM0002290,HORD000722,PRD0081,1,1506.97,1506.97
HITM0002291,HORD000722,PRD0475,1,1049.43,1049.43
HITM0002292,HORD000723,PRD0607,1,1809.95,1809.95
HITM0002293,HORD000723,PRD0507,1,2282.08,2282.08
HITM0002294,HORD000724,PRD0390,1,391.31,391.31
HITM0002295,HORD000724,PRD0470,1,116.53,116.53
HITM0002296,HORD000724,PRD0965,1,1142.59,1142.59
HITM0002297,HORD000725,PRD0377,1,941.97,941.97
HITM0002298,HORD000725,PRD0370,1,285.36,285.36
HITM0002299,HORD000725,PRD0533,1,367.95,367.95
HITM0002300,HORD000725,PRD0185,1,884.92,884.92
HITM0002301,HORD000726,PRD0769,1,333.15,333.15
HITM0002302,HORD000726,PRD0720,2,313.84,627.68
HITM0002303,HORD000726,PRD0977,2,171.2,342.4
HITM0002304,HORD000726,PRD0310,1,83.71,83.71
HITM0002305,HORD000727,PRD0763,2,485.63,971.26
HITM0002306,HORD000727,PRD0340,1,244.07,244.07
HITM0002307,HORD000727,PRD0039,1,951.13,951.13
HITM0002308,HORD000728,PRD0844,1,1595.23,1595.23
HITM0002309,HORD000728,PRD0253,2,1494.32,2988.64
HITM0002310,HORD000728,PRD0515,3,1139.31,3417.93
HITM0002311,HORD000729,PRD0675,1,98.97,98.97
HITM0002312,HORD000729,PRD0410,3,212.08,636.24
HITM0002313,HORD000729,PRD0791,1,2879.43,2879.43
HITM0002314,HORD000730,PRD0317,2,2234.93,4469.86
HITM0002315,HORD000730,PRD0211,1,2355.83,2355.83
HITM0002316,HORD000730,PRD0809,2,217.32,434.64
HITM0002317,HORD000730,PRD1000,1,120.72,120.72
HITM0002318,HORD000730,PRD0279,1,165.58,165.58
HITM0002319,HORD000731,PRD0038,1,758.26,758.26
HITM0002320,HORD000731,PRD0586,1,110.38,110.38
HITM0002321,HORD000731,PRD0909,1,167.36,167.36
HITM0002322,HORD000731,PRD0135,1,1054.93,1054.93
HITM0002323,HORD000732,PRD0479,1,527.96,527.96
HITM0002324,HORD000732,PRD0220,2,144.35,288.7
HITM0002325,HORD000732,PRD0778,1,769.84,769.84
HITM0002326,HORD000732,PRD0468,2,523.04,1046.08
HITM0002327,HORD000733,PRD0328,1,490.58,490.58
HITM0002328,HORD000733,PRD0276,1,443.22,443.22
HITM0002329,HORD000733,PRD0618,3,421.89,1265.67
HITM0002330,HORD000733,PRD0213,2,1091.55,2183.1
HITM0002331,HORD000734,PRD0640,1,415.26,415.26
HITM0002332,HORD000734,PRD0652,1,1180.91,1180.91
HITM0002333,HORD000734,PRD0454,1,1098.4,1098.4
HITM0002334,HORD000734,PRD0094,1,627.77,627.77
HITM0002335,HORD000735,PRD0906,1,150.8,150.8
HITM0002336,HORD000735,PRD0071,1,1342.48,1342.48
HITM0002337,HORD000735,PRD0237,1,2383.14,2383.14
HITM0002338,HORD000736,PRD0773,1,1247.83,1247.83
HITM0002339,HORD000736,PRD0073,1,1270.32,1270.32
HITM0002340,HORD000737,PRD0033,1,884.6,884.6
HITM0002341,HORD000737,PRD0102,2,1075.3,2150.6
HITM0002342,HORD000737,PRD0414,1,1024.71,1024.71
HITM0002343,HORD000737,PRD0925,1,327.94,327.94
HITM0002344,HORD000737,PRD0349,1,1056.93,1056.93
HITM0002345,HORD000738,PRD0595,1,758.18,758.18
HITM0002346,HORD000738,PRD0316,1,640.98,640.98
HITM0002347,HORD000738,PRD0543,1,303.53,303.53
HITM0002348,HORD000739,PRD0190,1,274.29,274.29
HITM0002349,HORD000739,PRD0389,1,452.02,452.02
HITM0002350,HORD000740,PRD0480,1,379.33,379.33
HITM0002351,HORD000740,PRD0019,1,1020.41,1020.41
HITM0002352,HORD000741,PRD0776,1,143.41,143.41
HITM0002353,HORD000741,PRD0283,1,427.47,427.47
HITM0002354,HORD000741,PRD0666,1,703.13,703.13
HITM0002355,HORD000742,PRD0677,1,197.41,197.41
HITM0002356,HORD000742,PRD0197,2,179.71,359.42
HITM0002357,HORD000743,PRD0051,1,2153.52,2153.52
HITM0002358,HORD000743,PRD0526,1,84.58,84.58
HITM0002359,HORD000743,PRD0825,2,606.92,1213.84
HITM0002360,HORD000743,PRD0898,1,272.18,272.18
HITM0002361,HORD000744,PRD0428,2,844.51,1689.02
HITM0002362,HORD000744,PRD0045,1,124.62,124.62
HITM0002363,HORD000744,PRD0228,1,121.94,121.94
HITM0002364,HORD000744,PRD0914,2,1089.48,2178.96
HITM0002365,HORD000745,PRD0023,1,620.72,620.72
HITM0002366,HORD000745,PRD0573,1,281.0,281.0
HITM0002367,HORD000745,PRD0944,2,2849.2,5698.4
HITM0002368,HORD000746,PRD0857,2,998.5,1997.0
HITM0002369,HORD000746,PRD0588,1,828.34,828.34
HITM0002370,HORD000746,PRD0914,1,1089.48,1089.48
HITM0002371,HORD000747,PRD0749,1,529.95,529.95
HITM0002372,HORD000747,PRD0946,1,643.19,643.19
HITM0002373,HORD000748,PRD0748,1,147.02,147.02
HITM0002374,HORD000748,PRD0088,1,767.45,767.45
HITM0002375,HORD000748,PRD0541,1,3125.61,3125.61
HITM0002376,HORD000748,PRD0612,2,1688.14,3376.28
HITM0002377,HORD000749,PRD0545,1,219.94,219.94
HITM0002378,HORD000749,PRD0341,1,2657.98,2657.98
HITM0002379,HORD000749,PRD0460,2,250.7,501.4
HITM0002380,HORD000749,PRD0463,1,1498.56,1498.56
HITM0002381,HORD000750,PRD0685,3,963.7,2891.1
HITM0002382,HORD000751,PRD0231,1,1674.19,1674.19
HITM0002383,HORD000751,PRD0279,3,165.58,496.74
HITM0002384,HORD000751,PRD0898,1,272.18,272.18
HITM0002385,HORD000751,PRD0267,1,657.53,657.53
HITM0002386,HORD000752,PRD0840,1,48.65,48.65
HITM0002387,HORD000753,PRD0118,1,578.97,578.97
HITM0002388,HORD000753,PRD0366,1,356.03,356.03
HITM0002389,HORD000753,PRD0610,1,159.67,159.67
HITM0002390,HORD000754,PRD0807,1,1766.65,1766.65
HITM0002391,HORD000754,PRD0405,2,146.11,292.22
HITM0002392,HORD000754,PRD0967,3,530.38,1591.14
HITM0002393,HORD000754,PRD0421,1,2441.59,2441.59
HITM0002394,HORD000755,PRD0925,1,327.94,327.94
HITM0002395,HORD000755,PRD0128,1,237.78,237.78
HITM0002396,HORD000755,PRD0888,1,735.67,735.67
HITM0002397,HORD000755,PRD0630,1,399.15,399.15
HITM0002398,HORD000756,PRD0023,1,620.72,620.72
HITM0002399,HORD000757,PRD0224,1,3534.57,3534.57
HITM0002400,HORD000757,PRD0645,1,206.79,206.79
HITM0002401,HORD000757,PRD0136,1,360.6,360.6
HITM0002402,HORD000758,PRD0766,1,734.79,734.79
HITM0002403,HORD000758,PRD0187,1,1875.79,1875.79
HITM0002404,HORD000759,PRD0543,1,303.53,303.53
HITM0002405,HORD000759,PRD0334,1,2155.76,2155.76
HITM0002406,HORD000759,PRD0668,1,982.03,982.03
HITM0002407,HORD000760,PRD0300,1,305.18,305.18
HITM0002408,HORD000760,PRD0074,2,587.22,1174.44
HITM0002409,HORD000760,PRD0560,1,414.95,414.95
HITM0002410,HORD000760,PRD0336,3,657.61,1972.83
HITM0002411,HORD000760,PRD0645,1,206.79,206.79
HITM0002412,HORD000761,PRD0153,1,718.81,718.81
HITM0002413,HORD000761,PRD0795,1,1118.81,1118.81
HITM0002414,HORD000761,PRD0872,2,1383.23,2766.46
HITM0002415,HORD000761,PRD0963,1,464.21,464.21
HITM0002416,HORD000762,PRD0636,2,801.41,1602.82
HITM0002417,HORD000762,PRD0685,1,963.7,963.7
HITM0002418,HORD000762,PRD0660,2,15.31,30.62
HITM0002419,HORD000762,PRD0154,1,3096.85,3096.85
HITM0002420,HORD000763,PRD0882,2,404.51,809.02
HITM0002421,HORD000763,PRD0405,1,146.11,146.11
HITM0002422,HORD000763,PRD0985,2,602.55,1205.1
HITM0002423,HORD000763,PRD0852,2,465.95,931.9
HITM0002424,HORD000764,PRD0576,3,30.87,92.61
HITM0002425,HORD000764,PRD0851,1,3078.03,3078.03
HITM0002426,HORD000764,PRD0914,1,1089.48,1089.48
HITM0002427,HORD000765,PRD0692,1,488.18,488.18
HITM0002428,HORD000765,PRD0830,1,57.62,57.62
HITM0002429,HORD000765,PRD0419,1,1458.66,1458.66
HITM0002430,HORD000765,PRD0730,1,241.01,241.01
HITM0002431,HORD000766,PRD0427,1,1212.42,1212.42
HITM0002432,HORD000766,PRD0518,1,365.35,365.35
HITM0002433,HORD000766,PRD0328,2,490.58,981.16
HITM0002434,HORD000766,PRD0300,1,305.18,305.18
HITM0002435,HORD000766,PRD0017,2,1611.29,3222.58
HITM0002436,HORD000767,PRD0827,1,1290.81,1290.81
HITM0002437,HORD000767,PRD0528,1,386.06,386.06
HITM0002438,HORD000767,PRD0385,1,272.03,272.03
HITM0002439,HORD000767,PRD0763,1,485.63,485.63
HITM0002440,HORD000768,PRD0440,2,57.41,114.82
HITM0002441,HORD000768,PRD0780,1,94.47,94.47
HITM0002442,HORD000769,PRD0459,1,553.35,553.35
HITM0002443,HORD000769,PRD0185,2,884.92,1769.84
HITM0002444,HORD000769,PRD0935,2,41.85,83.7
HITM0002445,HORD000769,PRD0046,2,355.51,711.02
HITM0002446,HORD000770,PRD0576,1,30.87,30.87
HITM0002447,HORD000770,PRD0995,1,745.12,745.12
HITM0002448,HORD000770,PRD0726,1,479.51,479.51
HITM0002449,HORD000771,PRD0200,1,160.69,160.69
HITM0002450,HORD000771,PRD0440,1,57.41,57.41
HITM0002451,HORD000771,PRD0990,1,268.68,268.68
HITM0002452,HORD000772,PRD0251,1,2656.31,2656.31
HITM0002453,HORD000772,PRD0185,2,884.92,1769.84
HITM0002454,HORD000772,PRD0328,2,490.58,981.16
HITM0002455,HORD000773,PRD0598,1,825.04,825.04
HITM0002456,HORD000773,PRD0334,1,2155.76,2155.76
HITM0002457,HORD000773,PRD0724,1,2281.33,2281.33
HITM0002458,HORD000773,PRD0055,1,534.13,534.13
HITM0002459,HORD000773,PRD0082,1,1853.06,1853.06
HITM0002460,HORD000774,PRD0385,2,272.03,544.06
HITM0002461,HORD000774,PRD0020,2,254.09,508.18
HITM0002462,HORD000775,PRD0646,1,155.12,155.12
HITM0002463,HORD000775,PRD0305,1,260.29,260.29
HITM0002464,HORD000776,PRD0700,2,105.41,210.82
HITM0002465,HORD000776,PRD0277,1,1740.27,1740.27
HITM0002466,HORD000776,PRD0821,1,1235.41,1235.41
HITM0002467,HORD000777,PRD0305,1,260.29,260.29
HITM0002468,HORD000777,PRD0800,1,274.87,274.87
HITM0002469,HORD000777,PRD0381,1,2583.59,2583.59
HITM0002470,HORD000777,PRD0563,1,530.17,530.17
HITM0002471,HORD000777,PRD0873,1,343.79,343.79
HITM0002472,HORD000778,PRD0276,1,443.22,443.22
HITM0002473,HORD000778,PRD0795,1,1118.81,1118.81
HITM0002474,HORD000778,PRD0270,1,381.87,381.87
HITM0002475,HORD000778,PRD0929,1,897.78,897.78
HITM0002476,HORD000779,PRD0586,1,110.38,110.38
HITM0002477,HORD000779,PRD0106,1,40.68,40.68
HITM0002478,HORD000779,PRD0099,2,245.95,491.9
HITM0002479,HORD000779,PRD0529,1,915.61,915.61
HITM0002480,HORD000780,PRD0606,1,556.12,556.12
HITM0002481,HORD000780,PRD0924,2,1071.28,2142.56
HITM0002482,HORD000781,PRD0513,1,532.33,532.33
HITM0002483,HORD000781,PRD0583,1,1333.03,1333.03
HITM0002484,HORD000781,PRD0268,1,395.01,395.01
HITM0002485,HORD000782,PRD0641,3,1601.27,4803.81
HITM0002486,HORD000782,PRD0035,1,215.11,215.11
HITM0002487,HORD000782,PRD0159,1,1223.4,1223.4
HITM0002488,HORD000782,PRD0106,1,40.68,40.68
HITM0002489,HORD000783,PRD0050,1,56.24,56.24
HITM0002490,HORD000783,PRD0967,1,530.38,530.38
HITM0002491,HORD000783,PRD0233,1,804.27,804.27
HITM0002492,HORD000784,PRD0038,1,758.26,758.26
HITM0002493,HORD000784,PRD0777,3,666.99,2000.97
HITM0002494,HORD000784,PRD0796,1,214.68,214.68
HITM0002495,HORD000784,PRD0950,1,71.67,71.67
HITM0002496,HORD000785,PRD0757,3,1258.09,3774.27
HITM0002497,HORD000785,PRD0118,2,578.97,1157.94
HITM0002498,HORD000785,PRD0318,1,930.52,930.52
HITM0002499,HORD000785,PRD0450,2,210.74,421.48
HITM0002500,HORD000786,PRD0233,1,804.27,804.27
HITM0002501,HORD000786,PRD0276,1,443.22,443.22
HITM0002502,HORD000786,PRD0325,2,926.64,1853.28
HITM0002503,HORD000786,PRD0497,2,2082.0,4164.0
HITM0002504,HORD000786,PRD0547,1,2316.63,2316.63
HITM0002505,HORD000787,PRD0762,1,1038.24,1038.24
HITM0002506,HORD000787,PRD0526,2,84.58,169.16
HITM0002507,HORD000787,PRD0936,1,214.36,214.36
HITM0002508,HORD000787,PRD0996,1,643.77,643.77
HITM0002509,HORD000787,PRD0754,1,2331.9,2331.9
HITM0002510,HORD000788,PRD0579,1,1153.54,1153.54
HITM0002511,HORD000788,PRD0552,1,1741.06,1741.06
HITM0002512,HORD000788,PRD0047,1,425.59,425.59
HITM0002513,HORD000789,PRD0576,1,30.87,30.87
HITM0002514,HORD000789,PRD0681,1,963.93,963.93
HITM0002515,HORD000789,PRD0726,2,479.51,959.02
HITM0002516,HORD000789,PRD0675,2,98.97,197.94
HITM0002517,HORD000790,PRD0686,1,654.4,654.4
HITM0002518,HORD000790,PRD0552,1,1741.06,1741.06
HITM0002519,HORD000790,PRD0338,1,925.26,925.26
HITM0002520,HORD000791,PRD0969,1,748.26,748.26
HITM0002521,HORD000791,PRD0561,1,951.61,951.61
HITM0002522,HORD000791,PRD0460,1,250.7,250.7
HITM0002523,HORD000791,PRD0959,1,631.82,631.82
HITM0002524,HORD000792,PRD0786,1,400.03,400.03
HITM0002525,HORD000792,PRD0426,2,571.98,1143.96
HITM0002526,HORD000792,PRD0165,2,471.13,942.26
HITM0002527,HORD000792,PRD0324,3,632.08,1896.24
HITM0002528,HORD000792,PRD0416,1,420.25,420.25
HITM0002529,HORD000793,PRD0003,1,316.95,316.95
HITM0002530,HORD000794,PRD0825,1,606.92,606.92
HITM0002531,HORD000794,PRD0692,1,488.18,488.18
HITM0002532,HORD000794,PRD0484,2,1093.53,2187.06
HITM0002533,HORD000794,PRD0910,1,19.2,19.2
HITM0002534,HORD000795,PRD0652,1,1180.91,1180.91
HITM0002535,HORD000795,PRD0930,2,360.98,721.96
HITM0002536,HORD000796,PRD0533,1,367.95,367.95
HITM0002537,HORD000796,PRD0663,1,337.29,337.29
HITM0002538,HORD000797,PRD0253,1,1494.32,1494.32
HITM0002539,HORD000797,PRD0265,1,94.03,94.03
HITM0002540,HORD000798,PRD0153,1,718.81,718.81
HITM0002541,HORD000798,PRD0715,1,61.65,61.65
HITM0002542,HORD000798,PRD0600,2,198.56,397.12
HITM0002543,HORD000799,PRD0224,2,3534.57,7069.14
HITM0002544,HORD000799,PRD0876,2,61.28,122.56
HITM0002545,HORD000799,PRD0120,1,46.82,46.82
HITM0002546,HORD000799,PRD0955,2,56.91,113.82
HITM0002547,HORD000800,PRD0628,3,62.19,186.57
HITM0002548,HORD000800,PRD0494,1,1961.68,1961.68
HITM0002549,HORD000800,PRD0988,1,236.45,236.45
HITM0002550,HORD000800,PRD0690,1,30.42,30.42
HITM0002551,HORD000801,PRD0732,1,1280.4,1280.4
HITM0002552,HORD000801,PRD0758,1,282.47,282.47
HITM0002553,HORD000801,PRD0590,3,320.53,961.59
HITM0002554,HORD000802,PRD0073,1,1270.32,1270.32
HITM0002555,HORD000802,PRD1000,1,120.72,120.72
HITM0002556,HORD000802,PRD0458,2,960.04,1920.08
HITM0002557,HORD000802,PRD0219,2,227.25,454.5
HITM0002558,HORD000803,PRD0493,1,1091.53,1091.53
HITM0002559,HORD000803,PRD0335,2,439.66,879.32
HITM0002560,HORD000803,PRD0403,1,615.54,615.54
HITM0002561,HORD000803,PRD0583,1,1333.03,1333.03
HITM0002562,HORD000804,PRD0539,1,968.63,968.63
HITM0002563,HORD000804,PRD0984,2,1014.29,2028.58
HITM0002564,HORD000804,PRD0237,1,2383.14,2383.14
HITM0002565,HORD000804,PRD0543,1,303.53,303.53
HITM0002566,HORD000804,PRD0928,2,302.59,605.18
HITM0002567,HORD000805,PRD0538,1,986.28,986.28
HITM0002568,HORD000805,PRD0889,2,893.76,1787.52
HITM0002569,HORD000805,PRD0200,1,160.69,160.69
HITM0002570,HORD000805,PRD0363,1,554.22,554.22
HITM0002571,HORD000805,PRD0292,1,1683.43,1683.43
HITM0002572,HORD000806,PRD0706,1,173.61,173.61
HITM0002573,HORD000806,PRD0878,1,453.39,453.39
HITM0002574,HORD000807,PRD0734,1,3509.26,3509.26
HITM0002575,HORD000807,PRD0874,2,4174.45,8348.9
HITM0002576,HORD000807,PRD0518,1,365.35,365.35
HITM0002577,HORD000807,PRD0373,2,664.52,1329.04
HITM0002578,HORD000808,PRD0831,1,2373.29,2373.29
HITM0002579,HORD000808,PRD0448,2,974.99,1949.98
HITM0002580,HORD000808,PRD0306,2,487.14,974.28
HITM0002581,HORD000808,PRD0424,1,2256.09,2256.09
HITM0002582,HORD000809,PRD0236,1,131.33,131.33
HITM0002583,HORD000809,PRD0366,1,356.03,356.03
HITM0002584,HORD000809,PRD0059,1,748.03,748.03
HITM0002585,HORD000810,PRD0657,1,1527.29,1527.29
HITM0002586,HORD000810,PRD0798,1,647.08,647.08
HITM0002587,HORD000811,PRD0383,1,1128.0,1128.0
HITM0002588,HORD000812,PRD0298,1,724.89,724.89
HITM0002589,HORD000812,PRD0832,1,1257.86,1257.86
HITM0002590,HORD000812,PRD0956,1,86.17,86.17
HITM0002591,HORD000812,PRD0031,2,2841.2,5682.4
HITM0002592,HORD000813,PRD0252,1,457.51,457.51
HITM0002593,HORD000813,PRD0080,1,15.23,15.23
HITM0002594,HORD000814,PRD0058,1,137.85,137.85
HITM0002595,HORD000815,PRD0950,1,71.67,71.67
HITM0002596,HORD000815,PRD0395,2,366.66,733.32
HITM0002597,HORD000815,PRD0909,1,167.36,167.36
HITM0002598,HORD000815,PRD0447,1,388.49,388.49
HITM0002599,HORD000816,PRD0228,1,121.94,121.94
HITM0002600,HORD000816,PRD0132,1,1616.97,1616.97
HITM0002601,HORD000817,PRD0072,1,713.12,713.12
HITM0002602,HORD000817,PRD0045,1,124.62,124.62
HITM0002603,HORD000817,PRD0615,2,965.84,1931.68
HITM0002604,HORD000817,PRD0187,1,1875.79,1875.79
HITM0002605,HORD000818,PRD0565,1,294.27,294.27
HITM0002606,HORD000818,PRD0604,1,3124.49,3124.49
HITM0002607,HORD000818,PRD0663,1,337.29,337.29
HITM0002608,HORD000818,PRD0319,1,882.45,882.45
HITM0002609,HORD000819,PRD0326,1,62.48,62.48
HITM0002610,HORD000819,PRD0964,1,449.57,449.57
HITM0002611,HORD000820,PRD0048,2,176.51,353.02
HITM0002612,HORD000820,PRD0228,1,121.94,121.94
HITM0002613,HORD000820,PRD0975,1,1104.47,1104.47
HITM0002614,HORD000821,PRD0830,1,57.62,57.62
HITM0002615,HORD000821,PRD0872,1,1383.23,1383.23
HITM0002616,HORD000822,PRD0565,1,294.27,294.27
HITM0002617,HORD000822,PRD0040,1,239.17,239.17
HITM0002618,HORD000822,PRD0501,1,2831.58,2831.58
HITM0002619,HORD000822,PRD0696,2,137.51,275.02
HITM0002620,HORD000823,PRD0088,1,767.45,767.45
HITM0002621,HORD000823,PRD0359,2,597.95,1195.9
HITM0002622,HORD000823,PRD0409,1,178.56,178.56
HITM0002623,HORD000823,PRD0536,1,274.78,274.78
HITM0002624,HORD000824,PRD0489,2,1207.96,2415.92
HITM0002625,HORD000824,PRD0043,1,1487.36,1487.36
HITM0002626,HORD000824,PRD0233,1,804.27,804.27
HITM0002627,HORD000824,PRD0576,1,30.87,30.87
HITM0002628,HORD000824,PRD0660,1,15.31,15.31
HITM0002629,HORD000825,PRD0384,1,2615.99,2615.99
HITM0002630,HORD000825,PRD0410,1,212.08,212.08
HITM0002631,HORD000826,PRD0113,2,418.73,837.46
HITM0002632,HORD000826,PRD0519,2,1464.8,2929.6
HITM0002633,HORD000826,PRD0456,1,111.78,111.78
HITM0002634,HORD000827,PRD0137,1,1138.46,1138.46
HITM0002635,HORD000827,PRD0481,1,2924.28,2924.28
HITM0002636,HORD000828,PRD0609,1,510.8,510.8
HITM0002637,HORD000828,PRD0787,1,527.32,527.32
HITM0002638,HORD000829,PRD0790,1,110.86,110.86
HITM0002639,HORD000829,PRD0305,1,260.29,260.29
HITM0002640,HORD000829,PRD0882,1,404.51,404.51
HITM0002641,HORD000830,PRD0165,1,471.13,471.13
HITM0002642,HORD000830,PRD0235,1,452.44,452.44
HITM0002643,HORD000830,PRD0369,1,123.0,123.0
HITM0002644,HORD000831,PRD0434,1,388.26,388.26
HITM0002645,HORD000831,PRD0153,2,718.81,1437.62
HITM0002646,HORD000832,PRD0806,1,351.54,351.54
HITM0002647,HORD000832,PRD0385,1,272.03,272.03
HITM0002648,HORD000832,PRD0468,1,523.04,523.04
HITM0002649,HORD000833,PRD0391,1,1914.32,1914.32
HITM0002650,HORD000833,PRD0299,2,1325.19,2650.38
HITM0002651,HORD000833,PRD0074,1,587.22,587.22
HITM0002652,HORD000833,PRD0532,1,1430.86,1430.86
HITM0002653,HORD000834,PRD0087,2,164.58,329.16
HITM0002654,HORD000834,PRD0457,1,1014.79,1014.79
HITM0002655,HORD000834,PRD0178,1,184.26,184.26
HITM0002656,HORD000835,PRD0647,1,818.2,818.2
HITM0002657,HORD000835,PRD0367,2,179.97,359.94
HITM0002658,HORD000835,PRD0705,1,200.18,200.18
HITM0002659,HORD000836,PRD0424,1,2256.09,2256.09
HITM0002660,HORD000836,PRD0823,2,631.56,1263.12
HITM0002661,HORD000836,PRD0636,1,801.41,801.41
HITM0002662,HORD000836,PRD0874,1,4174.45,4174.45
HITM0002663,HORD000836,PRD0048,1,176.51,176.51
HITM0002664,HORD000837,PRD0304,1,966.94,966.94
HITM0002665,HORD000837,PRD0508,1,652.45,652.45
HITM0002666,HORD000837,PRD0312,1,1449.43,1449.43
HITM0002667,HORD000837,PRD0720,1,313.84,313.84
HITM0002668,HORD000838,PRD0662,1,808.63,808.63
HITM0002669,HORD000838,PRD0490,1,337.69,337.69
HITM0002670,HORD000838,PRD0965,1,1142.59,1142.59
HITM0002671,HORD000839,PRD0545,1,219.94,219.94
HITM0002672,HORD000840,PRD0956,1,86.17,86.17
HITM0002673,HORD000840,PRD0544,1,975.01,975.01
HITM0002674,HORD000840,PRD0645,1,206.79,206.79
HITM0002675,HORD000841,PRD0596,1,846.46,846.46
HITM0002676,HORD000841,PRD0429,1,1195.52,1195.52
HITM0002677,HORD000841,PRD0620,1,220.61,220.61
HITM0002678,HORD000842,PRD0647,1,818.2,818.2
HITM0002679,HORD000842,PRD0387,1,2307.58,2307.58
HITM0002680,HORD000842,PRD0115,1,678.71,678.71
HITM0002681,HORD000842,PRD0596,1,846.46,846.46
HITM0002682,HORD000843,PRD0677,1,197.41,197.41
HITM0002683,HORD000843,PRD0705,1,200.18,200.18
HITM0002684,HORD000844,PRD0798,2,647.08,1294.16
HITM0002685,HORD000844,PRD0787,2,527.32,1054.64
HITM0002686,HORD000844,PRD0754,1,2331.9,2331.9
HITM0002687,HORD000844,PRD0536,1,274.78,274.78
HITM0002688,HORD000844,PRD0125,1,517.12,517.12
HITM0002689,HORD000845,PRD0449,2,483.76,967.52
HITM0002690,HORD000845,PRD0228,1,121.94,121.94
HITM0002691,HORD000845,PRD0902,1,339.25,339.25
HITM0002692,HORD000846,PRD0823,3,631.56,1894.68
HITM0002693,HORD000846,PRD0146,2,508.56,1017.12
HITM0002694,HORD000846,PRD0525,2,589.06,1178.12
HITM0002695,HORD000846,PRD0930,1,360.98,360.98
HITM0002696,HORD000847,PRD0173,1,1519.14,1519.14
HITM0002697,HORD000847,PRD0361,1,1242.28,1242.28
HITM0002698,HORD000847,PRD0513,1,532.33,532.33
HITM0002699,HORD000848,PRD0487,1,136.07,136.07
HITM0002700,HORD000848,PRD0209,1,767.93,767.93
HITM0002701,HORD000848,PRD0527,1,2076.11,2076.11
HITM0002702,HORD000849,PRD0952,3,550.92,1652.76
HITM0002703,HORD000849,PRD0197,1,179.71,179.71
HITM0002704,HORD000849,PRD0710,1,221.52,221.52
HITM0002705,HORD000850,PRD0814,1,1407.66,1407.66
HITM0002706,HORD000850,PRD0520,1,298.12,298.12
HITM0002707,HORD000850,PRD0238,2,814.82,1629.64
HITM0002708,HORD000850,PRD0315,1,197.15,197.15
HITM0002709,HORD000851,PRD0715,1,61.65,61.65
HITM0002710,HORD000851,PRD0514,2,1035.93,2071.86
HITM0002711,HORD000851,PRD0746,1,683.7,683.7
HITM0002712,HORD000852,PRD0660,2,15.31,30.62
HITM0002713,HORD000853,PRD0319,1,882.45,882.45
HITM0002714,HORD000853,PRD0406,1,403.51,403.51
HITM0002715,HORD000853,PRD0988,3,236.45,709.35
HITM0002716,HORD000853,PRD0076,1,729.89,729.89
HITM0002717,HORD000854,PRD0117,1,684.24,684.24
HITM0002718,HORD000855,PRD0716,1,197.99,197.99
HITM0002719,HORD000855,PRD0237,2,2383.14,4766.28
HITM0002720,HORD000855,PRD0055,1,534.13,534.13
HITM0002721,HORD000856,PRD0315,1,197.15,197.15
HITM0002722,HORD000856,PRD0883,1,1440.86,1440.86
HITM0002723,HORD000856,PRD0004,1,468.81,468.81
HITM0002724,HORD000857,PRD0485,2,178.75,357.5
HITM0002725,HORD000857,PRD0879,1,1214.72,1214.72
HITM0002726,HORD000857,PRD0023,1,620.72,620.72
HITM0002727,HORD000857,PRD0576,2,30.87,61.74
HITM0002728,HORD000858,PRD0148,1,457.28,457.28
HITM0002729,HORD000858,PRD0512,3,1057.04,3171.12
HITM0002730,HORD000858,PRD0373,1,664.52,664.52
HITM0002731,HORD000858,PRD0047,2,425.59,851.18
HITM0002732,HORD000859,PRD0965,1,1142.59,1142.59
HITM0002733,HORD000860,PRD0697,1,2301.55,2301.55
HITM0002734,HORD000860,PRD0521,2,2581.65,5163.3
HITM0002735,HORD000860,PRD0467,3,1381.47,4144.41
HITM0002736,HORD000861,PRD0861,1,1625.97,1625.97
HITM0002737,HORD000861,PRD0570,1,394.68,394.68
HITM0002738,HORD000861,PRD0048,1,176.51,176.51
HITM0002739,HORD000862,PRD0452,1,1619.46,1619.46
HITM0002740,HORD000862,PRD0175,1,883.13,883.13
HITM0002741,HORD000862,PRD0788,1,319.54,319.54
HITM0002742,HORD000862,PRD0963,1,464.21,464.21
HITM0002743,HORD000863,PRD0487,1,136.07,136.07
HITM0002744,HORD000863,PRD0928,1,302.59,302.59
HITM0002745,HORD000863,PRD0379,1,722.92,722.92
HITM0002746,HORD000864,PRD0773,1,1247.83,1247.83
HITM0002747,HORD000864,PRD0115,1,678.71,678.71
HITM0002748,HORD000864,PRD0312,1,1449.43,1449.43
HITM0002749,HORD000865,PRD0669,1,603.87,603.87
HITM0002750,HORD000865,PRD0683,2,609.14,1218.28
HITM0002751,HORD000866,PRD0707,1,1182.83,1182.83
HITM0002752,HORD000866,PRD0560,1,414.95,414.95
HITM0002753,HORD000866,PRD0793,2,476.45,952.9
HITM0002754,HORD000867,PRD0110,1,110.2,110.2
HITM0002755,HORD000867,PRD0815,1,748.08,748.08
HITM0002756,HORD000867,PRD0580,1,180.48,180.48
HITM0002757,HORD000868,PRD0750,2,181.18,362.36
HITM0002758,HORD000868,PRD0409,1,178.56,178.56
HITM0002759,HORD000868,PRD0828,2,457.81,915.62
HITM0002760,HORD000869,PRD0867,1,500.96,500.96
HITM0002761,HORD000869,PRD0517,1,466.6,466.6
HITM0002762,HORD000869,PRD0173,1,1519.14,1519.14
HITM0002763,HORD000869,PRD0026,1,841.05,841.05
HITM0002764,HORD000870,PRD0011,3,1160.31,3480.93
HITM0002765,HORD000870,PRD0484,1,1093.53,1093.53
HITM0002766,HORD000870,PRD0746,1,683.7,683.7
HITM0002767,HORD000870,PRD0732,3,1280.4,3841.2
HITM0002768,HORD000871,PRD0668,3,982.03,2946.09
HITM0002769,HORD000871,PRD0788,1,319.54,319.54
HITM0002770,HORD000871,PRD0738,1,778.08,778.08
HITM0002771,HORD000872,PRD0209,1,767.93,767.93
HITM0002772,HORD000872,PRD0902,1,339.25,339.25
HITM0002773,HORD000872,PRD0342,1,771.91,771.91
HITM0002774,HORD000872,PRD0734,1,3509.26,3509.26
HITM0002775,HORD000873,PRD0425,2,615.94,1231.88
HITM0002776,HORD000874,PRD0595,1,758.18,758.18
HITM0002777,HORD000874,PRD0941,1,2724.82,2724.82
HITM0002778,HORD000874,PRD0821,2,1235.41,2470.82
HITM0002779,HORD000875,PRD0592,2,471.73,943.46
HITM0002780,HORD000875,PRD0530,1,210.45,210.45
HITM0002781,HORD000875,PRD0481,1,2924.28,2924.28
HITM0002782,HORD000875,PRD0402,1,335.07,335.07
HITM0002783,HORD000876,PRD0279,2,165.58,331.16
HITM0002784,HORD000876,PRD0744,1,2051.82,2051.82
HITM0002785,HORD000876,PRD0195,1,89.95,89.95
HITM0002786,HORD000877,PRD0390,3,391.31,1173.93
HITM0002787,HORD000877,PRD0315,1,197.15,197.15
HITM0002788,HORD000877,PRD0880,2,148.01,296.02
HITM0002789,HORD000877,PRD0005,1,503.71,503.71
HITM0002790,HORD000878,PRD0011,1,1160.31,1160.31
HITM0002791,HORD000879,PRD0728,1,649.9,649.9
HITM0002792,HORD000879,PRD0616,1,480.04,480.04
HITM0002793,HORD000879,PRD0255,1,718.45,718.45
HITM0002794,HORD000879,PRD0133,1,772.02,772.02
HITM0002795,HORD000879,PRD0916,3,110.26,330.78
HITM0002796,HORD000880,PRD0131,1,2047.43,2047.43
HITM0002797,HORD000880,PRD0774,1,3381.71,3381.71
HITM0002798,HORD000880,PRD0885,1,689.68,689.68
HITM0002799,HORD000881,PRD0826,1,402.15,402.15
HITM0002800,HORD000881,PRD0692,2,488.18,976.36
HITM0002801,HORD000881,PRD0369,1,123.0,123.0
HITM0002802,HORD000882,PRD0083,1,1563.94,1563.94
HITM0002803,HORD000882,PRD0415,1,78.5,78.5
HITM0002804,HORD000882,PRD0172,2,642.62,1285.24
HITM0002805,HORD000882,PRD0835,1,982.79,982.79
HITM0002806,HORD000883,PRD0910,1,19.2,19.2
HITM0002807,HORD000883,PRD0485,1,178.75,178.75
HITM0002808,HORD000884,PRD0498,1,536.61,536.61
HITM0002809,HORD000884,PRD0046,1,355.51,355.51
HITM0002810,HORD000884,PRD0526,1,84.58,84.58
HITM0002811,HORD000884,PRD0414,1,1024.71,1024.71
HITM0002812,HORD000884,PRD0438,1,185.01,185.01
HITM0002813,HORD000885,PRD0101,1,1188.71,1188.71
HITM0002814,HORD000886,PRD0576,1,30.87,30.87
HITM0002815,HORD000887,PRD0778,1,769.84,769.84
HITM0002816,HORD000887,PRD0844,1,1595.23,1595.23
HITM0002817,HORD000887,PRD0908,1,826.2,826.2
HITM0002818,HORD000888,PRD0441,1,2838.69,2838.69
HITM0002819,HORD000888,PRD0975,1,1104.47,1104.47
HITM0002820,HORD000888,PRD0849,1,272.8,272.8
HITM0002821,HORD000889,PRD0429,2,1195.52,2391.04
HITM0002822,HORD000889,PRD0609,1,510.8,510.8
HITM0002823,HORD000889,PRD0303,1,1580.3,1580.3
HITM0002824,HORD000889,PRD0530,1,210.45,210.45
HITM0002825,HORD000890,PRD0440,2,57.41,114.82
HITM0002826,HORD000890,PRD0406,1,403.51,403.51
HITM0002827,HORD000891,PRD0611,1,1787.47,1787.47
HITM0002828,HORD000891,PRD0531,1,2292.33,2292.33
HITM0002829,HORD000891,PRD0301,1,1027.91,1027.91
HITM0002830,HORD000891,PRD0906,2,150.8,301.6
HITM0002831,HORD000892,PRD0716,2,197.99,395.98
HITM0002832,HORD000892,PRD0333,1,1274.3,1274.3
HITM0002833,HORD000892,PRD0698,1,445.24,445.24
HITM0002834,HORD000892,PRD0224,3,3534.57,10603.71
HITM0002835,HORD000893,PRD0243,1,1176.42,1176.42
HITM0002836,HORD000893,PRD0476,1,181.3,181.3
HITM0002837,HORD000893,PRD0344,1,2796.46,2796.46
HITM0002838,HORD000894,PRD0643,1,1556.87,1556.87
HITM0002839,HORD000894,PRD0524,2,3613.52,7227.04
HITM0002840,HORD000894,PRD0336,1,657.61,657.61
HITM0002841,HORD000894,PRD0330,1,222.78,222.78
HITM0002842,HORD000895,PRD0500,1,250.29,250.29
HITM0002843,HORD000896,PRD0326,1,62.48,62.48
HITM0002844,HORD000896,PRD0680,1,369.12,369.12
HITM0002845,HORD000896,PRD0968,1,409.17,409.17
HITM0002846,HORD000896,PRD0690,2,30.42,60.84
HITM0002847,HORD000897,PRD0114,1,2474.92,2474.92
HITM0002848,HORD000897,PRD0170,1,202.15,202.15
HITM0002849,HORD000897,PRD0888,1,735.67,735.67
HITM0002850,HORD000897,PRD0794,1,464.13,464.13
HITM0002851,HORD000898,PRD0222,1,1210.33,1210.33
HITM0002852,HORD000899,PRD0269,1,236.51,236.51
HITM0002853,HORD000899,PRD0645,1,206.79,206.79
HITM0002854,HORD000899,PRD0513,1,532.33,532.33
HITM0002855,HORD000899,PRD0833,1,941.26,941.26
HITM0002856,HORD000899,PRD0230,1,290.53,290.53
HITM0002857,HORD000900,PRD0965,1,1142.59,1142.59
HITM0002858,HORD000900,PRD0137,1,1138.46,1138.46
HITM0002859,HORD000900,PRD0126,1,273.65,273.65
HITM0002860,HORD000901,PRD0405,1,146.11,146.11
HITM0002861,HORD000901,PRD0421,3,2441.59,7324.77
HITM0002862,HORD000901,PRD0506,1,760.73,760.73
HITM0002863,HORD000901,PRD0029,1,476.78,476.78
HITM0002864,HORD000902,PRD0488,1,658.75,658.75
HITM0002865,HORD000902,PRD0314,1,1867.88,1867.88
HITM0002866,HORD000902,PRD0388,3,981.72,2945.16
HITM0002867,HORD000903,PRD0196,1,483.11,483.11
HITM0002868,HORD000903,PRD0756,2,238.54,477.08
HITM0002869,HORD000904,PRD0066,1,66.71,66.71
HITM0002870,HORD000904,PRD0631,3,2823.87,8471.61
HITM0002871,HORD000905,PRD0399,1,273.24,273.24
HITM0002872,HORD000905,PRD0755,1,417.76,417.76
HITM0002873,HORD000905,PRD0191,2,2181.41,4362.82
HITM0002874,HORD000906,PRD0083,1,1563.94,1563.94
HITM0002875,HORD000906,PRD0311,1,1369.17,1369.17
HITM0002876,HORD000906,PRD0146,1,508.56,508.56
HITM0002877,HORD000906,PRD0653,2,608.0,1216.0
HITM0002878,HORD000907,PRD0009,1,1213.1,1213.1
HITM0002879,HORD000907,PRD0073,1,1270.32,1270.32
HITM0002880,HORD000907,PRD0532,1,1430.86,1430.86
HITM0002881,HORD000908,PRD0479,1,527.96,527.96
HITM0002882,HORD000908,PRD0048,1,176.51,176.51
HITM0002883,HORD000909,PRD0236,1,131.33,131.33
HITM0002884,HORD000909,PRD0598,1,825.04,825.04
HITM0002885,HORD000909,PRD0942,2,500.96,1001.92
HITM0002886,HORD000909,PRD0090,1,223.82,223.82
HITM0002887,HORD000909,PRD0847,3,370.04,1110.12
HITM0002888,HORD000910,PRD0687,1,729.09,729.09
HITM0002889,HORD000910,PRD0503,1,946.68,946.68
HITM0002890,HORD000910,PRD0651,1,2713.88,2713.88
HITM0002891,HORD000911,PRD0573,1,281.0,281.0
HITM0002892,HORD000911,PRD0692,1,488.18,488.18
HITM0002893,HORD000911,PRD0797,2,850.77,1701.54
HITM0002894,HORD000912,PRD0770,2,144.73,289.46
HITM0002895,HORD000912,PRD0218,2,637.83,1275.66
HITM0002896,HORD000912,PRD0745,1,882.2,882.2
HITM0002897,HORD000912,PRD0078,2,1051.69,2103.38
HITM0002898,HORD000913,PRD0195,1,89.95,89.95
HITM0002899,HORD000913,PRD0909,1,167.36,167.36
HITM0002900,HORD000913,PRD0127,2,415.41,830.82
HITM0002901,HORD000913,PRD0972,1,690.82,690.82
HITM0002902,HORD000913,PRD0804,1,2829.97,2829.97
HITM0002903,HORD000914,PRD0720,1,313.84,313.84
HITM0002904,HORD000914,PRD0312,2,1449.43,2898.86
HITM0002905,HORD000914,PRD0827,1,1290.81,1290.81
HITM0002906,HORD000915,PRD0465,1,276.29,276.29
HITM0002907,HORD000915,PRD0316,1,640.98,640.98
HITM0002908,HORD000915,PRD0544,1,975.01,975.01
HITM0002909,HORD000915,PRD0618,1,421.89,421.89
HITM0002910,HORD000916,PRD0814,2,1407.66,2815.32
HITM0002911,HORD000916,PRD0460,1,250.7,250.7
HITM0002912,HORD000916,PRD0246,2,674.8,1349.6
HITM0002913,HORD000917,PRD0682,1,1238.87,1238.87
HITM0002914,HORD000917,PRD0909,1,167.36,167.36
HITM0002915,HORD000917,PRD0095,1,697.69,697.69
HITM0002916,HORD000918,PRD0146,1,508.56,508.56
HITM0002917,HORD000918,PRD0192,1,796.68,796.68
HITM0002918,HORD000918,PRD0058,1,137.85,137.85
HITM0002919,HORD000919,PRD0484,1,1093.53,1093.53
HITM0002920,HORD000919,PRD0157,2,1654.35,3308.7
HITM0002921,HORD000919,PRD0559,1,1357.1,1357.1
HITM0002922,HORD000919,PRD0578,1,718.33,718.33
HITM0002923,HORD000920,PRD0902,1,339.25,339.25
HITM0002924,HORD000920,PRD0120,2,46.82,93.64
HITM0002925,HORD000921,PRD0058,1,137.85,137.85
HITM0002926,HORD000921,PRD0868,2,956.14,1912.28
HITM0002927,HORD000922,PRD0164,1,1650.2,1650.2
HITM0002928,HORD000922,PRD0099,3,245.95,737.85
HITM0002929,HORD000922,PRD0228,1,121.94,121.94
HITM0002930,HORD000922,PRD0488,1,658.75,658.75
HITM0002931,HORD000922,PRD0910,1,19.2,19.2
HITM0002932,HORD000923,PRD0305,1,260.29,260.29
HITM0002933,HORD000923,PRD0008,1,146.16,146.16
HITM0002934,HORD000923,PRD0006,1,319.31,319.31
HITM0002935,HORD000923,PRD0713,2,1024.63,2049.26
HITM0002936,HORD000924,PRD0322,1,1333.07,1333.07
HITM0002937,HORD000924,PRD0593,1,703.89,703.89
HITM0002938,HORD000924,PRD0796,2,214.68,429.36
HITM0002939,HORD000924,PRD0907,1,1941.5,1941.5
HITM0002940,HORD000925,PRD0810,1,325.73,325.73
HITM0002941,HORD000925,PRD0920,1,393.44,393.44
HITM0002942,HORD000925,PRD0150,1,338.38,338.38
HITM0002943,HORD000925,PRD0847,1,370.04,370.04
HITM0002944,HORD000926,PRD0941,2,2724.82,5449.64
HITM0002945,HORD000926,PRD0333,1,1274.3,1274.3
HITM0002946,HORD000926,PRD0087,1,164.58,164.58
HITM0002947,HORD000926,PRD0829,1,964.04,964.04
HITM0002948,HORD000927,PRD0315,1,197.15,197.15
HITM0002949,HORD000927,PRD0400,1,158.67,158.67
HITM0002950,HORD000928,PRD0067,1,1666.09,1666.09
HITM0002951,HORD000928,PRD0272,1,830.69,830.69
HITM0002952,HORD000928,PRD0523,1,462.11,462.11
HITM0002953,HORD000928,PRD0880,1,148.01,148.01
HITM0002954,HORD000929,PRD0560,2,414.95,829.9
HITM0002955,HORD000929,PRD0706,2,173.61,347.22
HITM0002956,HORD000929,PRD0738,1,778.08,778.08
HITM0002957,HORD000930,PRD0748,1,147.02,147.02
HITM0002958,HORD000931,PRD0224,2,3534.57,7069.14
HITM0002959,HORD000931,PRD0798,1,647.08,647.08
HITM0002960,HORD000932,PRD0793,1,476.45,476.45
HITM0002961,HORD000932,PRD0952,1,550.92,550.92
HITM0002962,HORD000932,PRD0618,1,421.89,421.89
HITM0002963,HORD000933,PRD0918,1,270.82,270.82
HITM0002964,HORD000933,PRD0398,2,567.86,1135.72
HITM0002965,HORD000933,PRD0347,1,2438.33,2438.33
HITM0002966,HORD000934,PRD0036,1,120.39,120.39
HITM0002967,HORD000934,PRD0156,1,402.17,402.17
HITM0002968,HORD000934,PRD0043,3,1487.36,4462.08
HITM0002969,HORD000935,PRD0585,1,81.84,81.84
HITM0002970,HORD000935,PRD0500,2,250.29,500.58
HITM0002971,HORD000935,PRD0687,2,729.09,1458.18
HITM0002972,HORD000936,PRD0736,2,828.82,1657.64
HITM0002973,HORD000936,PRD0681,1,963.93,963.93
HITM0002974,HORD000937,PRD0707,2,1182.83,2365.66
HITM0002975,HORD000937,PRD0738,1,778.08,778.08
HITM0002976,HORD000937,PRD0446,1,132.64,132.64
HITM0002977,HORD000937,PRD0243,1,1176.42,1176.42
HITM0002978,HORD000937,PRD0998,1,819.98,819.98
HITM0002979,HORD000938,PRD0568,1,237.73,237.73
HITM0002980,HORD000938,PRD0430,2,126.46,252.92
HITM0002981,HORD000938,PRD0366,1,356.03,356.03
HITM0002982,HORD000939,PRD0187,1,1875.79,1875.79
HITM0002983,HORD000939,PRD0749,1,529.95,529.95
HITM0002984,HORD000940,PRD0248,1,451.1,451.1
HITM0002985,HORD000940,PRD0647,1,818.2,818.2
HITM0002986,HORD000940,PRD0494,1,1961.68,1961.68
HITM0002987,HORD000941,PRD0373,1,664.52,664.52
HITM0002988,HORD000941,PRD0822,1,1374.65,1374.65
HITM0002989,HORD000941,PRD0440,1,57.41,57.41
HITM0002990,HORD000942,PRD0430,2,126.46,252.92
HITM0002991,HORD000942,PRD0503,1,946.68,946.68
HITM0002992,HORD000942,PRD0321,1,2525.88,2525.88
HITM0002993,HORD000943,PRD0500,2,250.29,500.58
HITM0002994,HORD000943,PRD0349,1,1056.93,1056.93
HITM0002995,HORD000943,PRD0567,1,1250.81,1250.81
HITM0002996,HORD000944,PRD0385,1,272.03,272.03
HITM0002997,HORD000944,PRD0042,2,1502.85,3005.7
HITM0002998,HORD000944,PRD0480,1,379.33,379.33
HITM0002999,HORD000944,PRD0329,1,320.22,320.22
HITM0003000,HORD000945,PRD0850,2,312.03,624.06
HITM0003001,HORD000945,PRD0275,2,928.24,1856.48
HITM0003002,HORD000945,PRD0159,1,1223.4,1223.4
HITM0003003,HORD000946,PRD0186,1,280.16,280.16
HITM0003004,HORD000946,PRD0540,1,369.8,369.8
HITM0003005,HORD000946,PRD0428,1,844.51,844.51
HITM0003006,HORD000946,PRD0290,1,151.92,151.92
HITM0003007,HORD000947,PRD0202,1,1282.0,1282.0
HITM0003008,HORD000947,PRD0611,1,1787.47,1787.47
HITM0003009,HORD000947,PRD0567,1,1250.81,1250.81
HITM0003010,HORD000947,PRD0280,1,149.57,149.57
HITM0003011,HORD000948,PRD0230,1,290.53,290.53
HITM0003012,HORD000948,PRD0454,1,1098.4,1098.4
HITM0003013,HORD000948,PRD0151,1,3024.81,3024.81
HITM0003014,HORD000948,PRD0933,1,1394.64,1394.64
HITM0003015,HORD000949,PRD0529,2,915.61,1831.22
HITM0003016,HORD000949,PRD0256,1,297.13,297.13
HITM0003017,HORD000949,PRD0494,1,1961.68,1961.68
HITM0003018,HORD000949,PRD0647,2,818.2,1636.4
HITM0003019,HORD000950,PRD0671,2,1480.66,2961.32
HITM0003020,HORD000950,PRD0314,1,1867.88,1867.88
HITM0003021,HORD000950,PRD0050,1,56.24,56.24
HITM0003022,HORD000950,PRD0534,1,3831.9,3831.9
HITM0003023,HORD000951,PRD0769,1,333.15,333.15
HITM0003024,HORD000951,PRD0686,1,654.4,654.4
HITM0003025,HORD000951,PRD0906,1,150.8,150.8
HITM0003026,HORD000951,PRD0010,1,386.41,386.41
HITM0003027,HORD000952,PRD0400,1,158.67,158.67
HITM0003028,HORD000952,PRD0466,1,520.19,520.19
HITM0003029,HORD000952,PRD0280,2,149.57,299.14
HITM0003030,HORD000953,PRD0431,3,1519.4,4558.2
HITM0003031,HORD000953,PRD0286,1,159.28,159.28
HITM0003032,HORD000953,PRD0472,1,658.25,658.25
HITM0003033,HORD000953,PRD0629,1,925.23,925.23
HITM0003034,HORD000954,PRD0309,1,1023.7,1023.7
HITM0003035,HORD000954,PRD0580,3,180.48,541.44
HITM0003036,HORD000954,PRD0754,1,2331.9,2331.9
HITM0003037,HORD000954,PRD0975,1,1104.47,1104.47
HITM0003038,HORD000955,PRD0488,3,658.75,1976.25
HITM0003039,HORD000955,PRD0920,1,393.44,393.44
HITM0003040,HORD000956,PRD0429,1,1195.52,1195.52
HITM0003041,HORD000956,PRD0957,1,1732.9,1732.9
HITM0003042,HORD000957,PRD0193,1,596.94,596.94
HITM0003043,HORD000957,PRD0136,1,360.6,360.6
HITM0003044,HORD000958,PRD0942,2,500.96,1001.92
HITM0003045,HORD000958,PRD0513,1,532.33,532.33
HITM0003046,HORD000958,PRD0630,1,399.15,399.15
HITM0003047,HORD000959,PRD0650,1,233.76,233.76
HITM0003048,HORD000959,PRD0446,1,132.64,132.64
HITM0003049,HORD000959,PRD0529,1,915.61,915.61
HITM0003050,HORD000959,PRD0712,1,1402.88,1402.88
HITM0003051,HORD000960,PRD0954,1,848.21,848.21
HITM0003052,HORD000960,PRD0809,1,217.32,217.32
HITM0003053,HORD000960,PRD0496,1,223.21,223.21
HITM0003054,HORD000961,PRD0580,1,180.48,180.48
HITM0003055,HORD000961,PRD0345,1,437.36,437.36
HITM0003056,HORD000961,PRD0152,3,575.19,1725.57
HITM0003057,HORD000962,PRD0089,1,1041.14,1041.14
HITM0003058,HORD000962,PRD0313,2,1109.77,2219.54
HITM0003059,HORD000962,PRD0868,1,956.14,956.14
HITM0003060,HORD000962,PRD0750,2,181.18,362.36
HITM0003061,HORD000963,PRD0475,1,1049.43,1049.43
HITM0003062,HORD000963,PRD0958,3,997.87,2993.61
HITM0003063,HORD000963,PRD0955,1,56.91,56.91
HITM0003064,HORD000964,PRD0438,1,185.01,185.01
HITM0003065,HORD000964,PRD0111,2,2227.8,4455.6
HITM0003066,HORD000964,PRD0829,1,964.04,964.04
HITM0003067,HORD000964,PRD0934,1,4104.95,4104.95
HITM0003068,HORD000965,PRD0512,1,1057.04,1057.04
HITM0003069,HORD000965,PRD0333,1,1274.3,1274.3
HITM0003070,HORD000965,PRD0383,1,1128.0,1128.0
HITM0003071,HORD000966,PRD0695,1,980.37,980.37
HITM0003072,HORD000966,PRD0768,1,1063.13,1063.13
HITM0003073,HORD000966,PRD0440,1,57.41,57.41
HITM0003074,HORD000967,PRD0330,1,222.78,222.78
HITM0003075,HORD000967,PRD0889,1,893.76,893.76
HITM0003076,HORD000967,PRD0208,2,425.89,851.78
HITM0003077,HORD000967,PRD0769,1,333.15,333.15
HITM0003078,HORD000968,PRD0273,2,697.23,1394.46
HITM0003079,HORD000968,PRD0358,1,1013.74,1013.74
HITM0003080,HORD000969,PRD0712,1,1402.88,1402.88
HITM0003081,HORD000969,PRD0540,3,369.8,1109.4
HITM0003082,HORD000969,PRD0913,1,570.08,570.08
HITM0003083,HORD000970,PRD0437,2,2082.66,4165.32
HITM0003084,HORD000970,PRD0336,1,657.61,657.61
HITM0003085,HORD000971,PRD0290,2,151.92,303.84
HITM0003086,HORD000971,PRD0852,1,465.95,465.95
HITM0003087,HORD000971,PRD0810,1,325.73,325.73
HITM0003088,HORD000971,PRD0200,1,160.69,160.69
HITM0003089,HORD000971,PRD0019,2,1020.41,2040.82
HITM0003090,HORD000972,PRD0373,1,664.52,664.52
HITM0003091,HORD000972,PRD0988,1,236.45,236.45
HITM0003092,HORD000972,PRD0995,1,745.12,745.12
HITM0003093,HORD000973,PRD0081,1,1506.97,1506.97
HITM0003094,HORD000973,PRD0470,1,116.53,116.53
HITM0003095,HORD000973,PRD0871,1,3102.51,3102.51
HITM0003096,HORD000973,PRD0349,2,1056.93,2113.86
HITM0003097,HORD000973,PRD0326,1,62.48,62.48
HITM0003098,HORD000974,PRD0500,2,250.29,500.58
HITM0003099,HORD000974,PRD0591,3,2122.13,6366.39
HITM0003100,HORD000974,PRD0502,2,1737.87,3475.74
HITM0003101,HORD000974,PRD0101,1,1188.71,1188.71
HITM0003102,HORD000974,PRD0367,2,179.97,359.94
HITM0003103,HORD000975,PRD0111,1,2227.8,2227.8
HITM0003104,HORD000975,PRD0276,1,443.22,443.22
HITM0003105,HORD000975,PRD0011,2,1160.31,2320.62
HITM0003106,HORD000975,PRD0914,1,1089.48,1089.48
HITM0003107,HORD000976,PRD0600,1,198.56,198.56
HITM0003108,HORD000976,PRD0039,1,951.13,951.13
HITM0003109,HORD000976,PRD0437,1,2082.66,2082.66
HITM0003110,HORD000977,PRD0106,1,40.68,40.68
HITM0003111,HORD000977,PRD0775,1,545.51,545.51
HITM0003112,HORD000978,PRD0759,1,1012.36,1012.36
HITM0003113,HORD000979,PRD0300,1,305.18,305.18
HITM0003114,HORD000979,PRD0355,1,412.17,412.17
HITM0003115,HORD000979,PRD0195,1,89.95,89.95
HITM0003116,HORD000980,PRD0980,1,286.55,286.55
HITM0003117,HORD000980,PRD0360,1,362.06,362.06
HITM0003118,HORD000980,PRD0763,1,485.63,485.63
HITM0003119,HORD000981,PRD0483,1,998.58,998.58
HITM0003120,HORD000981,PRD0540,1,369.8,369.8
HITM0003121,HORD000981,PRD0636,1,801.41,801.41
HITM0003122,HORD000981,PRD0500,1,250.29,250.29
HITM0003123,HORD000982,PRD0998,1,819.98,819.98
HITM0003124,HORD000982,PRD0756,1,238.54,238.54
HITM0003125,HORD000983,PRD0189,1,325.61,325.61
HITM0003126,HORD000983,PRD0702,1,1587.86,1587.86
HITM0003127,HORD000983,PRD0559,2,1357.1,2714.2
HITM0003128,HORD000983,PRD0084,1,1560.4,1560.4
HITM0003129,HORD000983,PRD0622,1,678.69,678.69
HITM0003130,HORD000984,PRD0408,1,1038.75,1038.75
HITM0003131,HORD000984,PRD0447,2,388.49,776.98
HITM0003132,HORD000984,PRD0956,2,86.17,172.34
HITM0003133,HORD000984,PRD0658,1,471.69,471.69
HITM0003134,HORD000985,PRD0530,2,210.45,420.9
HITM0003135,HORD000985,PRD0504,1,3043.58,3043.58
HITM0003136,HORD000985,PRD0660,1,15.31,15.31
HITM0003137,HORD000985,PRD0034,1,797.09,797.09
HITM0003138,HORD000986,PRD0120,1,46.82,46.82
HITM0003139,HORD000986,PRD0693,1,1149.55,1149.55
HITM0003140,HORD000986,PRD0879,1,1214.72,1214.72
HITM0003141,HORD000986,PRD0359,1,597.95,597.95
HITM0003142,HORD000987,PRD0050,1,56.24,56.24
HITM0003143,HORD000987,PRD0061,1,1070.18,1070.18
HITM0003144,HORD000987,PRD0634,1,2121.75,2121.75
HITM0003145,HORD000988,PRD0849,1,272.8,272.8
HITM0003146,HORD000988,PRD0810,1,325.73,325.73
HITM0003147,HORD000988,PRD0757,1,1258.09,1258.09
HITM0003148,HORD000988,PRD0631,1,2823.87,2823.87
HITM0003149,HORD000989,PRD0213,1,1091.55,1091.55
HITM0003150,HORD000989,PRD0815,2,748.08,1496.16
HITM0003151,HORD000989,PRD0903,1,805.15,805.15
HITM0003152,HORD000990,PRD0119,1,871.39,871.39
HITM0003153,HORD000990,PRD0044,1,2873.82,2873.82
HITM0003154,HORD000991,PRD0438,1,185.01,185.01
HITM0003155,HORD000991,PRD0030,1,360.75,360.75
HITM0003156,HORD000991,PRD0992,2,1671.9,3343.8
HITM0003157,HORD000992,PRD0949,1,541.69,541.69
HITM0003158,HORD000992,PRD0298,1,724.89,724.89
HITM0003159,HORD000992,PRD0889,3,893.76,2681.28
HITM0003160,HORD000993,PRD0500,2,250.29,500.58
HITM0003161,HORD000993,PRD0310,1,83.71,83.71
HITM0003162,HORD000993,PRD0416,1,420.25,420.25
HITM0003163,HORD000993,PRD0378,2,472.12,944.24
HITM0003164,HORD000994,PRD0390,1,391.31,391.31
HITM0003165,HORD000994,PRD0536,1,274.78,274.78
HITM0003166,HORD000994,PRD0750,1,181.18,181.18
HITM0003167,HORD000994,PRD0789,1,776.9,776.9
HITM0003168,HORD000995,PRD0419,1,1458.66,1458.66
HITM0003169,HORD000996,PRD0696,1,137.51,137.51
HITM0003170,HORD000996,PRD0060,1,147.43,147.43
HITM0003171,HORD000996,PRD0970,2,403.08,806.16
HITM0003172,HORD000996,PRD0527,1,2076.11,2076.11
HITM0003173,HORD000997,PRD0707,1,1182.83,1182.83
HITM0003174,HORD000997,PRD0970,1,403.08,403.08
HITM0003175,HORD000997,PRD0438,1,185.01,185.01
HITM0003176,HORD000998,PRD0561,3,951.61,2854.83
HITM0003177,HORD000998,PRD0347,1,2438.33,2438.33
HITM0003178,HORD000998,PRD0551,1,2017.82,2017.82
HITM0003179,HORD000998,PRD0158,1,561.62,561.62
HITM0003180,HORD000999,PRD0693,1,1149.55,1149.55
HITM0003181,HORD000999,PRD0230,2,290.53,581.06
HITM0003182,HORD000999,PRD0066,1,66.71,66.71
HITM0003183,HORD001000,PRD0912,2,752.42,1504.84
HITM0003184,HORD001000,PRD0037,3,1207.21,3621.63
HITM0003185,HORD001000,PRD0327,2,1792.58,3585.16
HITM0003186,HORD001001,PRD0087,1,164.58,164.58
HITM0003187,HORD001001,PRD0256,1,297.13,297.13
HITM0003188,HORD001001,PRD0181,1,2410.31,2410.31
HITM0003189,HORD001002,PRD0228,1,121.94,121.94
HITM0003190,HORD001002,PRD0498,2,536.61,1073.22
HITM0003191,HORD001002,PRD0410,1,212.08,212.08
HITM0003192,HORD001003,PRD0125,1,517.12,517.12
HITM0003193,HORD001003,PRD0004,1,468.81,468.81
HITM0003194,HORD001003,PRD0047,1,425.59,425.59
HITM0003195,HORD001003,PRD0516,2,293.41,586.82
HITM0003196,HORD001004,PRD0837,1,471.38,471.38
HITM0003197,HORD001004,PRD0955,1,56.91,56.91
HITM0003198,HORD001004,PRD0704,1,3699.65,3699.65
HITM0003199,HORD001004,PRD0048,1,176.51,176.51
HITM0003200,HORD001004,PRD0018,2,953.09,1906.18
HITM0003201,HORD001005,PRD0507,1,2282.08,2282.08
HITM0003202,HORD001005,PRD0566,1,665.53,665.53
HITM0003203,HORD001005,PRD0330,1,222.78,222.78
HITM0003204,HORD001006,PRD0733,1,1586.43,1586.43
HITM0003205,HORD001006,PRD0582,1,1854.66,1854.66
HITM0003206,HORD001007,PRD0299,1,1325.19,1325.19
HITM0003207,HORD001007,PRD0948,2,583.21,1166.42
HITM0003208,HORD001007,PRD0437,2,2082.66,4165.32
HITM0003209,HORD001007,PRD0074,1,587.22,587.22
HITM0003210,HORD001008,PRD0648,1,469.36,469.36
HITM0003211,HORD001008,PRD0839,1,1311.55,1311.55
HITM0003212,HORD001008,PRD0802,1,593.98,593.98
HITM0003213,HORD001009,PRD0711,1,2949.82,2949.82
HITM0003214,HORD001009,PRD0808,1,566.96,566.96
HITM0003215,HORD001009,PRD0815,2,748.08,1496.16
HITM0003216,HORD001009,PRD0375,1,901.8,901.8
HITM0003217,HORD001010,PRD0576,1,30.87,30.87
HITM0003218,HORD001010,PRD0256,1,297.13,297.13
HITM0003219,HORD001010,PRD0384,1,2615.99,2615.99
HITM0003220,HORD001010,PRD0330,1,222.78,222.78
HITM0003221,HORD001010,PRD0470,2,116.53,233.06
HITM0003222,HORD001011,PRD0715,1,61.65,61.65
HITM0003223,HORD001011,PRD0436,1,525.13,525.13
HITM0003224,HORD001011,PRD0218,3,637.83,1913.49
HITM0003225,HORD001012,PRD0030,1,360.75,360.75
HITM0003226,HORD001012,PRD0100,2,206.02,412.04
HITM0003227,HORD001012,PRD0671,3,1480.66,4441.98
HITM0003228,HORD001012,PRD0883,2,1440.86,2881.72
HITM0003229,HORD001013,PRD0261,1,1185.43,1185.43
HITM0003230,HORD001013,PRD0232,2,1634.96,3269.92
HITM0003231,HORD001013,PRD0465,1,276.29,276.29
HITM0003232,HORD001014,PRD0618,1,421.89,421.89
HITM0003233,HORD001014,PRD0124,2,659.93,1319.86
HITM0003234,HORD001014,PRD0520,1,298.12,298.12
HITM0003235,HORD001014,PRD0220,1,144.35,144.35
HITM0003236,HORD001015,PRD0369,1,123.0,123.0
HITM0003237,HORD001015,PRD0409,2,178.56,357.12
HITM0003238,HORD001015,PRD0385,1,272.03,272.03
HITM0003239,HORD001016,PRD0898,1,272.18,272.18
HITM0003240,HORD001016,PRD0477,1,1488.86,1488.86
HITM0003241,HORD001016,PRD0337,1,2341.34,2341.34
HITM0003242,HORD001016,PRD0401,1,2421.46,2421.46
HITM0003243,HORD001017,PRD0726,2,479.51,959.02
HITM0003244,HORD001017,PRD0679,1,1370.51,1370.51
HITM0003245,HORD001017,PRD0696,1,137.51,137.51
HITM0003246,HORD001018,PRD0672,1,1330.59,1330.59
HITM0003247,HORD001018,PRD0736,1,828.82,828.82
HITM0003248,HORD001018,PRD0727,1,1874.18,1874.18
HITM0003249,HORD001018,PRD0405,1,146.11,146.11
HITM0003250,HORD001019,PRD0730,1,241.01,241.01
HITM0003251,HORD001019,PRD0056,2,485.36,970.72
HITM0003252,HORD001019,PRD0178,1,184.26,184.26
HITM0003253,HORD001020,PRD0085,2,477.42,954.84
HITM0003254,HORD001020,PRD0010,1,386.41,386.41
HITM0003255,HORD001021,PRD0499,1,253.73,253.73
HITM0003256,HORD001021,PRD0476,1,181.3,181.3
HITM0003257,HORD001021,PRD0068,1,331.71,331.71
HITM0003258,HORD001022,PRD0437,2,2082.66,4165.32
HITM0003259,HORD001022,PRD0375,1,901.8,901.8
HITM0003260,HORD001022,PRD0939,1,866.1,866.1
HITM0003261,HORD001022,PRD0578,1,718.33,718.33
HITM0003262,HORD001023,PRD0699,1,508.79,508.79
HITM0003263,HORD001023,PRD0704,1,3699.65,3699.65
HITM0003264,HORD001023,PRD0992,1,1671.9,1671.9
HITM0003265,HORD001024,PRD0984,2,1014.29,2028.58
HITM0003266,HORD001024,PRD0025,3,399.48,1198.44
HITM0003267,HORD001025,PRD0067,1,1666.09,1666.09
HITM0003268,HORD001025,PRD0893,1,739.92,739.92
HITM0003269,HORD001025,PRD0633,1,1190.36,1190.36
HITM0003270,HORD001025,PRD0809,1,217.32,217.32
HITM0003271,HORD001026,PRD0548,3,957.21,2871.63
HITM0003272,HORD001026,PRD0818,1,1065.11,1065.11
HITM0003273,HORD001026,PRD0720,1,313.84,313.84
HITM0003274,HORD001026,PRD0400,1,158.67,158.67
HITM0003275,HORD001027,PRD0964,1,449.57,449.57
HITM0003276,HORD001028,PRD0602,1,1093.07,1093.07
HITM0003277,HORD001028,PRD0732,1,1280.4,1280.4
HITM0003278,HORD001028,PRD0500,1,250.29,250.29
HITM0003279,HORD001029,PRD0949,1,541.69,541.69
HITM0003280,HORD001029,PRD0936,2,214.36,428.72
HITM0003281,HORD001029,PRD0876,1,61.28,61.28
HITM0003282,HORD001029,PRD0879,2,1214.72,2429.44
HITM0003283,HORD001030,PRD0542,1,1746.75,1746.75
HITM0003284,HORD001030,PRD0995,1,745.12,745.12
HITM0003285,HORD001031,PRD0219,1,227.25,227.25
HITM0003286,HORD001031,PRD0770,3,144.73,434.19
HITM0003287,HORD001032,PRD0745,1,882.2,882.2
HITM0003288,HORD001032,PRD0313,1,1109.77,1109.77
HITM0003289,HORD001032,PRD0415,1,78.5,78.5
HITM0003290,HORD001032,PRD0875,1,1168.64,1168.64
HITM0003291,HORD001033,PRD0145,2,564.49,1128.98
HITM0003292,HORD001033,PRD0540,3,369.8,1109.4
HITM0003293,HORD001034,PRD0342,2,771.91,1543.82
HITM0003294,HORD001034,PRD0035,1,215.11,215.11
HITM0003295,HORD001034,PRD0146,1,508.56,508.56
HITM0003296,HORD001035,PRD0050,1,56.24,56.24
HITM0003297,HORD001036,PRD0452,1,1619.46,1619.46
HITM0003298,HORD001036,PRD0660,1,15.31,15.31
HITM0003299,HORD001036,PRD0100,1,206.02,206.02
HITM0003300,HORD001036,PRD0488,1,658.75,658.75
HITM0003301,HORD001037,PRD0239,1,761.02,761.02
HITM0003302,HORD001037,PRD0983,1,854.84,854.84
HITM0003303,HORD001038,PRD0496,1,223.21,223.21
HITM0003304,HORD001039,PRD0495,1,1086.82,1086.82
HITM0003305,HORD001039,PRD0932,2,1610.28,3220.56
HITM0003306,HORD001039,PRD0033,1,884.6,884.6
HITM0003307,HORD001039,PRD0581,1,2588.97,2588.97
HITM0003308,HORD001039,PRD0998,1,819.98,819.98
HITM0003309,HORD001040,PRD0994,1,916.4,916.4
HITM0003310,HORD001041,PRD0145,1,564.49,564.49
HITM0003311,HORD001041,PRD0720,1,313.84,313.84
HITM0003312,HORD001041,PRD0116,1,333.11,333.11
HITM0003313,HORD001042,PRD0802,1,593.98,593.98
HITM0003314,HORD001042,PRD0487,1,136.07,136.07
HITM0003315,HORD001043,PRD0182,1,680.44,680.44
HITM0003316,HORD001043,PRD0469,2,710.35,1420.7
HITM0003317,HORD001043,PRD0439,1,1460.48,1460.48
HITM0003318,HORD001043,PRD0909,2,167.36,334.72
HITM0003319,HORD001044,PRD0022,1,1385.01,1385.01
HITM0003320,HORD001044,PRD0526,1,84.58,84.58
HITM0003321,HORD001044,PRD0758,1,282.47,282.47
HITM0003322,HORD001044,PRD0563,1,530.17,530.17
HITM0003323,HORD001044,PRD0427,1,1212.42,1212.42
HITM0003324,HORD001045,PRD0007,2,1073.56,2147.12
HITM0003325,HORD001045,PRD0080,1,15.23,15.23
HITM0003326,HORD001045,PRD0780,1,94.47,94.47
HITM0003327,HORD001045,PRD0594,2,2046.58,4093.16
HITM0003328,HORD001046,PRD0533,1,367.95,367.95
HITM0003329,HORD001046,PRD0137,1,1138.46,1138.46
HITM0003330,HORD001047,PRD0105,1,431.76,431.76
HITM0003331,HORD001047,PRD0245,1,616.59,616.59
HITM0003332,HORD001047,PRD0316,2,640.98,1281.96
HITM0003333,HORD001048,PRD0600,1,198.56,198.56
HITM0003334,HORD001048,PRD0558,1,1044.96,1044.96
HITM0003335,HORD001048,PRD0931,1,2472.47,2472.47
HITM0003336,HORD001048,PRD0660,1,15.31,15.31
HITM0003337,HORD001049,PRD0505,1,967.54,967.54
HITM0003338,HORD001049,PRD0847,1,370.04,370.04
HITM0003339,HORD001050,PRD0131,1,2047.43,2047.43
HITM0003340,HORD001050,PRD0834,1,2605.19,2605.19
HITM0003341,HORD001050,PRD0420,1,365.11,365.11
HITM0003342,HORD001050,PRD0589,1,241.6,241.6
HITM0003343,HORD001051,PRD0348,1,340.62,340.62
HITM0003344,HORD001051,PRD0430,1,126.46,126.46
HITM0003345,HORD001051,PRD0489,1,1207.96,1207.96
HITM0003346,HORD001051,PRD0147,2,1002.37,2004.74
HITM0003347,HORD001052,PRD0403,1,615.54,615.54
HITM0003348,HORD001052,PRD0210,1,389.28,389.28
HITM0003349,HORD001052,PRD0502,3,1737.87,5213.61
HITM0003350,HORD001052,PRD0677,1,197.41,197.41
HITM0003351,HORD001053,PRD0558,1,1044.96,1044.96
HITM0003352,HORD001053,PRD0241,1,2265.52,2265.52
HITM0003353,HORD001053,PRD0878,1,453.39,453.39
HITM0003354,HORD001054,PRD0988,1,236.45,236.45
HITM0003355,HORD001054,PRD0108,1,462.45,462.45
HITM0003356,HORD001054,PRD0963,1,464.21,464.21
HITM0003357,HORD001054,PRD0646,1,155.12,155.12
HITM0003358,HORD001055,PRD0085,1,477.42,477.42
HITM0003359,HORD001055,PRD0749,2,529.95,1059.9
HITM0003360,HORD001055,PRD0181,1,2410.31,2410.31
HITM0003361,HORD001056,PRD0628,1,62.19,62.19
HITM0003362,HORD001056,PRD0822,2,1374.65,2749.3
HITM0003363,HORD001056,PRD0651,1,2713.88,2713.88
HITM0003364,HORD001056,PRD0778,1,769.84,769.84
HITM0003365,HORD001056,PRD0527,1,2076.11,2076.11
HITM0003366,HORD001057,PRD0717,2,550.74,1101.48
HITM0003367,HORD001057,PRD0694,1,1984.32,1984.32
HITM0003368,HORD001057,PRD0219,1,227.25,227.25
HITM0003369,HORD001057,PRD0875,1,1168.64,1168.64
HITM0003370,HORD001057,PRD0434,1,388.26,388.26
HITM0003371,HORD001058,PRD0058,1,137.85,137.85
HITM0003372,HORD001058,PRD0833,1,941.26,941.26
HITM0003373,HORD001059,PRD0124,2,659.93,1319.86
HITM0003374,HORD001059,PRD0221,2,1071.11,2142.22
HITM0003375,HORD001059,PRD0585,1,81.84,81.84
HITM0003376,HORD001060,PRD0694,1,1984.32,1984.32
HITM0003377,HORD001060,PRD0988,1,236.45,236.45
HITM0003378,HORD001060,PRD0103,1,619.16,619.16
HITM0003379,HORD001060,PRD0561,2,951.61,1903.22
HITM0003380,HORD001061,PRD0896,2,810.67,1621.34
HITM0003381,HORD001061,PRD0279,1,165.58,165.58
HITM0003382,HORD001061,PRD0801,1,1009.09,1009.09
HITM0003383,HORD001061,PRD0264,1,2735.39,2735.39
HITM0003384,HORD001062,PRD0747,2,619.18,1238.36
HITM0003385,HORD001063,PRD0576,1,30.87,30.87
HITM0003386,HORD001063,PRD0895,1,1012.5,1012.5
HITM0003387,HORD001063,PRD0308,1,1088.84,1088.84
HITM0003388,HORD001063,PRD0377,1,941.97,941.97
HITM0003389,HORD001064,PRD0224,1,3534.57,3534.57
HITM0003390,HORD001064,PRD0622,2,678.69,1357.38
HITM0003391,HORD001064,PRD0550,1,178.21,178.21
HITM0003392,HORD001064,PRD0973,1,975.98,975.98
HITM0003393,HORD001065,PRD0629,1,925.23,925.23
HITM0003394,HORD001065,PRD0403,1,615.54,615.54
HITM0003395,HORD001065,PRD0242,1,390.52,390.52
HITM0003396,HORD001065,PRD0120,1,46.82,46.82
HITM0003397,HORD001065,PRD0810,1,325.73,325.73
HITM0003398,HORD001066,PRD0376,1,689.26,689.26
HITM0003399,HORD001066,PRD0170,1,202.15,202.15
HITM0003400,HORD001066,PRD0357,2,2299.18,4598.36
HITM0003401,HORD001067,PRD0900,1,204.44,204.44
HITM0003402,HORD001067,PRD0699,2,508.79,1017.58
HITM0003403,HORD001067,PRD0620,1,220.61,220.61
HITM0003404,HORD001067,PRD0828,1,457.81,457.81
HITM0003405,HORD001068,PRD0700,1,105.41,105.41
HITM0003406,HORD001068,PRD0003,1,316.95,316.95
HITM0003407,HORD001068,PRD0901,1,1092.12,1092.12
HITM0003408,HORD001068,PRD0308,2,1088.84,2177.68
HITM0003409,HORD001069,PRD0452,1,1619.46,1619.46
HITM0003410,HORD001069,PRD0991,2,1900.16,3800.32
HITM0003411,HORD001069,PRD0942,2,500.96,1001.92
HITM0003412,HORD001070,PRD0868,1,956.14,956.14
HITM0003413,HORD001070,PRD0733,1,1586.43,1586.43
HITM0003414,HORD001071,PRD0120,1,46.82,46.82
HITM0003415,HORD001071,PRD0823,1,631.56,631.56
HITM0003416,HORD001071,PRD0603,1,851.99,851.99
HITM0003417,HORD001072,PRD0378,1,472.12,472.12
HITM0003418,HORD001072,PRD0905,1,951.23,951.23
HITM0003419,HORD001073,PRD0933,1,1394.64,1394.64
HITM0003420,HORD001073,PRD0980,1,286.55,286.55
HITM0003421,HORD001073,PRD0672,1,1330.59,1330.59
HITM0003422,HORD001073,PRD0594,1,2046.58,2046.58
HITM0003423,HORD001073,PRD0359,2,597.95,1195.9
HITM0003424,HORD001074,PRD0730,1,241.01,241.01
HITM0003425,HORD001074,PRD0022,2,1385.01,2770.02
HITM0003426,HORD001074,PRD0529,1,915.61,915.61
HITM0003427,HORD001075,PRD0835,1,982.79,982.79
HITM0003428,HORD001075,PRD0625,2,1034.61,2069.22
HITM0003429,HORD001075,PRD0675,2,98.97,197.94
HITM0003430,HORD001075,PRD0431,1,1519.4,1519.4
HITM0003431,HORD001076,PRD0576,1,30.87,30.87
HITM0003432,HORD001076,PRD0459,1,553.35,553.35
HITM0003433,HORD001076,PRD0297,1,2214.14,2214.14
HITM0003434,HORD001076,PRD0395,2,366.66,733.32
HITM0003435,HORD001077,PRD0955,1,56.91,56.91
HITM0003436,HORD001078,PRD0134,1,1214.25,1214.25
HITM0003437,HORD001078,PRD0435,2,721.05,1442.1
HITM0003438,HORD001079,PRD0305,1,260.29,260.29
HITM0003439,HORD001079,PRD0565,3,294.27,882.81
HITM0003440,HORD001079,PRD0608,1,607.93,607.93
HITM0003441,HORD001080,PRD0772,2,1357.22,2714.44
HITM0003442,HORD001080,PRD0896,1,810.67,810.67
HITM0003443,HORD001080,PRD0105,1,431.76,431.76
HITM0003444,HORD001080,PRD0678,2,597.3,1194.6
HITM0003445,HORD001081,PRD0110,2,110.2,220.4
HITM0003446,HORD001081,PRD0435,2,721.05,1442.1
HITM0003447,HORD001081,PRD0216,1,503.39,503.39
HITM0003448,HORD001081,PRD0102,2,1075.3,2150.6
HITM0003449,HORD001082,PRD0283,3,427.47,1282.41
HITM0003450,HORD001082,PRD0359,2,597.95,1195.9
HITM0003451,HORD001082,PRD0599,1,854.55,854.55
HITM0003452,HORD001082,PRD0246,1,674.8,674.8
HITM0003453,HORD001082,PRD0917,1,1549.86,1549.86
HITM0003454,HORD001083,PRD0852,1,465.95,465.95
HITM0003455,HORD001083,PRD0429,2,1195.52,2391.04
HITM0003456,HORD001084,PRD0580,1,180.48,180.48
HITM0003457,HORD001084,PRD0857,1,998.5,998.5
HITM0003458,HORD001084,PRD0585,1,81.84,81.84
HITM0003459,HORD001085,PRD0878,1,453.39,453.39
HITM0003460,HORD001085,PRD0035,2,215.11,430.22
HITM0003461,HORD001085,PRD0836,1,826.24,826.24
HITM0003462,HORD001086,PRD0696,1,137.51,137.51
HITM0003463,HORD001086,PRD0023,2,620.72,1241.44
HITM0003464,HORD001087,PRD0665,1,758.8,758.8
HITM0003465,HORD001087,PRD0466,2,520.19,1040.38
HITM0003466,HORD001088,PRD0784,1,1118.82,1118.82
HITM0003467,HORD001088,PRD0404,1,1363.51,1363.51
HITM0003468,HORD001089,PRD0649,1,1306.2,1306.2
HITM0003469,HORD001090,PRD0982,2,973.58,1947.16
HITM0003470,HORD001090,PRD0990,1,268.68,268.68
HITM0003471,HORD001090,PRD0492,2,961.25,1922.5
HITM0003472,HORD001091,PRD0823,1,631.56,631.56
HITM0003473,HORD001091,PRD0603,2,851.99,1703.98
HITM0003474,HORD001091,PRD0115,1,678.71,678.71
HITM0003475,HORD001091,PRD0326,2,62.48,124.96
HITM0003476,HORD001092,PRD0187,1,1875.79,1875.79
HITM0003477,HORD001092,PRD0569,1,238.57,238.57
HITM0003478,HORD001092,PRD0440,1,57.41,57.41
HITM0003479,HORD001092,PRD0829,1,964.04,964.04
HITM0003480,HORD001092,PRD0158,1,561.62,561.62
HITM0003481,HORD001093,PRD0094,1,627.77,627.77
HITM0003482,HORD001093,PRD0523,1,462.11,462.11
HITM0003483,HORD001093,PRD0027,3,615.88,1847.64
HITM0003484,HORD001093,PRD0507,1,2282.08,2282.08
HITM0003485,HORD001094,PRD0888,1,735.67,735.67
HITM0003486,HORD001094,PRD0047,1,425.59,425.59
HITM0003487,HORD001094,PRD0428,1,844.51,844.51
HITM0003488,HORD001095,PRD0532,3,1430.86,4292.58
HITM0003489,HORD001095,PRD0870,2,370.25,740.5
HITM0003490,HORD001096,PRD0985,1,602.55,602.55
HITM0003491,HORD001096,PRD0656,1,473.06,473.06
HITM0003492,HORD001096,PRD0325,2,926.64,1853.28
HITM0003493,HORD001096,PRD0424,1,2256.09,2256.09
HITM0003494,HORD001097,PRD0847,1,370.04,370.04
HITM0003495,HORD001097,PRD0233,1,804.27,804.27
HITM0003496,HORD001097,PRD0784,1,1118.82,1118.82
HITM0003497,HORD001097,PRD0123,1,906.0,906.0
HITM0003498,HORD001098,PRD0555,1,1183.16,1183.16
HITM0003499,HORD001098,PRD0190,1,274.29,274.29
HITM0003500,HORD001098,PRD0420,1,365.11,365.11
HITM0003501,HORD001098,PRD0272,1,830.69,830.69
HITM0003502,HORD001099,PRD0839,1,1311.55,1311.55
HITM0003503,HORD001099,PRD0814,1,1407.66,1407.66
HITM0003504,HORD001100,PRD0003,2,316.95,633.9
HITM0003505,HORD001101,PRD0484,2,1093.53,2187.06
HITM0003506,HORD001101,PRD0127,1,415.41,415.41
HITM0003507,HORD001101,PRD0346,1,291.88,291.88
HITM0003508,HORD001101,PRD0370,1,285.36,285.36
HITM0003509,HORD001101,PRD0497,1,2082.0,2082.0
HITM0003510,HORD001102,PRD0036,1,120.39,120.39
HITM0003511,HORD001103,PRD0622,1,678.69,678.69
HITM0003512,HORD001103,PRD0315,1,197.15,197.15
HITM0003513,HORD001104,PRD0951,1,1391.02,1391.02
HITM0003514,HORD001104,PRD0108,2,462.45,924.9
HITM0003515,HORD001104,PRD0232,2,1634.96,3269.92
HITM0003516,HORD001104,PRD0926,1,315.02,315.02
HITM0003517,HORD001105,PRD0872,1,1383.23,1383.23
HITM0003518,HORD001105,PRD0666,1,703.13,703.13
HITM0003519,HORD001105,PRD0485,1,178.75,178.75
HITM0003520,HORD001106,PRD0664,1,3064.35,3064.35
HITM0003521,HORD001106,PRD0963,1,464.21,464.21
HITM0003522,HORD001106,PRD0107,1,1780.98,1780.98
HITM0003523,HORD001106,PRD0739,1,947.5,947.5
HITM0003524,HORD001107,PRD0470,1,116.53,116.53
HITM0003525,HORD001108,PRD0362,1,1217.27,1217.27
HITM0003526,HORD001108,PRD0447,1,388.49,388.49
HITM0003527,HORD001108,PRD0424,1,2256.09,2256.09
HITM0003528,HORD001109,PRD0788,1,319.54,319.54
HITM0003529,HORD001109,PRD0885,1,689.68,689.68
HITM0003530,HORD001110,PRD0284,2,4182.34,8364.68
HITM0003531,HORD001111,PRD0315,2,197.15,394.3
HITM0003532,HORD001111,PRD0333,1,1274.3,1274.3
HITM0003533,HORD001112,PRD0028,1,831.06,831.06
HITM0003534,HORD001112,PRD0281,2,1296.1,2592.2
HITM0003535,HORD001112,PRD0034,1,797.09,797.09
HITM0003536,HORD001113,PRD0544,2,975.01,1950.02
HITM0003537,HORD001113,PRD0741,1,1525.47,1525.47
HITM0003538,HORD001113,PRD0645,1,206.79,206.79
HITM0003539,HORD001113,PRD0300,2,305.18,610.36
HITM0003540,HORD001113,PRD0419,1,1458.66,1458.66
HITM0003541,HORD001114,PRD0544,1,975.01,975.01
HITM0003542,HORD001114,PRD0865,1,308.23,308.23
HITM0003543,HORD001114,PRD0623,1,1221.11,1221.11
HITM0003544,HORD001115,PRD0238,1,814.82,814.82
HITM0003545,HORD001115,PRD0055,1,534.13,534.13
HITM0003546,HORD001115,PRD0762,1,1038.24,1038.24
HITM0003547,HORD001116,PRD0539,2,968.63,1937.26
HITM0003548,HORD001116,PRD0335,2,439.66,879.32
HITM0003549,HORD001116,PRD0964,2,449.57,899.14
HITM0003550,HORD001117,PRD0008,1,146.16,146.16
HITM0003551,HORD001117,PRD0526,1,84.58,84.58
HITM0003552,HORD001117,PRD0625,1,1034.61,1034.61
HITM0003553,HORD001118,PRD0448,1,974.99,974.99
HITM0003554,HORD001118,PRD0770,1,144.73,144.73
HITM0003555,HORD001119,PRD0468,1,523.04,523.04
HITM0003556,HORD001119,PRD0956,1,86.17,86.17
HITM0003557,HORD001119,PRD0231,1,1674.19,1674.19
HITM0003558,HORD001119,PRD0279,1,165.58,165.58
HITM0003559,HORD001120,PRD0787,1,527.32,527.32
HITM0003560,HORD001120,PRD0178,1,184.26,184.26
HITM0003561,HORD001120,PRD0219,2,227.25,454.5
HITM0003562,HORD001121,PRD0906,3,150.8,452.4
HITM0003563,HORD001121,PRD0851,1,3078.03,3078.03
HITM0003564,HORD001121,PRD0627,1,869.77,869.77
HITM0003565,HORD001121,PRD0788,1,319.54,319.54
HITM0003566,HORD001121,PRD0855,1,316.87,316.87
HITM0003567,HORD001122,PRD0215,1,273.66,273.66
HITM0003568,HORD001122,PRD0940,1,200.38,200.38
HITM0003569,HORD001122,PRD0277,1,1740.27,1740.27
HITM0003570,HORD001122,PRD0574,1,3665.3,3665.3
HITM0003571,HORD001122,PRD0411,1,2843.11,2843.11
HITM0003572,HORD001123,PRD0586,3,110.38,331.14
HITM0003573,HORD001123,PRD0605,2,903.46,1806.92
HITM0003574,HORD001123,PRD0830,1,57.62,57.62
HITM0003575,HORD001124,PRD0440,1,57.41,57.41
HITM0003576,HORD001124,PRD0541,1,3125.61,3125.61
HITM0003577,HORD001125,PRD0521,1,2581.65,2581.65
HITM0003578,HORD001125,PRD0441,3,2838.69,8516.07
HITM0003579,HORD001125,PRD0169,1,1449.49,1449.49
HITM0003580,HORD001125,PRD0975,1,1104.47,1104.47
HITM0003581,HORD001126,PRD0138,1,818.63,818.63
HITM0003582,HORD001126,PRD0220,1,144.35,144.35
HITM0003583,HORD001126,PRD0978,1,897.68,897.68
HITM0003584,HORD001126,PRD0940,2,200.38,400.76
HITM0003585,HORD001127,PRD0077,2,1748.69,3497.38
HITM0003586,HORD001127,PRD0440,1,57.41,57.41
HITM0003587,HORD001127,PRD0740,2,326.46,652.92
HITM0003588,HORD001128,PRD0469,2,710.35,1420.7
HITM0003589,HORD001128,PRD0858,1,188.42,188.42
HITM0003590,HORD001128,PRD0688,2,921.64,1843.28
HITM0003591,HORD001128,PRD0694,2,1984.32,3968.64
HITM0003592,HORD001129,PRD0520,2,298.12,596.24
HITM0003593,HORD001129,PRD0642,1,1399.48,1399.48
HITM0003594,HORD001129,PRD0785,1,91.04,91.04
HITM0003595,HORD001129,PRD0271,1,2076.99,2076.99
HITM0003596,HORD001129,PRD0801,1,1009.09,1009.09
HITM0003597,HORD001130,PRD0446,1,132.64,132.64
HITM0003598,HORD001130,PRD0936,3,214.36,643.08
HITM0003599,HORD001130,PRD0335,1,439.66,439.66
HITM0003600,HORD001130,PRD0308,1,1088.84,1088.84
HITM0003601,HORD001131,PRD0944,1,2849.2,2849.2
HITM0003602,HORD001131,PRD0967,1,530.38,530.38
HITM0003603,HORD001131,PRD0595,1,758.18,758.18
HITM0003604,HORD001131,PRD0607,1,1809.95,1809.95
HITM0003605,HORD001131,PRD0282,1,641.72,641.72
HITM0003606,HORD001132,PRD0145,1,564.49,564.49
HITM0003607,HORD001132,PRD0248,1,451.1,451.1
HITM0003608,HORD001132,PRD0616,1,480.04,480.04
HITM0003609,HORD001133,PRD0970,1,403.08,403.08
HITM0003610,HORD001133,PRD0660,1,15.31,15.31
HITM0003611,HORD001133,PRD0172,1,642.62,642.62
HITM0003612,HORD001134,PRD0921,1,2084.12,2084.12
HITM0003613,HORD001134,PRD0452,1,1619.46,1619.46
HITM0003614,HORD001134,PRD0867,1,500.96,500.96
HITM0003615,HORD001134,PRD0767,1,2003.56,2003.56
HITM0003616,HORD001135,PRD0172,1,642.62,642.62
HITM0003617,HORD001135,PRD0265,1,94.03,94.03
HITM0003618,HORD001135,PRD0520,1,298.12,298.12
HITM0003619,HORD001135,PRD0255,1,718.45,718.45
HITM0003620,HORD001136,PRD0043,3,1487.36,4462.08
HITM0003621,HORD001136,PRD0933,1,1394.64,1394.64
HITM0003622,HORD001136,PRD0544,1,975.01,975.01
HITM0003623,HORD001136,PRD0802,1,593.98,593.98
HITM0003624,HORD001137,PRD0675,1,98.97,98.97
HITM0003625,HORD001137,PRD0246,2,674.8,1349.6
HITM0003626,HORD001137,PRD0379,1,722.92,722.92
HITM0003627,HORD001138,PRD0867,1,500.96,500.96
HITM0003628,HORD001138,PRD0121,2,2314.16,4628.32
HITM0003629,HORD001139,PRD0378,1,472.12,472.12
HITM0003630,HORD001139,PRD0080,2,15.23,30.46
HITM0003631,HORD001139,PRD0232,1,1634.96,1634.96
HITM0003632,HORD001139,PRD0062,1,1491.83,1491.83
HITM0003633,HORD001140,PRD0007,1,1073.56,1073.56
HITM0003634,HORD001141,PRD0109,1,326.84,326.84
HITM0003635,HORD001142,PRD0074,1,587.22,587.22
HITM0003636,HORD001142,PRD0537,3,669.66,2008.98
HITM0003637,HORD001142,PRD0882,2,404.51,809.02
HITM0003638,HORD001143,PRD0738,1,778.08,778.08
HITM0003639,HORD001143,PRD0671,1,1480.66,1480.66
HITM0003640,HORD001143,PRD0872,1,1383.23,1383.23
HITM0003641,HORD001144,PRD0247,2,694.04,1388.08
HITM0003642,HORD001144,PRD0610,1,159.67,159.67
HITM0003643,HORD001144,PRD0215,1,273.66,273.66
HITM0003644,HORD001145,PRD0614,2,2379.02,4758.04
HITM0003645,HORD001145,PRD0928,1,302.59,302.59
HITM0003646,HORD001145,PRD0944,1,2849.2,2849.2
HITM0003647,HORD001145,PRD0961,1,1295.76,1295.76
HITM0003648,HORD001146,PRD0807,1,1766.65,1766.65
HITM0003649,HORD001146,PRD0455,1,679.95,679.95
HITM0003650,HORD001146,PRD0557,1,743.48,743.48
HITM0003651,HORD001147,PRD0220,1,144.35,144.35
HITM0003652,HORD001148,PRD0870,1,370.25,370.25
HITM0003653,HORD001149,PRD0230,2,290.53,581.06
HITM0003654,HORD001149,PRD0764,1,3198.68,3198.68
HITM0003655,HORD001149,PRD0329,3,320.22,960.66
HITM0003656,HORD001149,PRD0786,1,400.03,400.03
HITM0003657,HORD001150,PRD0698,1,445.24,445.24
HITM0003658,HORD001150,PRD0532,1,1430.86,1430.86
HITM0003659,HORD001150,PRD0457,1,1014.79,1014.79
HITM0003660,HORD001150,PRD0328,2,490.58,981.16
HITM0003661,HORD001151,PRD0012,1,711.13,711.13
HITM0003662,HORD001151,PRD0233,1,804.27,804.27
HITM0003663,HORD001151,PRD0833,2,941.26,1882.52
HITM0003664,HORD001152,PRD0416,1,420.25,420.25
HITM0003665,HORD001152,PRD0924,1,1071.28,1071.28
HITM0003666,HORD001152,PRD0315,1,197.15,197.15
HITM0003667,HORD001152,PRD0222,2,1210.33,2420.66
HITM0003668,HORD001153,PRD0325,2,926.64,1853.28
HITM0003669,HORD001153,PRD0055,1,534.13,534.13
HITM0003670,HORD001154,PRD0526,1,84.58,84.58
HITM0003671,HORD001154,PRD0898,1,272.18,272.18
HITM0003672,HORD001154,PRD0450,1,210.74,210.74
HITM0003673,HORD001155,PRD0082,2,1853.06,3706.12
HITM0003674,HORD001155,PRD0738,1,778.08,778.08
HITM0003675,HORD001155,PRD0035,1,215.11,215.11
HITM0003676,HORD001155,PRD0704,1,3699.65,3699.65
HITM0003677,HORD001155,PRD0785,2,91.04,182.08
HITM0003678,HORD001156,PRD0087,1,164.58,164.58
HITM0003679,HORD001156,PRD0809,2,217.32,434.64
HITM0003680,HORD001156,PRD0973,1,975.98,975.98
HITM0003681,HORD001157,PRD0192,2,796.68,1593.36
HITM0003682,HORD001157,PRD0567,1,1250.81,1250.81
HITM0003683,HORD001157,PRD0010,2,386.41,772.82
HITM0003684,HORD001158,PRD0959,1,631.82,631.82
HITM0003685,HORD001158,PRD0399,1,273.24,273.24
HITM0003686,HORD001158,PRD0666,2,703.13,1406.26
HITM0003687,HORD001159,PRD0041,1,3199.1,3199.1
HITM0003688,HORD001159,PRD0606,1,556.12,556.12
HITM0003689,HORD001159,PRD0798,2,647.08,1294.16
HITM0003690,HORD001160,PRD0629,1,925.23,925.23
HITM0003691,HORD001160,PRD0895,2,1012.5,2025.0
HITM0003692,HORD001160,PRD0362,1,1217.27,1217.27
HITM0003693,HORD001161,PRD0350,1,175.83,175.83
HITM0003694,HORD001161,PRD0829,1,964.04,964.04
HITM0003695,HORD001161,PRD0956,1,86.17,86.17
HITM0003696,HORD001161,PRD0730,1,241.01,241.01
HITM0003697,HORD001162,PRD0133,1,772.02,772.02
HITM0003698,HORD001162,PRD0937,1,2275.76,2275.76
HITM0003699,HORD001162,PRD0811,1,1099.78,1099.78
HITM0003700,HORD001162,PRD0415,2,78.5,157.0
HITM0003701,HORD001163,PRD0170,1,202.15,202.15
HITM0003702,HORD001164,PRD0193,1,596.94,596.94
HITM0003703,HORD001164,PRD0933,1,1394.64,1394.64
HITM0003704,HORD001164,PRD0145,1,564.49,564.49
HITM0003705,HORD001165,PRD0489,1,1207.96,1207.96
HITM0003706,HORD001165,PRD0812,1,972.39,972.39
HITM0003707,HORD001166,PRD0721,1,2364.46,2364.46
HITM0003708,HORD001166,PRD0088,1,767.45,767.45
HITM0003709,HORD001166,PRD0469,1,710.35,710.35
HITM0003710,HORD001167,PRD0027,1,615.88,615.88
HITM0003711,HORD001167,PRD0059,1,748.03,748.03
HITM0003712,HORD001168,PRD0332,1,896.69,896.69
HITM0003713,HORD001168,PRD0785,1,91.04,91.04
HITM0003714,HORD001169,PRD0511,1,2672.61,2672.61
HITM0003715,HORD001169,PRD0164,1,1650.2,1650.2
HITM0003716,HORD001169,PRD0981,1,2016.47,2016.47
HITM0003717,HORD001169,PRD0785,1,91.04,91.04
HITM0003718,HORD001169,PRD0168,1,654.31,654.31
HITM0003719,HORD001170,PRD0618,2,421.89,843.78
HITM0003720,HORD001170,PRD0935,1,41.85,41.85
HITM0003721,HORD001170,PRD0061,3,1070.18,3210.54
HITM0003722,HORD001171,PRD0652,1,1180.91,1180.91
HITM0003723,HORD001171,PRD0883,1,1440.86,1440.86
HITM0003724,HORD001171,PRD0633,1,1190.36,1190.36
HITM0003725,HORD001171,PRD0095,1,697.69,697.69
HITM0003726,HORD001172,PRD0550,1,178.21,178.21
HITM0003727,HORD001172,PRD0123,1,906.0,906.0
HITM0003728,HORD001173,PRD0298,1,724.89,724.89
HITM0003729,HORD001173,PRD0521,1,2581.65,2581.65
HITM0003730,HORD001174,PRD0600,2,198.56,397.12
HITM0003731,HORD001174,PRD0304,1,966.94,966.94
HITM0003732,HORD001174,PRD0895,3,1012.5,3037.5
HITM0003733,HORD001174,PRD0190,1,274.29,274.29
HITM0003734,HORD001175,PRD0378,1,472.12,472.12
HITM0003735,HORD001175,PRD0618,1,421.89,421.89
HITM0003736,HORD001175,PRD0335,2,439.66,879.32
HITM0003737,HORD001175,PRD0438,1,185.01,185.01
HITM0003738,HORD001176,PRD0245,1,616.59,616.59
HITM0003739,HORD001176,PRD0722,1,373.93,373.93
HITM0003740,HORD001177,PRD0605,2,903.46,1806.92
HITM0003741,HORD001177,PRD0961,1,1295.76,1295.76
HITM0003742,HORD001177,PRD0030,1,360.75,360.75
HITM0003743,HORD001177,PRD0777,1,666.99,666.99
HITM0003744,HORD001177,PRD0703,2,289.3,578.6
HITM0003745,HORD001178,PRD0421,1,2441.59,2441.59
HITM0003746,HORD001178,PRD0152,1,575.19,575.19
HITM0003747,HORD001178,PRD0559,1,1357.1,1357.1
HITM0003748,HORD001179,PRD0596,2,846.46,1692.92
HITM0003749,HORD001179,PRD0486,1,297.99,297.99
HITM0003750,HORD001179,PRD0114,1,2474.92,2474.92
HITM0003751,HORD001180,PRD0648,1,469.36,469.36
HITM0003752,HORD001180,PRD0679,1,1370.51,1370.51
HITM0003753,HORD001180,PRD0198,1,736.33,736.33
HITM0003754,HORD001181,PRD0851,1,3078.03,3078.03
HITM0003755,HORD001181,PRD0411,2,2843.11,5686.22
HITM0003756,HORD001182,PRD0309,3,1023.7,3071.1
HITM0003757,HORD001182,PRD0859,2,530.9,1061.8
HITM0003758,HORD001182,PRD0802,2,593.98,1187.96
HITM0003759,HORD001183,PRD0616,1,480.04,480.04
HITM0003760,HORD001183,PRD0269,1,236.51,236.51
HITM0003761,HORD001183,PRD0676,2,499.99,999.98
HITM0003762,HORD001184,PRD0317,1,2234.93,2234.93
HITM0003763,HORD001184,PRD0324,1,632.08,632.08
HITM0003764,HORD001184,PRD0159,1,1223.4,1223.4
HITM0003765,HORD001185,PRD0656,1,473.06,473.06
HITM0003766,HORD001186,PRD0827,1,1290.81,1290.81
HITM0003767,HORD001186,PRD0714,2,2934.49,5868.98
HITM0003768,HORD001186,PRD0810,1,325.73,325.73
HITM0003769,HORD001187,PRD0304,1,966.94,966.94
HITM0003770,HORD001188,PRD0906,1,150.8,150.8
HITM0003771,HORD001188,PRD0818,1,1065.11,1065.11
HITM0003772,HORD001188,PRD0171,1,2618.35,2618.35
HITM0003773,HORD001189,PRD0118,1,578.97,578.97
HITM0003774,HORD001189,PRD0868,3,956.14,2868.42
HITM0003775,HORD001189,PRD0344,2,2796.46,5592.92
HITM0003776,HORD001190,PRD0244,1,847.84,847.84
HITM0003777,HORD001190,PRD0831,1,2373.29,2373.29
HITM0003778,HORD001190,PRD0660,2,15.31,30.62
HITM0003779,HORD001191,PRD0037,1,1207.21,1207.21
HITM0003780,HORD001191,PRD0159,1,1223.4,1223.4
HITM0003781,HORD001191,PRD0215,1,273.66,273.66
HITM0003782,HORD001192,PRD0618,1,421.89,421.89
HITM0003783,HORD001192,PRD0780,1,94.47,94.47
HITM0003784,HORD001192,PRD0720,1,313.84,313.84
HITM0003785,HORD001193,PRD0942,2,500.96,1001.92
HITM0003786,HORD001193,PRD0619,1,394.74,394.74
HITM0003787,HORD001194,PRD0459,2,553.35,1106.7
HITM0003788,HORD001194,PRD0481,1,2924.28,2924.28
HITM0003789,HORD001194,PRD0565,1,294.27,294.27
HITM0003790,HORD001195,PRD0756,1,238.54,238.54
HITM0003791,HORD001195,PRD0063,1,1461.12,1461.12
HITM0003792,HORD001195,PRD0591,2,2122.13,4244.26
HITM0003793,HORD001195,PRD0292,2,1683.43,3366.86
HITM0003794,HORD001196,PRD0579,1,1153.54,1153.54
HITM0003795,HORD001196,PRD0533,2,367.95,735.9
HITM0003796,HORD001196,PRD0326,1,62.48,62.48
HITM0003797,HORD001197,PRD0493,1,1091.53,1091.53
HITM0003798,HORD001197,PRD0723,1,461.99,461.99
HITM0003799,HORD001197,PRD0882,1,404.51,404.51
HITM0003800,HORD001198,PRD0269,1,236.51,236.51
HITM0003801,HORD001198,PRD0900,1,204.44,204.44
HITM0003802,HORD001198,PRD0466,1,520.19,520.19
HITM0003803,HORD001198,PRD0400,1,158.67,158.67
HITM0003804,HORD001199,PRD0991,2,1900.16,3800.32
HITM0003805,HORD001199,PRD0455,1,679.95,679.95
HITM0003806,HORD001199,PRD0136,1,360.6,360.6
HITM0003807,HORD001200,PRD0730,1,241.01,241.01
HITM0003808,HORD001200,PRD0538,1,986.28,986.28
HITM0003809,HORD001200,PRD0212,1,369.65,369.65
HITM0003810,HORD001201,PRD0895,1,1012.5,1012.5
HITM0003811,HORD001201,PRD0955,1,56.91,56.91
HITM0003812,HORD001201,PRD0250,1,79.79,79.79
HITM0003813,HORD001201,PRD0584,1,2264.13,2264.13
HITM0003814,HORD001202,PRD0940,1,200.38,200.38
HITM0003815,HORD001202,PRD0326,1,62.48,62.48
HITM0003816,HORD001203,PRD0790,2,110.86,221.72
HITM0003817,HORD001203,PRD0012,2,711.13,1422.26
HITM0003818,HORD001203,PRD0159,2,1223.4,2446.8
HITM0003819,HORD001203,PRD0053,1,884.08,884.08
HITM0003820,HORD001203,PRD0834,2,2605.19,5210.38
HITM0003821,HORD001204,PRD0668,1,982.03,982.03
HITM0003822,HORD001204,PRD0710,1,221.52,221.52
HITM0003823,HORD001204,PRD0967,1,530.38,530.38
HITM0003824,HORD001204,PRD0066,2,66.71,133.42
HITM0003825,HORD001204,PRD0959,1,631.82,631.82
HITM0003826,HORD001205,PRD0376,2,689.26,1378.52
HITM0003827,HORD001206,PRD0897,1,368.24,368.24
HITM0003828,HORD001206,PRD0343,1,1104.21,1104.21
HITM0003829,HORD001206,PRD0684,1,2250.74,2250.74
HITM0003830,HORD001207,PRD0486,2,297.99,595.98
HITM0003831,HORD001207,PRD0919,1,202.1,202.1
HITM0003832,HORD001208,PRD0988,2,236.45,472.9
HITM0003833,HORD001208,PRD0712,1,1402.88,1402.88
HITM0003834,HORD001208,PRD0276,2,443.22,886.44
HITM0003835,HORD001208,PRD0752,1,1395.28,1395.28
HITM0003836,HORD001209,PRD0128,1,237.78,237.78
HITM0003837,HORD001209,PRD0219,1,227.25,227.25
HITM0003838,HORD001209,PRD0715,1,61.65,61.65
HITM0003839,HORD001209,PRD0392,1,647.54,647.54
HITM0003840,HORD001210,PRD0949,3,541.69,1625.07
HITM0003841,HORD001210,PRD0923,1,819.32,819.32
HITM0003842,HORD001210,PRD0611,1,1787.47,1787.47
HITM0003843,HORD001210,PRD0463,2,1498.56,2997.12
HITM0003844,HORD001210,PRD0156,1,402.17,402.17
HITM0003845,HORD001211,PRD0835,1,982.79,982.79
HITM0003846,HORD001212,PRD0316,2,640.98,1281.96
HITM0003847,HORD001212,PRD0757,1,1258.09,1258.09
HITM0003848,HORD001212,PRD0968,3,409.17,1227.51
HITM0003849,HORD001212,PRD0016,1,255.89,255.89
HITM0003850,HORD001213,PRD0758,1,282.47,282.47
HITM0003851,HORD001213,PRD0930,1,360.98,360.98
HITM0003852,HORD001213,PRD0188,1,936.44,936.44
HITM0003853,HORD001213,PRD0090,1,223.82,223.82
HITM0003854,HORD001213,PRD0815,1,748.08,748.08
HITM0003855,HORD001214,PRD0310,1,83.71,83.71
HITM0003856,HORD001214,PRD0796,2,214.68,429.36
HITM0003857,HORD001214,PRD0360,1,362.06,362.06
HITM0003858,HORD001214,PRD0146,1,508.56,508.56
HITM0003859,HORD001215,PRD1000,1,120.72,120.72
HITM0003860,HORD001215,PRD0884,1,1847.69,1847.69
HITM0003861,HORD001215,PRD0175,1,883.13,883.13
HITM0003862,HORD001216,PRD0270,1,381.87,381.87
HITM0003863,HORD001216,PRD0318,1,930.52,930.52
HITM0003864,HORD001216,PRD0412,1,383.4,383.4
HITM0003865,HORD001217,PRD0796,1,214.68,214.68
HITM0003866,HORD001217,PRD0754,1,2331.9,2331.9
HITM0003867,HORD001217,PRD0346,3,291.88,875.64
HITM0003868,HORD001217,PRD0234,1,1058.58,1058.58
HITM0003869,HORD001218,PRD0318,1,930.52,930.52
HITM0003870,HORD001218,PRD0039,1,951.13,951.13
HITM0003871,HORD001218,PRD0879,1,1214.72,1214.72
HITM0003872,HORD001219,PRD0690,1,30.42,30.42
HITM0003873,HORD001219,PRD0583,1,1333.03,1333.03
HITM0003874,HORD001219,PRD0616,1,480.04,480.04
HITM0003875,HORD001219,PRD0898,1,272.18,272.18
HITM0003876,HORD001219,PRD0480,2,379.33,758.66
HITM0003877,HORD001220,PRD0855,1,316.87,316.87
HITM0003878,HORD001220,PRD0917,1,1549.86,1549.86
HITM0003879,HORD001220,PRD0954,1,848.21,848.21
HITM0003880,HORD001220,PRD0320,1,190.98,190.98
HITM0003881,HORD001221,PRD0557,1,743.48,743.48
HITM0003882,HORD001221,PRD0295,1,1095.89,1095.89
HITM0003883,HORD001221,PRD0066,1,66.71,66.71
HITM0003884,HORD001222,PRD0150,1,338.38,338.38
HITM0003885,HORD001222,PRD0698,1,445.24,445.24
HITM0003886,HORD001223,PRD0199,2,1201.16,2402.32
HITM0003887,HORD001223,PRD0438,1,185.01,185.01
HITM0003888,HORD001223,PRD0036,1,120.39,120.39
HITM0003889,HORD001223,PRD0432,1,1426.65,1426.65
HITM0003890,HORD001224,PRD0548,1,957.21,957.21
HITM0003891,HORD001224,PRD0304,1,966.94,966.94
HITM0003892,HORD001224,PRD0653,1,608.0,608.0
HITM0003893,HORD001225,PRD0189,1,325.61,325.61
HITM0003894,HORD001225,PRD0537,1,669.66,669.66
HITM0003895,HORD001225,PRD0950,1,71.67,71.67
HITM0003896,HORD001226,PRD0793,1,476.45,476.45
HITM0003897,HORD001226,PRD0756,1,238.54,238.54
HITM0003898,HORD001226,PRD0753,1,272.68,272.68
HITM0003899,HORD001226,PRD0326,2,62.48,124.96
HITM0003900,HORD001227,PRD0585,1,81.84,81.84
HITM0003901,HORD001227,PRD0800,1,274.87,274.87
HITM0003902,HORD001228,PRD0094,1,627.77,627.77
HITM0003903,HORD001228,PRD0446,1,132.64,132.64
HITM0003904,HORD001229,PRD0282,1,641.72,641.72
HITM0003905,HORD001229,PRD0192,1,796.68,796.68
HITM0003906,HORD001229,PRD0633,1,1190.36,1190.36
HITM0003907,HORD001229,PRD0821,1,1235.41,1235.41
HITM0003908,HORD001229,PRD0378,1,472.12,472.12
HITM0003909,HORD001230,PRD0649,1,1306.2,1306.2
HITM0003910,HORD001230,PRD0236,2,131.33,262.66
HITM0003911,HORD001230,PRD0746,2,683.7,1367.4
HITM0003912,HORD001231,PRD0056,1,485.36,485.36
HITM0003913,HORD001231,PRD0614,1,2379.02,2379.02
HITM0003914,HORD001231,PRD0977,3,171.2,513.6
HITM0003915,HORD001231,PRD0048,2,176.51,353.02
HITM0003916,HORD001232,PRD0569,2,238.57,477.14
HITM0003917,HORD001232,PRD0401,2,2421.46,4842.92
HITM0003918,HORD001233,PRD0995,1,745.12,745.12
HITM0003919,HORD001233,PRD0678,3,597.3,1791.9
HITM0003920,HORD001233,PRD0466,1,520.19,520.19
HITM0003921,HORD001234,PRD0106,1,40.68,40.68
HITM0003922,HORD001234,PRD0266,1,667.96,667.96
HITM0003923,HORD001234,PRD0017,1,1611.29,1611.29
HITM0003924,HORD001235,PRD0004,1,468.81,468.81
HITM0003925,HORD001235,PRD0668,1,982.03,982.03
HITM0003926,HORD001235,PRD0940,1,200.38,200.38
HITM0003927,HORD001235,PRD0106,1,40.68,40.68
HITM0003928,HORD001236,PRD0452,1,1619.46,1619.46
HITM0003929,HORD001236,PRD0524,1,3613.52,3613.52
HITM0003930,HORD001236,PRD0945,1,113.23,113.23
HITM0003931,HORD001236,PRD0439,1,1460.48,1460.48
HITM0003932,HORD001237,PRD0650,1,233.76,233.76
HITM0003933,HORD001237,PRD0209,1,767.93,767.93
HITM0003934,HORD001238,PRD0836,1,826.24,826.24
HITM0003935,HORD001238,PRD0555,2,1183.16,2366.32
HITM0003936,HORD001238,PRD0831,1,2373.29,2373.29
HITM0003937,HORD001238,PRD0328,1,490.58,490.58
HITM0003938,HORD001239,PRD0090,1,223.82,223.82
HITM0003939,HORD001239,PRD0040,1,239.17,239.17
HITM0003940,HORD001239,PRD0276,2,443.22,886.44
HITM0003941,HORD001240,PRD0501,1,2831.58,2831.58
HITM0003942,HORD001240,PRD0260,1,386.46,386.46
HITM0003943,HORD001240,PRD0538,1,986.28,986.28
HITM0003944,HORD001241,PRD0468,3,523.04,1569.12
HITM0003945,HORD001241,PRD0327,1,1792.58,1792.58
HITM0003946,HORD001241,PRD0967,1,530.38,530.38
HITM0003947,HORD001242,PRD0904,1,1097.17,1097.17
HITM0003948,HORD001242,PRD0273,2,697.23,1394.46
HITM0003949,HORD001242,PRD0660,1,15.31,15.31
HITM0003950,HORD001242,PRD0523,1,462.11,462.11
HITM0003951,HORD001243,PRD0529,1,915.61,915.61
HITM0003952,HORD001243,PRD0606,1,556.12,556.12
HITM0003953,HORD001244,PRD0328,1,490.58,490.58
HITM0003954,HORD001244,PRD0016,1,255.89,255.89
HITM0003955,HORD001244,PRD0226,1,497.16,497.16
HITM0003956,HORD001245,PRD0528,1,386.06,386.06
HITM0003957,HORD001245,PRD0898,1,272.18,272.18
HITM0003958,HORD001245,PRD0043,2,1487.36,2974.72
HITM0003959,HORD001245,PRD0789,1,776.9,776.9
HITM0003960,HORD001245,PRD0395,2,366.66,733.32
HITM0003961,HORD001246,PRD0968,1,409.17,409.17
HITM0003962,HORD001246,PRD0659,2,1247.76,2495.52
HITM0003963,HORD001246,PRD0459,1,553.35,553.35
HITM0003964,HORD001246,PRD0588,2,828.34,1656.68
HITM0003965,HORD001246,PRD0090,1,223.82,223.82
HITM0003966,HORD001247,PRD0550,1,178.21,178.21
HITM0003967,HORD001247,PRD0197,2,179.71,359.42
HITM0003968,HORD001247,PRD0858,1,188.42,188.42
HITM0003969,HORD001248,PRD0688,1,921.64,921.64
HITM0003970,HORD001248,PRD0476,1,181.3,181.3
HITM0003971,HORD001248,PRD0419,1,1458.66,1458.66
HITM0003972,HORD001249,PRD0341,1,2657.98,2657.98
HITM0003973,HORD001249,PRD0759,1,1012.36,1012.36
HITM0003974,HORD001249,PRD0653,2,608.0,1216.0
HITM0003975,HORD001249,PRD0733,2,1586.43,3172.86
HITM0003976,HORD001250,PRD0365,2,1165.16,2330.32
HITM0003977,HORD001250,PRD0846,2,427.97,855.94
HITM0003978,HORD001250,PRD0228,1,121.94,121.94
HITM0003979,HORD001250,PRD0217,1,648.29,648.29
HITM0003980,HORD001251,PRD0170,1,202.15,202.15
HITM0003981,HORD001251,PRD0520,1,298.12,298.12
HITM0003982,HORD001251,PRD0285,1,709.46,709.46
HITM0003983,HORD001252,PRD0063,1,1461.12,1461.12
HITM0003984,HORD001252,PRD0876,3,61.28,183.84
HITM0003985,HORD001253,PRD0988,1,236.45,236.45
HITM0003986,HORD001253,PRD0585,1,81.84,81.84
HITM0003987,HORD001254,PRD0599,1,854.55,854.55
HITM0003988,HORD001254,PRD0928,1,302.59,302.59
HITM0003989,HORD001254,PRD0713,1,1024.63,1024.63
HITM0003990,HORD001254,PRD0080,1,15.23,15.23
HITM0003991,HORD001254,PRD0630,1,399.15,399.15
HITM0003992,HORD001255,PRD0550,2,178.21,356.42
HITM0003993,HORD001255,PRD0236,1,131.33,131.33
HITM0003994,HORD001256,PRD0700,2,105.41,210.82
HITM0003995,HORD001256,PRD0928,1,302.59,302.59
HITM0003996,HORD001256,PRD0276,1,443.22,443.22
HITM0003997,HORD001256,PRD0335,2,439.66,879.32
HITM0003998,HORD001257,PRD0571,1,1263.4,1263.4
HITM0003999,HORD001257,PRD0226,3,497.16,1491.48
HITM0004000,HORD001258,PRD0174,1,2319.35,2319.35
HITM0004001,HORD001258,PRD0720,1,313.84,313.84
HITM0004002,HORD001258,PRD0690,2,30.42,60.84
HITM0004003,HORD001258,PRD0906,1,150.8,150.8
HITM0004004,HORD001259,PRD0289,1,553.34,553.34
HITM0004005,HORD001259,PRD0439,1,1460.48,1460.48
HITM0004006,HORD001260,PRD0545,1,219.94,219.94
HITM0004007,HORD001260,PRD0480,1,379.33,379.33
HITM0004008,HORD001260,PRD0936,1,214.36,214.36
HITM0004009,HORD001260,PRD0315,1,197.15,197.15
HITM0004010,HORD001261,PRD0358,1,1013.74,1013.74
HITM0004011,HORD001261,PRD0763,1,485.63,485.63
HITM0004012,HORD001261,PRD0058,1,137.85,137.85
HITM0004013,HORD001261,PRD0120,1,46.82,46.82
HITM0004014,HORD001262,PRD0054,2,2814.02,5628.04
HITM0004015,HORD001262,PRD0036,1,120.39,120.39
HITM0004016,HORD001262,PRD0580,1,180.48,180.48
HITM0004017,HORD001262,PRD0989,1,1013.01,1013.01
HITM0004018,HORD001263,PRD0440,2,57.41,114.82
HITM0004019,HORD001263,PRD0180,2,270.59,541.18
HITM0004020,HORD001263,PRD0662,3,808.63,2425.89
HITM0004021,HORD001263,PRD0718,1,214.61,214.61
HITM0004022,HORD001263,PRD0327,1,1792.58,1792.58
HITM0004023,HORD001264,PRD0080,2,15.23,30.46
HITM0004024,HORD001264,PRD0117,1,684.24,684.24
HITM0004025,HORD001264,PRD0549,1,290.7,290.7
HITM0004026,HORD001265,PRD0178,2,184.26,368.52
HITM0004027,HORD001265,PRD0006,1,319.31,319.31
HITM0004028,HORD001265,PRD0048,1,176.51,176.51
HITM0004029,HORD001265,PRD0862,1,1164.81,1164.81
HITM0004030,HORD001265,PRD0027,1,615.88,615.88
HITM0004031,HORD001266,PRD0086,1,747.25,747.25
HITM0004032,HORD001266,PRD0834,1,2605.19,2605.19
HITM0004033,HORD001267,PRD0168,1,654.31,654.31
HITM0004034,HORD001267,PRD0280,1,149.57,149.57
HITM0004035,HORD001267,PRD0216,2,503.39,1006.78
HITM0004036,HORD001267,PRD0212,2,369.65,739.3
HITM0004037,HORD001268,PRD0893,1,739.92,739.92
HITM0004038,HORD001268,PRD0053,1,884.08,884.08
HITM0004039,HORD001268,PRD0542,1,1746.75,1746.75
HITM0004040,HORD001269,PRD0699,1,508.79,508.79
HITM0004041,HORD001269,PRD0204,1,2130.68,2130.68
HITM0004042,HORD001269,PRD0055,1,534.13,534.13
HITM0004043,HORD001270,PRD0885,1,689.68,689.68
HITM0004044,HORD001271,PRD0616,1,480.04,480.04
HITM0004045,HORD001271,PRD0743,2,1557.24,3114.48
HITM0004046,HORD001271,PRD0270,1,381.87,381.87
HITM0004047,HORD001271,PRD0800,1,274.87,274.87
HITM0004048,HORD001272,PRD0853,1,1558.78,1558.78
HITM0004049,HORD001272,PRD0609,1,510.8,510.8
HITM0004050,HORD001272,PRD0680,2,369.12,738.24
HITM0004051,HORD001273,PRD0055,1,534.13,534.13
HITM0004052,HORD001273,PRD0589,1,241.6,241.6
HITM0004053,HORD001274,PRD0367,1,179.97,179.97
HITM0004054,HORD001274,PRD0199,1,1201.16,1201.16
HITM0004055,HORD001274,PRD0655,1,261.66,261.66
HITM0004056,HORD001275,PRD0459,1,553.35,553.35
HITM0004057,HORD001275,PRD0899,1,1056.76,1056.76
HITM0004058,HORD001275,PRD0228,1,121.94,121.94
HITM0004059,HORD001275,PRD0032,1,581.78,581.78
HITM0004060,HORD001276,PRD0653,1,608.0,608.0
HITM0004061,HORD001276,PRD0442,2,1331.04,2662.08
HITM0004062,HORD001276,PRD0537,2,669.66,1339.32
HITM0004063,HORD001277,PRD0736,1,828.82,828.82
HITM0004064,HORD001277,PRD0594,2,2046.58,4093.16
HITM0004065,HORD001277,PRD0583,1,1333.03,1333.03
HITM0004066,HORD001278,PRD0729,1,691.76,691.76
HITM0004067,HORD001278,PRD0826,1,402.15,402.15
HITM0004068,HORD001278,PRD0908,1,826.2,826.2
HITM0004069,HORD001278,PRD0732,1,1280.4,1280.4
HITM0004070,HORD001279,PRD0726,1,479.51,479.51
HITM0004071,HORD001279,PRD0628,1,62.19,62.19
HITM0004072,HORD001280,PRD0063,1,1461.12,1461.12
HITM0004073,HORD001280,PRD0731,1,1026.14,1026.14
HITM0004074,HORD001280,PRD0547,1,2316.63,2316.63
HITM0004075,HORD001280,PRD0706,1,173.61,173.61
HITM0004076,HORD001281,PRD0887,1,159.97,159.97
HITM0004077,HORD001281,PRD0658,1,471.69,471.69
HITM0004078,HORD001281,PRD0950,1,71.67,71.67
HITM0004079,HORD001282,PRD0341,1,2657.98,2657.98
HITM0004080,HORD001282,PRD0347,2,2438.33,4876.66
HITM0004081,HORD001282,PRD0540,1,369.8,369.8
HITM0004082,HORD001283,PRD0498,1,536.61,536.61
HITM0004083,HORD001283,PRD0479,1,527.96,527.96
HITM0004084,HORD001283,PRD0345,2,437.36,874.72
HITM0004085,HORD001283,PRD0645,2,206.79,413.58
HITM0004086,HORD001284,PRD0408,1,1038.75,1038.75
HITM0004087,HORD001284,PRD0212,1,369.65,369.65
HITM0004088,HORD001284,PRD0346,2,291.88,583.76
HITM0004089,HORD001285,PRD0690,1,30.42,30.42
HITM0004090,HORD001285,PRD0897,2,368.24,736.48
HITM0004091,HORD001285,PRD0922,1,905.58,905.58
HITM0004092,HORD001286,PRD0463,1,1498.56,1498.56
HITM0004093,HORD001286,PRD0440,1,57.41,57.41
HITM0004094,HORD001286,PRD0667,1,1136.29,1136.29
HITM0004095,HORD001287,PRD0690,1,30.42,30.42
HITM0004096,HORD001287,PRD0593,1,703.89,703.89
HITM0004097,HORD001288,PRD0120,3,46.82,140.46
HITM0004098,HORD001288,PRD0360,1,362.06,362.06
HITM0004099,HORD001288,PRD0660,2,15.31,30.62
HITM0004100,HORD001289,PRD0723,2,461.99,923.98
HITM0004101,HORD001289,PRD0456,2,111.78,223.56
HITM0004102,HORD001289,PRD0805,1,997.5,997.5
HITM0004103,HORD001290,PRD0585,1,81.84,81.84
HITM0004104,HORD001290,PRD0826,1,402.15,402.15
HITM0004105,HORD001290,PRD0998,1,819.98,819.98
HITM0004106,HORD001290,PRD0009,1,1213.1,1213.1
HITM0004107,HORD001290,PRD0016,1,255.89,255.89
HITM0004108,HORD001291,PRD0159,1,1223.4,1223.4
HITM0004109,HORD001291,PRD0059,1,748.03,748.03
HITM0004110,HORD001292,PRD0935,1,41.85,41.85
HITM0004111,HORD001292,PRD0936,2,214.36,428.72
HITM0004112,HORD001293,PRD0748,1,147.02,147.02
HITM0004113,HORD001293,PRD0730,2,241.01,482.02
HITM0004114,HORD001293,PRD0466,1,520.19,520.19
HITM0004115,HORD001294,PRD0092,1,1139.05,1139.05
HITM0004116,HORD001294,PRD0651,3,2713.88,8141.64
HITM0004117,HORD001294,PRD0087,1,164.58,164.58
HITM0004118,HORD001294,PRD0655,3,261.66,784.98
HITM0004119,HORD001295,PRD0982,1,973.58,973.58
HITM0004120,HORD001295,PRD0458,2,960.04,1920.08
HITM0004121,HORD001295,PRD0950,1,71.67,71.67
HITM0004122,HORD001296,PRD0310,1,83.71,83.71
HITM0004123,HORD001296,PRD0389,1,452.02,452.02
HITM0004124,HORD001296,PRD0319,1,882.45,882.45
HITM0004125,HORD001297,PRD0476,1,181.3,181.3
HITM0004126,HORD001298,PRD0916,1,110.26,110.26
HITM0004127,HORD001298,PRD0228,2,121.94,243.88
HITM0004128,HORD001298,PRD0033,3,884.6,2653.8
HITM0004129,HORD001298,PRD0155,3,372.71,1118.13
HITM0004130,HORD001299,PRD0825,1,606.92,606.92
HITM0004131,HORD001299,PRD0432,1,1426.65,1426.65
HITM0004132,HORD001299,PRD0484,3,1093.53,3280.59
HITM0004133,HORD001300,PRD0690,3,30.42,91.26
HITM0004134,HORD001300,PRD0046,1,355.51,355.51
HITM0004135,HORD001301,PRD0806,2,351.54,703.08
HITM0004136,HORD001301,PRD0992,1,1671.9,1671.9
HITM0004137,HORD001301,PRD0065,1,515.94,515.94
HITM0004138,HORD001301,PRD0442,1,1331.04,1331.04
HITM0004139,HORD001301,PRD0178,2,184.26,368.52
HITM0004140,HORD001302,PRD0905,2,951.23,1902.46
HITM0004141,HORD001302,PRD0906,1,150.8,150.8
HITM0004142,HORD001303,PRD0430,1,126.46,126.46
HITM0004143,HORD001303,PRD0660,1,15.31,15.31
HITM0004144,HORD001303,PRD0025,2,399.48,798.96
HITM0004145,HORD001303,PRD0316,1,640.98,640.98
HITM0004146,HORD001304,PRD0916,1,110.26,110.26
HITM0004147,HORD001304,PRD0617,1,2145.95,2145.95
HITM0004148,HORD001304,PRD0183,3,442.77,1328.31
HITM0004149,HORD001305,PRD0224,1,3534.57,3534.57
HITM0004150,HORD001305,PRD0113,1,418.73,418.73
HITM0004151,HORD001305,PRD0808,1,566.96,566.96
HITM0004152,HORD001306,PRD0329,1,320.22,320.22
HITM0004153,HORD001306,PRD0538,1,986.28,986.28
HITM0004154,HORD001306,PRD0539,1,968.63,968.63
HITM0004155,HORD001306,PRD0667,1,1136.29,1136.29
HITM0004156,HORD001307,PRD0080,1,15.23,15.23
HITM0004157,HORD001307,PRD0485,1,178.75,178.75
HITM0004158,HORD001307,PRD0586,1,110.38,110.38
HITM0004159,HORD001307,PRD0296,1,767.13,767.13
HITM0004160,HORD001308,PRD0376,1,689.26,689.26
HITM0004161,HORD001308,PRD0795,1,1118.81,1118.81
HITM0004162,HORD001308,PRD0695,1,980.37,980.37
HITM0004163,HORD001308,PRD0955,1,56.91,56.91
HITM0004164,HORD001309,PRD0442,2,1331.04,2662.08
HITM0004165,HORD001309,PRD0650,1,233.76,233.76
HITM0004166,HORD001309,PRD0136,1,360.6,360.6
HITM0004167,HORD001310,PRD0922,1,905.58,905.58
HITM0004168,HORD001310,PRD0250,1,79.79,79.79
HITM0004169,HORD001310,PRD0650,1,233.76,233.76
HITM0004170,HORD001311,PRD0379,1,722.92,722.92
HITM0004171,HORD001311,PRD0690,1,30.42,30.42
HITM0004172,HORD001311,PRD0128,1,237.78,237.78
HITM0004173,HORD001312,PRD0520,1,298.12,298.12
HITM0004174,HORD001312,PRD0564,1,3629.67,3629.67
HITM0004175,HORD001312,PRD0828,1,457.81,457.81
HITM0004176,HORD001313,PRD0513,1,532.33,532.33
HITM0004177,HORD001313,PRD0322,3,1333.07,3999.21
HITM0004178,HORD001314,PRD0369,2,123.0,246.0
HITM0004179,HORD001314,PRD0989,1,1013.01,1013.01
HITM0004180,HORD001314,PRD0121,1,2314.16,2314.16
HITM0004181,HORD001315,PRD0154,1,3096.85,3096.85
HITM0004182,HORD001315,PRD0025,1,399.48,399.48
HITM0004183,HORD001315,PRD0046,1,355.51,355.51
HITM0004184,HORD001315,PRD0720,1,313.84,313.84
HITM0004185,HORD001315,PRD0013,1,377.71,377.71
HITM0004186,HORD001316,PRD0301,1,1027.91,1027.91
HITM0004187,HORD001316,PRD0862,1,1164.81,1164.81
HITM0004188,HORD001316,PRD0273,1,697.23,697.23
HITM0004189,HORD001317,PRD0149,1,427.78,427.78
HITM0004190,HORD001317,PRD0539,1,968.63,968.63
HITM0004191,HORD001318,PRD0124,1,659.93,659.93
HITM0004192,HORD001318,PRD0513,1,532.33,532.33
HITM0004193,HORD001319,PRD0193,1,596.94,596.94
HITM0004194,HORD001319,PRD0627,1,869.77,869.77
HITM0004195,HORD001319,PRD0178,1,184.26,184.26
HITM0004196,HORD001320,PRD0217,2,648.29,1296.58
HITM0004197,HORD001320,PRD0099,1,245.95,245.95
HITM0004198,HORD001320,PRD0385,1,272.03,272.03
HITM0004199,HORD001321,PRD0476,1,181.3,181.3
HITM0004200,HORD001321,PRD0875,1,1168.64,1168.64
HITM0004201,HORD001322,PRD0999,1,1457.06,1457.06
HITM0004202,HORD001322,PRD0120,1,46.82,46.82
HITM0004203,HORD001322,PRD0906,1,150.8,150.8
HITM0004204,HORD001323,PRD0133,1,772.02,772.02
HITM0004205,HORD001323,PRD0059,1,748.03,748.03
HITM0004206,HORD001323,PRD0712,1,1402.88,1402.88
HITM0004207,HORD001324,PRD0757,2,1258.09,2516.18
HITM0004208,HORD001324,PRD0202,3,1282.0,3846.0
HITM0004209,HORD001324,PRD0387,2,2307.58,4615.16
HITM0004210,HORD001325,PRD0341,1,2657.98,2657.98
HITM0004211,HORD001325,PRD0692,1,488.18,488.18
HITM0004212,HORD001325,PRD0278,3,623.42,1870.26
HITM0004213,HORD001325,PRD0271,1,2076.99,2076.99
HITM0004214,HORD001326,PRD0687,1,729.09,729.09
HITM0004215,HORD001326,PRD0061,1,1070.18,1070.18
HITM0004216,HORD001326,PRD0967,1,530.38,530.38
HITM0004217,HORD001327,PRD0003,1,316.95,316.95
HITM0004218,HORD001327,PRD0052,2,1050.73,2101.46
HITM0004219,HORD001327,PRD0976,1,838.03,838.03
HITM0004220,HORD001327,PRD0283,1,427.47,427.47
HITM0004221,HORD001328,PRD0239,2,761.02,1522.04
HITM0004222,HORD001329,PRD0585,1,81.84,81.84
HITM0004223,HORD001330,PRD0142,1,1647.71,1647.71
HITM0004224,HORD001330,PRD0760,1,145.6,145.6
HITM0004225,HORD001330,PRD0830,1,57.62,57.62
HITM0004226,HORD001330,PRD0537,1,669.66,669.66
HITM0004227,HORD001330,PRD0492,2,961.25,1922.5
HITM0004228,HORD001331,PRD0492,1,961.25,961.25
HITM0004229,HORD001332,PRD0025,1,399.48,399.48
HITM0004230,HORD001332,PRD0599,1,854.55,854.55
HITM0004231,HORD001332,PRD0658,1,471.69,471.69
HITM0004232,HORD001332,PRD0862,1,1164.81,1164.81
HITM0004233,HORD001333,PRD0495,1,1086.82,1086.82
HITM0004234,HORD001333,PRD0261,2,1185.43,2370.86
HITM0004235,HORD001334,PRD0924,1,1071.28,1071.28
HITM0004236,HORD001334,PRD0536,1,274.78,274.78
HITM0004237,HORD001334,PRD0788,1,319.54,319.54
HITM0004238,HORD001335,PRD0935,1,41.85,41.85
HITM0004239,HORD001335,PRD0835,1,982.79,982.79
HITM0004240,HORD001336,PRD0279,1,165.58,165.58
HITM0004241,HORD001336,PRD0111,2,2227.8,4455.6
HITM0004242,HORD001336,PRD0829,1,964.04,964.04
HITM0004243,HORD001336,PRD0343,1,1104.21,1104.21
HITM0004244,HORD001337,PRD0019,1,1020.41,1020.41
HITM0004245,HORD001337,PRD0662,1,808.63,808.63
HITM0004246,HORD001337,PRD0486,2,297.99,595.98
HITM0004247,HORD001337,PRD0988,1,236.45,236.45
HITM0004248,HORD001338,PRD0491,1,1885.4,1885.4
HITM0004249,HORD001339,PRD0791,2,2879.43,5758.86
HITM0004250,HORD001339,PRD0686,1,654.4,654.4
HITM0004251,HORD001340,PRD0403,1,615.54,615.54
HITM0004252,HORD001340,PRD0334,1,2155.76,2155.76
HITM0004253,HORD001340,PRD0250,1,79.79,79.79
HITM0004254,HORD001341,PRD0305,1,260.29,260.29
HITM0004255,HORD001341,PRD0509,1,306.02,306.02
HITM0004256,HORD001341,PRD0137,1,1138.46,1138.46
HITM0004257,HORD001341,PRD0045,2,124.62,249.24
HITM0004258,HORD001342,PRD0262,1,973.33,973.33
HITM0004259,HORD001342,PRD0960,2,155.66,311.32
HITM0004260,HORD001343,PRD0113,1,418.73,418.73
HITM0004261,HORD001343,PRD0050,1,56.24,56.24
HITM0004262,HORD001343,PRD0830,2,57.62,115.24
HITM0004263,HORD001343,PRD0996,1,643.77,643.77
HITM0004264,HORD001344,PRD0261,1,1185.43,1185.43
HITM0004265,HORD001344,PRD0329,1,320.22,320.22
HITM0004266,HORD001344,PRD0589,1,241.6,241.6
HITM0004267,HORD001344,PRD0545,2,219.94,439.88
HITM0004268,HORD001345,PRD0708,1,545.08,545.08
HITM0004269,HORD001345,PRD0312,1,1449.43,1449.43
HITM0004270,HORD001345,PRD0639,1,912.42,912.42
HITM0004271,HORD001345,PRD0492,1,961.25,961.25
HITM0004272,HORD001346,PRD0960,1,155.66,155.66
HITM0004273,HORD001346,PRD0112,1,1668.77,1668.77
HITM0004274,HORD001346,PRD0962,2,1496.58,2993.16
HITM0004275,HORD001346,PRD0688,2,921.64,1843.28
HITM0004276,HORD001347,PRD0662,2,808.63,1617.26
HITM0004277,HORD001347,PRD0106,1,40.68,40.68
HITM0004278,HORD001348,PRD0657,1,1527.29,1527.29
HITM0004279,HORD001348,PRD0557,1,743.48,743.48
HITM0004280,HORD001349,PRD0288,1,324.08,324.08
HITM0004281,HORD001349,PRD0740,1,326.46,326.46
HITM0004282,HORD001349,PRD0578,1,718.33,718.33
HITM0004283,HORD001350,PRD0582,1,1854.66,1854.66
HITM0004284,HORD001350,PRD0206,1,633.94,633.94
HITM0004285,HORD001350,PRD0853,3,1558.78,4676.34
HITM0004286,HORD001350,PRD0919,1,202.1,202.1
HITM0004287,HORD001350,PRD0585,1,81.84,81.84
HITM0004288,HORD001351,PRD0842,2,1418.63,2837.26
HITM0004289,HORD001351,PRD0205,1,864.54,864.54
HITM0004290,HORD001352,PRD0527,1,2076.11,2076.11
HITM0004291,HORD001352,PRD0153,1,718.81,718.81
HITM0004292,HORD001352,PRD0480,3,379.33,1137.99
HITM0004293,HORD001352,PRD0046,1,355.51,355.51
HITM0004294,HORD001352,PRD0670,1,152.13,152.13
HITM0004295,HORD001353,PRD0519,1,1464.8,1464.8
HITM0004296,HORD001353,PRD0470,1,116.53,116.53
HITM0004297,HORD001353,PRD0439,1,1460.48,1460.48
HITM0004298,HORD001354,PRD0242,2,390.52,781.04
HITM0004299,HORD001354,PRD0446,1,132.64,132.64
HITM0004300,HORD001354,PRD0139,1,1416.61,1416.61
HITM0004301,HORD001354,PRD0315,1,197.15,197.15
HITM0004302,HORD001354,PRD0840,1,48.65,48.65
HITM0004303,HORD001355,PRD0362,1,1217.27,1217.27
HITM0004304,HORD001355,PRD0395,1,366.66,366.66
HITM0004305,HORD001355,PRD0415,2,78.5,157.0
HITM0004306,HORD001355,PRD0322,2,1333.07,2666.14
HITM0004307,HORD001356,PRD0150,1,338.38,338.38
HITM0004308,HORD001356,PRD0302,1,1005.45,1005.45
HITM0004309,HORD001356,PRD0753,1,272.68,272.68
HITM0004310,HORD001357,PRD0180,1,270.59,270.59
HITM0004311,HORD001357,PRD0220,1,144.35,144.35
HITM0004312,HORD001357,PRD0696,1,137.51,137.51
HITM0004313,HORD001358,PRD0377,2,941.97,1883.94
HITM0004314,HORD001358,PRD0089,1,1041.14,1041.14
HITM0004315,HORD001358,PRD0692,1,488.18,488.18
HITM0004316,HORD001358,PRD0068,1,331.71,331.71
HITM0004317,HORD001359,PRD0881,1,1901.2,1901.2
HITM0004318,HORD001359,PRD0111,1,2227.8,2227.8
HITM0004319,HORD001359,PRD0032,1,581.78,581.78
HITM0004320,HORD001360,PRD0795,2,1118.81,2237.62
HITM0004321,HORD001360,PRD0833,1,941.26,941.26
HITM0004322,HORD001361,PRD0485,1,178.75,178.75
HITM0004323,HORD001361,PRD0510,1,176.33,176.33
HITM0004324,HORD001361,PRD0788,2,319.54,639.08
HITM0004325,HORD001362,PRD0916,1,110.26,110.26
HITM0004326,HORD001362,PRD0882,1,404.51,404.51
HITM0004327,HORD001363,PRD0050,1,56.24,56.24
HITM0004328,HORD001364,PRD0003,1,316.95,316.95
HITM0004329,HORD001364,PRD0560,1,414.95,414.95
HITM0004330,HORD001364,PRD0120,1,46.82,46.82
HITM0004331,HORD001365,PRD0940,1,200.38,200.38
HITM0004332,HORD001365,PRD0363,1,554.22,554.22
HITM0004333,HORD001366,PRD0697,1,2301.55,2301.55
HITM0004334,HORD001366,PRD0646,1,155.12,155.12
HITM0004335,HORD001366,PRD0559,2,1357.1,2714.2
HITM0004336,HORD001366,PRD0223,1,1235.21,1235.21
HITM0004337,HORD001367,PRD0051,2,2153.52,4307.04
HITM0004338,HORD001367,PRD0376,2,689.26,1378.52
HITM0004339,HORD001367,PRD0617,1,2145.95,2145.95
HITM0004340,HORD001368,PRD0085,2,477.42,954.84
HITM0004341,HORD001368,PRD0916,1,110.26,110.26
HITM0004342,HORD001368,PRD0767,1,2003.56,2003.56
HITM0004343,HORD001368,PRD0586,1,110.38,110.38
HITM0004344,HORD001369,PRD0468,1,523.04,523.04
HITM0004345,HORD001369,PRD0246,1,674.8,674.8
HITM0004346,HORD001369,PRD0634,1,2121.75,2121.75
HITM0004347,HORD001369,PRD0405,2,146.11,292.22
HITM0004348,HORD001370,PRD0910,1,19.2,19.2
HITM0004349,HORD001370,PRD0897,1,368.24,368.24
HITM0004350,HORD001371,PRD0776,2,143.41,286.82
HITM0004351,HORD001371,PRD1000,1,120.72,120.72
HITM0004352,HORD001371,PRD0713,2,1024.63,2049.26
HITM0004353,HORD001372,PRD0459,1,553.35,553.35
HITM0004354,HORD001372,PRD0217,1,648.29,648.29
HITM0004355,HORD001373,PRD0680,1,369.12,369.12
HITM0004356,HORD001373,PRD0639,1,912.42,912.42
HITM0004357,HORD001373,PRD0048,1,176.51,176.51
HITM0004358,HORD001374,PRD0126,1,273.65,273.65
HITM0004359,HORD001374,PRD0984,1,1014.29,1014.29
HITM0004360,HORD001374,PRD0950,1,71.67,71.67
HITM0004361,HORD001374,PRD0528,1,386.06,386.06
HITM0004362,HORD001375,PRD0619,1,394.74,394.74
HITM0004363,HORD001375,PRD0385,1,272.03,272.03
HITM0004364,HORD001376,PRD0315,1,197.15,197.15
HITM0004365,HORD001377,PRD0234,2,1058.58,2117.16
HITM0004366,HORD001377,PRD0074,1,587.22,587.22
HITM0004367,HORD001378,PRD0335,2,439.66,879.32
HITM0004368,HORD001378,PRD0607,1,1809.95,1809.95
HITM0004369,HORD001378,PRD0028,3,831.06,2493.18
HITM0004370,HORD001379,PRD0996,1,643.77,643.77
HITM0004371,HORD001380,PRD0300,1,305.18,305.18
HITM0004372,HORD001380,PRD0652,1,1180.91,1180.91
HITM0004373,HORD001380,PRD0788,2,319.54,639.08
HITM0004374,HORD001380,PRD0044,1,2873.82,2873.82
HITM0004375,HORD001381,PRD0561,1,951.61,951.61
HITM0004376,HORD001381,PRD0006,1,319.31,319.31
HITM0004377,HORD001381,PRD0201,2,2237.43,4474.86
HITM0004378,HORD001382,PRD0009,1,1213.1,1213.1
HITM0004379,HORD001382,PRD0934,1,4104.95,4104.95
HITM0004380,HORD001382,PRD0297,1,2214.14,2214.14
HITM0004381,HORD001383,PRD0393,1,728.35,728.35
HITM0004382,HORD001383,PRD0547,1,2316.63,2316.63
HITM0004383,HORD001383,PRD0737,1,540.55,540.55
HITM0004384,HORD001384,PRD0155,1,372.71,372.71
HITM0004385,HORD001384,PRD0987,1,1413.83,1413.83
HITM0004386,HORD001384,PRD0430,1,126.46,126.46
HITM0004387,HORD001384,PRD0343,2,1104.21,2208.42
HITM0004388,HORD001384,PRD0855,2,316.87,633.74
HITM0004389,HORD001385,PRD0367,2,179.97,359.94
HITM0004390,HORD001385,PRD0265,1,94.03,94.03
HITM0004391,HORD001385,PRD0518,1,365.35,365.35
HITM0004392,HORD001385,PRD0319,1,882.45,882.45
HITM0004393,HORD001386,PRD0203,1,1327.73,1327.73
HITM0004394,HORD001386,PRD0305,1,260.29,260.29
HITM0004395,HORD001386,PRD0996,1,643.77,643.77
HITM0004396,HORD001386,PRD0393,1,728.35,728.35
HITM0004397,HORD001387,PRD0012,1,711.13,711.13
HITM0004398,HORD001387,PRD0752,1,1395.28,1395.28
HITM0004399,HORD001387,PRD0890,2,279.59,559.18
HITM0004400,HORD001387,PRD0250,1,79.79,79.79
HITM0004401,HORD001388,PRD0942,1,500.96,500.96
HITM0004402,HORD001388,PRD0837,1,471.38,471.38
HITM0004403,HORD001388,PRD0891,1,2011.11,2011.11
HITM0004404,HORD001389,PRD0584,1,2264.13,2264.13
HITM0004405,HORD001389,PRD0482,1,1511.77,1511.77
HITM0004406,HORD001390,PRD0729,1,691.76,691.76
HITM0004407,HORD001390,PRD0363,1,554.22,554.22
HITM0004408,HORD001390,PRD0038,2,758.26,1516.52
HITM0004409,HORD001390,PRD0126,1,273.65,273.65
HITM0004410,HORD001391,PRD0945,1,113.23,113.23
HITM0004411,HORD001391,PRD0613,1,644.35,644.35
HITM0004412,HORD001391,PRD0840,3,48.65,145.95
HITM0004413,HORD001392,PRD0008,1,146.16,146.16
HITM0004414,HORD001392,PRD0606,3,556.12,1668.36
HITM0004415,HORD001392,PRD0075,1,649.4,649.4
HITM0004416,HORD001392,PRD0718,1,214.61,214.61
HITM0004417,HORD001393,PRD0831,1,2373.29,2373.29
HITM0004418,HORD001393,PRD0689,1,1230.12,1230.12
HITM0004419,HORD001393,PRD0559,1,1357.1,1357.1
HITM0004420,HORD001394,PRD0780,1,94.47,94.47
HITM0004421,HORD001395,PRD0876,1,61.28,61.28
HITM0004422,HORD001395,PRD0750,1,181.18,181.18
HITM0004423,HORD001395,PRD0636,2,801.41,1602.82
HITM0004424,HORD001395,PRD0890,1,279.59,279.59
HITM0004425,HORD001396,PRD0425,1,615.94,615.94
HITM0004426,HORD001396,PRD0075,2,649.4,1298.8
HITM0004427,HORD001396,PRD0334,2,2155.76,4311.52
HITM0004428,HORD001396,PRD0070,1,376.35,376.35
HITM0004429,HORD001397,PRD0918,1,270.82,270.82
HITM0004430,HORD001397,PRD0546,1,401.4,401.4
HITM0004431,HORD001397,PRD0216,1,503.39,503.39
HITM0004432,HORD001398,PRD0532,1,1430.86,1430.86
HITM0004433,HORD001398,PRD0126,1,273.65,273.65
HITM0004434,HORD001399,PRD0928,1,302.59,302.59
HITM0004435,HORD001399,PRD0755,1,417.76,417.76
HITM0004436,HORD001399,PRD0752,2,1395.28,2790.56
HITM0004437,HORD001400,PRD0478,1,948.58,948.58
HITM0004438,HORD001400,PRD0223,1,1235.21,1235.21
HITM0004439,HORD001400,PRD0523,1,462.11,462.11
HITM0004440,HORD001400,PRD0988,1,236.45,236.45
HITM0004441,HORD001400,PRD0580,1,180.48,180.48
HITM0004442,HORD001401,PRD0440,1,57.41,57.41
HITM0004443,HORD001401,PRD0663,1,337.29,337.29
HITM0004444,HORD001401,PRD0769,1,333.15,333.15
HITM0004445,HORD001401,PRD0283,1,427.47,427.47
HITM0004446,HORD001401,PRD0050,2,56.24,112.48
HITM0004447,HORD001402,PRD0274,2,2425.87,4851.74
HITM0004448,HORD001402,PRD0204,1,2130.68,2130.68
HITM0004449,HORD001402,PRD0690,1,30.42,30.42
HITM0004450,HORD001402,PRD0320,1,190.98,190.98
HITM0004451,HORD001403,PRD0660,1,15.31,15.31
HITM0004452,HORD001403,PRD0540,1,369.8,369.8
HITM0004453,HORD001404,PRD0392,1,647.54,647.54
HITM0004454,HORD001405,PRD0298,1,724.89,724.89
HITM0004455,HORD001405,PRD0265,1,94.03,94.03
HITM0004456,HORD001406,PRD0960,1,155.66,155.66
HITM0004457,HORD001406,PRD0290,1,151.92,151.92
HITM0004458,HORD001406,PRD0066,1,66.71,66.71
HITM0004459,HORD001406,PRD0124,1,659.93,659.93
HITM0004460,HORD001407,PRD0640,1,415.26,415.26
HITM0004461,HORD001407,PRD0009,1,1213.1,1213.1
HITM0004462,HORD001407,PRD0755,1,417.76,417.76
HITM0004463,HORD001407,PRD0163,2,459.77,919.54
HITM0004464,HORD001408,PRD0153,2,718.81,1437.62
HITM0004465,HORD001408,PRD0799,2,246.05,492.1
HITM0004466,HORD001408,PRD0915,1,682.13,682.13
HITM0004467,HORD001408,PRD0408,2,1038.75,2077.5
HITM0004468,HORD001409,PRD0008,1,146.16,146.16
HITM0004469,HORD001409,PRD0573,2,281.0,562.0
HITM0004470,HORD001410,PRD0818,1,1065.11,1065.11
HITM0004471,HORD001410,PRD0975,1,1104.47,1104.47
HITM0004472,HORD001410,PRD0813,1,772.8,772.8
HITM0004473,HORD001410,PRD0679,1,1370.51,1370.51
HITM0004474,HORD001411,PRD0228,1,121.94,121.94
HITM0004475,HORD001411,PRD0300,1,305.18,305.18
HITM0004476,HORD001411,PRD0676,1,499.99,499.99
HITM0004477,HORD001411,PRD0326,1,62.48,62.48
HITM0004478,HORD001412,PRD0118,1,578.97,578.97
HITM0004479,HORD001412,PRD0438,2,185.01,370.02
HITM0004480,HORD001413,PRD0583,1,1333.03,1333.03
HITM0004481,HORD001413,PRD0378,1,472.12,472.12
HITM0004482,HORD001413,PRD0209,1,767.93,767.93
HITM0004483,HORD001414,PRD0184,1,685.26,685.26
HITM0004484,HORD001414,PRD0408,1,1038.75,1038.75
HITM0004485,HORD001414,PRD0908,1,826.2,826.2
HITM0004486,HORD001414,PRD0130,1,234.4,234.4
HITM0004487,HORD001414,PRD0713,1,1024.63,1024.63
HITM0004488,HORD001415,PRD0349,2,1056.93,2113.86
HITM0004489,HORD001415,PRD0120,1,46.82,46.82
HITM0004490,HORD001415,PRD0611,1,1787.47,1787.47
HITM0004491,HORD001415,PRD0529,1,915.61,915.61
HITM0004492,HORD001416,PRD0983,1,854.84,854.84
HITM0004493,HORD001416,PRD0893,1,739.92,739.92
HITM0004494,HORD001416,PRD0424,1,2256.09,2256.09
HITM0004495,HORD001416,PRD0435,2,721.05,1442.1
HITM0004496,HORD001416,PRD0020,1,254.09,254.09
HITM0004497,HORD001417,PRD0145,1,564.49,564.49
HITM0004498,HORD001417,PRD0197,2,179.71,359.42
HITM0004499,HORD001418,PRD0121,1,2314.16,2314.16
HITM0004500,HORD001418,PRD0919,2,202.1,404.2
HITM0004501,HORD001418,PRD0728,1,649.9,649.9
HITM0004502,HORD001418,PRD0675,1,98.97,98.97
HITM0004503,HORD001418,PRD0754,1,2331.9,2331.9
HITM0004504,HORD001419,PRD0059,3,748.03,2244.09
HITM0004505,HORD001419,PRD0120,2,46.82,93.64
HITM0004506,HORD001419,PRD0935,1,41.85,41.85
HITM0004507,HORD001420,PRD0586,1,110.38,110.38
HITM0004508,HORD001420,PRD0111,1,2227.8,2227.8
HITM0004509,HORD001420,PRD0182,1,680.44,680.44
HITM0004510,HORD001420,PRD0582,1,1854.66,1854.66
HITM0004511,HORD001421,PRD0631,1,2823.87,2823.87
HITM0004512,HORD001421,PRD0707,1,1182.83,1182.83
HITM0004513,HORD001421,PRD0659,2,1247.76,2495.52
HITM0004514,HORD001422,PRD0531,1,2292.33,2292.33
HITM0004515,HORD001422,PRD0731,1,1026.14,1026.14
HITM0004516,HORD001422,PRD0840,1,48.65,48.65
HITM0004517,HORD001422,PRD0676,1,499.99,499.99
HITM0004518,HORD001423,PRD0609,1,510.8,510.8
HITM0004519,HORD001423,PRD0048,1,176.51,176.51
HITM0004520,HORD001423,PRD0975,1,1104.47,1104.47
HITM0004521,HORD001424,PRD0677,1,197.41,197.41
HITM0004522,HORD001424,PRD0365,1,1165.16,1165.16
HITM0004523,HORD001424,PRD0128,1,237.78,237.78
HITM0004524,HORD001424,PRD0935,1,41.85,41.85
HITM0004525,HORD001425,PRD0916,1,110.26,110.26
HITM0004526,HORD001425,PRD0423,1,1099.29,1099.29
HITM0004527,HORD001425,PRD0454,1,1098.4,1098.4
HITM0004528,HORD001426,PRD0090,1,223.82,223.82
HITM0004529,HORD001427,PRD0721,1,2364.46,2364.46
HITM0004530,HORD001427,PRD0928,1,302.59,302.59
HITM0004531,HORD001428,PRD0625,1,1034.61,1034.61
HITM0004532,HORD001428,PRD0696,2,137.51,275.02
HITM0004533,HORD001428,PRD0039,1,951.13,951.13
HITM0004534,HORD001429,PRD0079,1,1319.99,1319.99
HITM0004535,HORD001429,PRD0059,2,748.03,1496.06
HITM0004536,HORD001430,PRD0876,1,61.28,61.28
HITM0004537,HORD001431,PRD0676,1,499.99,499.99
HITM0004538,HORD001431,PRD0886,1,529.82,529.82
HITM0004539,HORD001431,PRD0669,1,603.87,603.87
HITM0004540,HORD001432,PRD0889,1,893.76,893.76
HITM0004541,HORD001432,PRD0096,1,327.95,327.95
HITM0004542,HORD001432,PRD0351,1,1823.65,1823.65
HITM0004543,HORD001433,PRD0346,1,291.88,291.88
HITM0004544,HORD001433,PRD0789,1,776.9,776.9
HITM0004545,HORD001434,PRD0707,1,1182.83,1182.83
HITM0004546,HORD001434,PRD0850,1,312.03,312.03
HITM0004547,HORD001435,PRD0990,1,268.68,268.68
HITM0004548,HORD001435,PRD0231,1,1674.19,1674.19
HITM0004549,HORD001435,PRD0715,1,61.65,61.65
HITM0004550,HORD001435,PRD0559,1,1357.1,1357.1
HITM0004551,HORD001436,PRD0333,1,1274.3,1274.3
HITM0004552,HORD001436,PRD0049,3,917.1,2751.3
HITM0004553,HORD001437,PRD0120,1,46.82,46.82
HITM0004554,HORD001437,PRD0355,2,412.17,824.34
HITM0004555,HORD001437,PRD0713,1,1024.63,1024.63
HITM0004556,HORD001437,PRD0705,1,200.18,200.18
HITM0004557,HORD001438,PRD0767,1,2003.56,2003.56
HITM0004558,HORD001439,PRD0265,1,94.03,94.03
HITM0004559,HORD001439,PRD0377,1,941.97,941.97
HITM0004560,HORD001440,PRD0361,1,1242.28,1242.28
HITM0004561,HORD001440,PRD0045,1,124.62,124.62
HITM0004562,HORD001441,PRD0012,1,711.13,711.13
HITM0004563,HORD001441,PRD0180,1,270.59,270.59
HITM0004564,HORD001442,PRD0140,1,394.57,394.57
HITM0004565,HORD001442,PRD0003,1,316.95,316.95
HITM0004566,HORD001442,PRD0536,1,274.78,274.78
HITM0004567,HORD001443,PRD0481,1,2924.28,2924.28
HITM0004568,HORD001443,PRD0230,2,290.53,581.06
HITM0004569,HORD001443,PRD0020,1,254.09,254.09
HITM0004570,HORD001443,PRD0788,2,319.54,639.08
HITM0004571,HORD001443,PRD0406,2,403.51,807.02
HITM0004572,HORD001444,PRD0048,1,176.51,176.51
HITM0004573,HORD001444,PRD0925,1,327.94,327.94
HITM0004574,HORD001444,PRD0391,1,1914.32,1914.32
HITM0004575,HORD001445,PRD0824,1,3509.94,3509.94
HITM0004576,HORD001445,PRD0957,1,1732.9,1732.9
HITM0004577,HORD001445,PRD0545,1,219.94,219.94
HITM0004578,HORD001446,PRD0660,1,15.31,15.31
HITM0004579,HORD001446,PRD0619,1,394.74,394.74
HITM0004580,HORD001446,PRD0658,1,471.69,471.69
HITM0004581,HORD001446,PRD0064,1,1934.54,1934.54
HITM0004582,HORD001446,PRD0003,1,316.95,316.95
HITM0004583,HORD001447,PRD0899,2,1056.76,2113.52
HITM0004584,HORD001447,PRD0356,1,215.96,215.96
HITM0004585,HORD001447,PRD0228,1,121.94,121.94
HITM0004586,HORD001447,PRD0771,2,1105.04,2210.08
HITM0004587,HORD001448,PRD0983,1,854.84,854.84
HITM0004588,HORD001448,PRD0790,1,110.86,110.86
HITM0004589,HORD001448,PRD0909,1,167.36,167.36
HITM0004590,HORD001448,PRD0405,1,146.11,146.11
HITM0004591,HORD001449,PRD0649,1,1306.2,1306.2
HITM0004592,HORD001449,PRD0918,1,270.82,270.82
HITM0004593,HORD001449,PRD0805,1,997.5,997.5
HITM0004594,HORD001449,PRD0833,1,941.26,941.26
HITM0004595,HORD001450,PRD0839,1,1311.55,1311.55
HITM0004596,HORD001450,PRD0680,1,369.12,369.12
HITM0004597,HORD001451,PRD0254,1,952.39,952.39
HITM0004598,HORD001451,PRD0574,1,3665.3,3665.3
HITM0004599,HORD001451,PRD0308,2,1088.84,2177.68
HITM0004600,HORD001451,PRD0652,1,1180.91,1180.91
HITM0004601,HORD001451,PRD0347,1,2438.33,2438.33
HITM0004602,HORD001452,PRD0589,1,241.6,241.6
HITM0004603,HORD001452,PRD0884,1,1847.69,1847.69
HITM0004604,HORD001452,PRD0712,2,1402.88,2805.76
HITM0004605,HORD001452,PRD0874,1,4174.45,4174.45
HITM0004606,HORD001453,PRD0867,1,500.96,500.96
HITM0004607,HORD001453,PRD0140,1,394.57,394.57
HITM0004608,HORD001454,PRD0631,1,2823.87,2823.87
HITM0004609,HORD001454,PRD0318,3,930.52,2791.56
HITM0004610,HORD001454,PRD0687,1,729.09,729.09
HITM0004611,HORD001455,PRD0126,1,273.65,273.65
HITM0004612,HORD001455,PRD0193,1,596.94,596.94
HITM0004613,HORD001455,PRD0920,2,393.44,786.88
HITM0004614,HORD001456,PRD0916,1,110.26,110.26
HITM0004615,HORD001456,PRD0442,2,1331.04,2662.08
HITM0004616,HORD001457,PRD0335,1,439.66,439.66
HITM0004617,HORD001457,PRD0300,2,305.18,610.36
HITM0004618,HORD001457,PRD0886,1,529.82,529.82
HITM0004619,HORD001458,PRD0874,1,4174.45,4174.45
HITM0004620,HORD001458,PRD0447,2,388.49,776.98
HITM0004621,HORD001458,PRD0190,1,274.29,274.29
HITM0004622,HORD001459,PRD0410,1,212.08,212.08
HITM0004623,HORD001459,PRD0141,2,2256.8,4513.6
HITM0004624,HORD001459,PRD0104,2,1407.8,2815.6
HITM0004625,HORD001460,PRD0771,1,1105.04,1105.04
HITM0004626,HORD001460,PRD0632,1,1826.27,1826.27
HITM0004627,HORD001460,PRD0755,2,417.76,835.52
HITM0004628,HORD001460,PRD0161,1,1855.03,1855.03
HITM0004629,HORD001461,PRD0325,2,926.64,1853.28
HITM0004630,HORD001461,PRD0282,1,641.72,641.72
HITM0004631,HORD001462,PRD0262,1,973.33,973.33
HITM0004632,HORD001462,PRD0710,1,221.52,221.52
HITM0004633,HORD001462,PRD0020,3,254.09,762.27
HITM0004634,HORD001463,PRD0304,1,966.94,966.94
HITM0004635,HORD001463,PRD0719,3,836.38,2509.14
HITM0004636,HORD001463,PRD0569,1,238.57,238.57
HITM0004637,HORD001463,PRD0268,2,395.01,790.02
HITM0004638,HORD001464,PRD0899,1,1056.76,1056.76
HITM0004639,HORD001464,PRD0602,2,1093.07,2186.14
HITM0004640,HORD001464,PRD0677,1,197.41,197.41
HITM0004641,HORD001464,PRD0108,1,462.45,462.45
HITM0004642,HORD001464,PRD0390,1,391.31,391.31
HITM0004643,HORD001465,PRD0859,1,530.9,530.9
HITM0004644,HORD001466,PRD0213,1,1091.55,1091.55
HITM0004645,HORD001466,PRD0586,2,110.38,220.76
HITM0004646,HORD001466,PRD1000,2,120.72,241.44
HITM0004647,HORD001466,PRD0797,1,850.77,850.77
HITM0004648,HORD001467,PRD0411,1,2843.11,2843.11
HITM0004649,HORD001467,PRD0830,2,57.62,115.24
HITM0004650,HORD001467,PRD0779,2,621.7,1243.4
HITM0004651,HORD001468,PRD0293,1,1414.37,1414.37
HITM0004652,HORD001468,PRD0650,1,233.76,233.76
HITM0004653,HORD001468,PRD0036,1,120.39,120.39
HITM0004654,HORD001468,PRD0532,1,1430.86,1430.86
HITM0004655,HORD001469,PRD0625,1,1034.61,1034.61
HITM0004656,HORD001470,PRD0525,1,589.06,589.06
HITM0004657,HORD001470,PRD0051,3,2153.52,6460.56
HITM0004658,HORD001471,PRD0744,1,2051.82,2051.82
HITM0004659,HORD001471,PRD0128,1,237.78,237.78
HITM0004660,HORD001472,PRD0480,1,379.33,379.33
HITM0004661,HORD001472,PRD0795,2,1118.81,2237.62
HITM0004662,HORD001473,PRD0562,1,1226.97,1226.97
HITM0004663,HORD001473,PRD0389,1,452.02,452.02
HITM0004664,HORD001473,PRD0385,1,272.03,272.03
HITM0004665,HORD001474,PRD0861,1,1625.97,1625.97
HITM0004666,HORD001474,PRD0505,2,967.54,1935.08
HITM0004667,HORD001474,PRD0634,1,2121.75,2121.75
HITM0004668,HORD001475,PRD0166,1,401.82,401.82
HITM0004669,HORD001475,PRD0028,1,831.06,831.06
HITM0004670,HORD001475,PRD0956,1,86.17,86.17
HITM0004671,HORD001475,PRD0969,2,748.26,1496.52
HITM0004672,HORD001476,PRD0484,1,1093.53,1093.53
HITM0004673,HORD001476,PRD1000,2,120.72,241.44
HITM0004674,HORD001477,PRD0495,1,1086.82,1086.82
HITM0004675,HORD001477,PRD0292,1,1683.43,1683.43
HITM0004676,HORD001478,PRD0858,1,188.42,188.42
HITM0004677,HORD001478,PRD0477,1,1488.86,1488.86
HITM0004678,HORD001478,PRD0583,1,1333.03,1333.03
HITM0004679,HORD001478,PRD0722,2,373.93,747.86
HITM0004680,HORD001478,PRD0951,1,1391.02,1391.02
HITM0004681,HORD001479,PRD0080,1,15.23,15.23
HITM0004682,HORD001479,PRD0449,1,483.76,483.76
HITM0004683,HORD001479,PRD0752,3,1395.28,4185.84
HITM0004684,HORD001479,PRD0520,1,298.12,298.12
HITM0004685,HORD001480,PRD0455,2,679.95,1359.9
HITM0004686,HORD001480,PRD0681,1,963.93,963.93
HITM0004687,HORD001481,PRD0241,2,2265.52,4531.04
HITM0004688,HORD001481,PRD0376,1,689.26,689.26
HITM0004689,HORD001481,PRD0251,1,2656.31,2656.31
HITM0004690,HORD001481,PRD0050,1,56.24,56.24
HITM0004691,HORD001482,PRD0666,1,703.13,703.13
HITM0004692,HORD001482,PRD0797,1,850.77,850.77
HITM0004693,HORD001482,PRD0385,1,272.03,272.03
HITM0004694,HORD001482,PRD0922,1,905.58,905.58
HITM0004695,HORD001483,PRD0386,1,703.44,703.44
HITM0004696,HORD001484,PRD0193,1,596.94,596.94
HITM0004697,HORD001484,PRD0059,1,748.03,748.03
HITM0004698,HORD001485,PRD0672,1,1330.59,1330.59
HITM0004699,HORD001485,PRD0918,1,270.82,270.82
HITM0004700,HORD001485,PRD0339,2,1457.58,2915.16
HITM0004701,HORD001485,PRD0089,1,1041.14,1041.14
HITM0004702,HORD001486,PRD0335,2,439.66,879.32
HITM0004703,HORD001486,PRD0627,2,869.77,1739.54
HITM0004704,HORD001486,PRD0400,1,158.67,158.67
HITM0004705,HORD001487,PRD0225,1,1060.36,1060.36
HITM0004706,HORD001487,PRD0935,3,41.85,125.55
HITM0004707,HORD001487,PRD0318,1,930.52,930.52
HITM0004708,HORD001488,PRD0369,1,123.0,123.0
HITM0004709,HORD001488,PRD0084,2,1560.4,3120.8
HITM0004710,HORD001488,PRD0910,1,19.2,19.2
HITM0004711,HORD001488,PRD0078,1,1051.69,1051.69
HITM0004712,HORD001488,PRD0792,2,1199.37,2398.74
HITM0004713,HORD001489,PRD0867,1,500.96,500.96
HITM0004714,HORD001490,PRD0627,1,869.77,869.77
HITM0004715,HORD001490,PRD0706,1,173.61,173.61
HITM0004716,HORD001491,PRD0384,1,2615.99,2615.99
HITM0004717,HORD001491,PRD0935,1,41.85,41.85
HITM0004718,HORD001491,PRD0061,1,1070.18,1070.18
HITM0004719,HORD001491,PRD0468,1,523.04,523.04
HITM0004720,HORD001492,PRD0471,1,1997.5,1997.5
HITM0004721,HORD001492,PRD0266,1,667.96,667.96
HITM0004722,HORD001493,PRD0313,1,1109.77,1109.77
HITM0004723,HORD001493,PRD0280,2,149.57,299.14
HITM0004724,HORD001494,PRD0355,1,412.17,412.17
HITM0004725,HORD001494,PRD0878,1,453.39,453.39
HITM0004726,HORD001494,PRD0531,2,2292.33,4584.66
HITM0004727,HORD001494,PRD0454,1,1098.4,1098.4
HITM0004728,HORD001494,PRD0681,1,963.93,963.93
HITM0004729,HORD001495,PRD0585,2,81.84,163.68
HITM0004730,HORD001495,PRD0900,1,204.44,204.44
HITM0004731,HORD001495,PRD0209,3,767.93,2303.79
HITM0004732,HORD001496,PRD0368,1,372.64,372.64
HITM0004733,HORD001496,PRD0617,1,2145.95,2145.95
HITM0004734,HORD001496,PRD0837,1,471.38,471.38
HITM0004735,HORD001497,PRD0685,1,963.7,963.7
HITM0004736,HORD001497,PRD0036,1,120.39,120.39
HITM0004737,HORD001497,PRD0895,1,1012.5,1012.5
HITM0004738,HORD001497,PRD0283,1,427.47,427.47
HITM0004739,HORD001497,PRD0138,1,818.63,818.63
HITM0004740,HORD001498,PRD0536,2,274.78,549.56
HITM0004741,HORD001498,PRD0509,1,306.02,306.02
HITM0004742,HORD001498,PRD0212,1,369.65,369.65
HITM0004743,HORD001499,PRD0981,1,2016.47,2016.47
HITM0004744,HORD001499,PRD0750,1,181.18,181.18
HITM0004745,HORD001499,PRD0619,1,394.74,394.74
HITM0004746,HORD001500,PRD0411,1,2843.11,2843.11
HITM0004747,HORD001500,PRD0523,1,462.11,462.11
HITM0004748,HORD001501,PRD0992,1,1671.9,1671.9
HITM0004749,HORD001501,PRD0567,2,1250.81,2501.62
HITM0004750,HORD001501,PRD0508,2,652.45,1304.9
HITM0004751,HORD001502,PRD0702,2,1587.86,3175.72
HITM0004752,HORD001502,PRD0867,2,500.96,1001.92
HITM0004753,HORD001502,PRD0315,1,197.15,197.15
HITM0004754,HORD001502,PRD0691,1,2536.12,2536.12
HITM0004755,HORD001502,PRD0447,1,388.49,388.49
HITM0004756,HORD001503,PRD0858,1,188.42,188.42
HITM0004757,HORD001503,PRD0914,2,1089.48,2178.96
HITM0004758,HORD001503,PRD0424,2,2256.09,4512.18
HITM0004759,HORD001503,PRD0308,1,1088.84,1088.84
HITM0004760,HORD001504,PRD0457,2,1014.79,2029.58
HITM0004761,HORD001505,PRD0998,2,819.98,1639.96
HITM0004762,HORD001505,PRD0197,1,179.71,179.71
HITM0004763,HORD001505,PRD0720,1,313.84,313.84
HITM0004764,HORD001506,PRD0629,1,925.23,925.23
HITM0004765,HORD001506,PRD0356,1,215.96,215.96
HITM0004766,HORD001506,PRD0988,1,236.45,236.45
HITM0004767,HORD001507,PRD0506,1,760.73,760.73
HITM0004768,HORD001507,PRD0092,2,1139.05,2278.1
HITM0004769,HORD001507,PRD0906,2,150.8,301.6
HITM0004770,HORD001507,PRD0712,1,1402.88,1402.88
HITM0004771,HORD001507,PRD0286,2,159.28,318.56
HITM0004772,HORD001508,PRD0833,1,941.26,941.26
HITM0004773,HORD001508,PRD0075,1,649.4,649.4
HITM0004774,HORD001509,PRD0745,2,882.2,1764.4
HITM0004775,HORD001509,PRD0300,1,305.18,305.18
HITM0004776,HORD001509,PRD0399,1,273.24,273.24
HITM0004777,HORD001509,PRD0322,1,1333.07,1333.07
HITM0004778,HORD001509,PRD0435,1,721.05,721.05
HITM0004779,HORD001510,PRD0133,1,772.02,772.02
HITM0004780,HORD001510,PRD0794,1,464.13,464.13
HITM0004781,HORD001510,PRD0362,1,1217.27,1217.27
HITM0004782,HORD001510,PRD0954,1,848.21,848.21
HITM0004783,HORD001511,PRD0219,1,227.25,227.25
HITM0004784,HORD001511,PRD0186,2,280.16,560.32
HITM0004785,HORD001511,PRD0058,1,137.85,137.85
HITM0004786,HORD001511,PRD0354,1,2902.62,2902.62
HITM0004787,HORD001512,PRD0265,1,94.03,94.03
HITM0004788,HORD001512,PRD0035,2,215.11,430.22
HITM0004789,HORD001512,PRD0654,1,2311.57,2311.57
HITM0004790,HORD001512,PRD0720,1,313.84,313.84
HITM0004791,HORD001513,PRD0224,1,3534.57,3534.57
HITM0004792,HORD001513,PRD0980,1,286.55,286.55
HITM0004793,HORD001514,PRD0412,1,383.4,383.4
HITM0004794,HORD001514,PRD0640,1,415.26,415.26
HITM0004795,HORD001514,PRD0695,1,980.37,980.37
HITM0004796,HORD001515,PRD0285,1,709.46,709.46
HITM0004797,HORD001515,PRD0853,2,1558.78,3117.56
HITM0004798,HORD001515,PRD0938,3,929.59,2788.77
HITM0004799,HORD001515,PRD0105,1,431.76,431.76
HITM0004800,HORD001515,PRD0627,1,869.77,869.77
HITM0004801,HORD001516,PRD0385,2,272.03,544.06
HITM0004802,HORD001516,PRD0898,3,272.18,816.54
HITM0004803,HORD001516,PRD0110,1,110.2,110.2
HITM0004804,HORD001516,PRD0426,2,571.98,1143.96
HITM0004805,HORD001517,PRD0780,2,94.47,188.94
HITM0004806,HORD001517,PRD0285,2,709.46,1418.92
HITM0004807,HORD001518,PRD0101,2,1188.71,2377.42
HITM0004808,HORD001518,PRD0103,1,619.16,619.16
HITM0004809,HORD001518,PRD0097,1,2221.25,2221.25
HITM0004810,HORD001519,PRD0730,1,241.01,241.01
HITM0004811,HORD001519,PRD0076,2,729.89,1459.78
HITM0004812,HORD001519,PRD0498,1,536.61,536.61
HITM0004813,HORD001519,PRD0761,1,2207.59,2207.59
HITM0004814,HORD001519,PRD0106,2,40.68,81.36
HITM0004815,HORD001520,PRD0623,2,1221.11,2442.22
HITM0004816,HORD001520,PRD0229,1,963.55,963.55
HITM0004817,HORD001520,PRD0862,1,1164.81,1164.81
HITM0004818,HORD001520,PRD0499,1,253.73,253.73
HITM0004819,HORD001521,PRD0346,3,291.88,875.64
HITM0004820,HORD001521,PRD0989,2,1013.01,2026.02
HITM0004821,HORD001521,PRD0369,2,123.0,246.0
HITM0004822,HORD001521,PRD0994,1,916.4,916.4
HITM0004823,HORD001522,PRD0560,2,414.95,829.9
HITM0004824,HORD001522,PRD0368,1,372.64,372.64
HITM0004825,HORD001523,PRD0376,1,689.26,689.26
HITM0004826,HORD001523,PRD0502,1,1737.87,1737.87
HITM0004827,HORD001523,PRD0444,1,617.76,617.76
HITM0004828,HORD001523,PRD0445,3,1026.22,3078.66
HITM0004829,HORD001523,PRD0964,1,449.57,449.57
HITM0004830,HORD001524,PRD0830,1,57.62,57.62
HITM0004831,HORD001524,PRD0120,1,46.82,46.82
HITM0004832,HORD001524,PRD0286,1,159.28,159.28
HITM0004833,HORD001524,PRD0068,2,331.71,663.42
HITM0004834,HORD001525,PRD0945,1,113.23,113.23
HITM0004835,HORD001525,PRD0219,1,227.25,227.25
HITM0004836,HORD001525,PRD0271,1,2076.99,2076.99
HITM0004837,HORD001526,PRD0613,1,644.35,644.35
HITM0004838,HORD001526,PRD0266,2,667.96,1335.92
HITM0004839,HORD001526,PRD0391,2,1914.32,3828.64
HITM0004840,HORD001527,PRD0176,2,408.12,816.24
HITM0004841,HORD001527,PRD0490,1,337.69,337.69
HITM0004842,HORD001527,PRD0449,2,483.76,967.52
HITM0004843,HORD001527,PRD0513,1,532.33,532.33
HITM0004844,HORD001528,PRD0415,2,78.5,157.0
HITM0004845,HORD001528,PRD0645,1,206.79,206.79
HITM0004846,HORD001528,PRD0330,1,222.78,222.78
HITM0004847,HORD001528,PRD0306,2,487.14,974.28
HITM0004848,HORD001529,PRD0747,1,619.18,619.18
HITM0004849,HORD001529,PRD0036,1,120.39,120.39
HITM0004850,HORD001529,PRD0028,1,831.06,831.06
HITM0004851,HORD001530,PRD0416,1,420.25,420.25
HITM0004852,HORD001530,PRD0010,1,386.41,386.41
HITM0004853,HORD001530,PRD0268,1,395.01,395.01
HITM0004854,HORD001530,PRD0099,1,245.95,245.95
HITM0004855,HORD001530,PRD0914,1,1089.48,1089.48
HITM0004856,HORD001531,PRD0583,1,1333.03,1333.03
HITM0004857,HORD001532,PRD0078,1,1051.69,1051.69
HITM0004858,HORD001532,PRD0126,1,273.65,273.65
HITM0004859,HORD001532,PRD0670,1,152.13,152.13
HITM0004860,HORD001533,PRD0836,1,826.24,826.24
HITM0004861,HORD001533,PRD0004,1,468.81,468.81
HITM0004862,HORD001533,PRD0298,1,724.89,724.89
HITM0004863,HORD001534,PRD0774,2,3381.71,6763.42
HITM0004864,HORD001534,PRD0337,2,2341.34,4682.68
HITM0004865,HORD001534,PRD0405,1,146.11,146.11
HITM0004866,HORD001535,PRD0768,1,1063.13,1063.13
HITM0004867,HORD001535,PRD0673,1,1159.13,1159.13
HITM0004868,HORD001535,PRD0386,1,703.44,703.44
HITM0004869,HORD001535,PRD0548,1,957.21,957.21
HITM0004870,HORD001536,PRD0850,2,312.03,624.06
HITM0004871,HORD001536,PRD0080,3,15.23,45.69
HITM0004872,HORD001536,PRD0128,1,237.78,237.78
HITM0004873,HORD001537,PRD0415,2,78.5,157.0
HITM0004874,HORD001537,PRD0152,1,575.19,575.19
HITM0004875,HORD001537,PRD0327,2,1792.58,3585.16
HITM0004876,HORD001537,PRD0240,1,417.49,417.49
HITM0004877,HORD001538,PRD0078,1,1051.69,1051.69
HITM0004878,HORD001538,PRD0485,1,178.75,178.75
HITM0004879,HORD001538,PRD0800,2,274.87,549.74
HITM0004880,HORD001538,PRD0864,2,3026.32,6052.64
HITM0004881,HORD001538,PRD0200,1,160.69,160.69
HITM0004882,HORD001539,PRD0582,1,1854.66,1854.66
HITM0004883,HORD001539,PRD0369,1,123.0,123.0
HITM0004884,HORD001539,PRD0776,1,143.41,143.41
HITM0004885,HORD001540,PRD0424,1,2256.09,2256.09
HITM0004886,HORD001540,PRD0452,1,1619.46,1619.46
HITM0004887,HORD001540,PRD0694,1,1984.32,1984.32
HITM0004888,HORD001541,PRD0987,1,1413.83,1413.83
HITM0004889,HORD001541,PRD0761,1,2207.59,2207.59
HITM0004890,HORD001541,PRD0220,1,144.35,144.35
HITM0004891,HORD001541,PRD0840,1,48.65,48.65
HITM0004892,HORD001541,PRD0345,1,437.36,437.36
HITM0004893,HORD001542,PRD0335,1,439.66,439.66
HITM0004894,HORD001542,PRD0430,1,126.46,126.46
HITM0004895,HORD001542,PRD0568,1,237.73,237.73
HITM0004896,HORD001542,PRD0657,1,1527.29,1527.29
HITM0004897,HORD001543,PRD0726,1,479.51,479.51
HITM0004898,HORD001543,PRD0194,2,537.22,1074.44
HITM0004899,HORD001543,PRD0355,1,412.17,412.17
HITM0004900,HORD001544,PRD0679,1,1370.51,1370.51
HITM0004901,HORD001544,PRD0626,1,529.21,529.21
HITM0004902,HORD001544,PRD0827,2,1290.81,2581.62
HITM0004903,HORD001544,PRD0875,2,1168.64,2337.28
HITM0004904,HORD001545,PRD0356,1,215.96,215.96
HITM0004905,HORD001545,PRD0830,1,57.62,57.62
HITM0004906,HORD001545,PRD0560,2,414.95,829.9
HITM0004907,HORD001546,PRD0051,2,2153.52,4307.04
HITM0004908,HORD001546,PRD0400,1,158.67,158.67
HITM0004909,HORD001547,PRD0873,1,343.79,343.79
HITM0004910,HORD001547,PRD0852,1,465.95,465.95
HITM0004911,HORD001547,PRD0606,1,556.12,556.12
HITM0004912,HORD001548,PRD0399,1,273.24,273.24
HITM0004913,HORD001548,PRD0628,1,62.19,62.19
HITM0004914,HORD001548,PRD0799,1,246.05,246.05
HITM0004915,HORD001548,PRD0978,1,897.68,897.68
HITM0004916,HORD001548,PRD0194,1,537.22,537.22
HITM0004917,HORD001549,PRD0363,1,554.22,554.22
HITM0004918,HORD001549,PRD0351,1,1823.65,1823.65
HITM0004919,HORD001549,PRD0731,2,1026.14,2052.28
HITM0004920,HORD001550,PRD0671,1,1480.66,1480.66
HITM0004921,HORD001550,PRD0320,1,190.98,190.98
HITM0004922,HORD001550,PRD0390,1,391.31,391.31
HITM0004923,HORD001550,PRD0049,1,917.1,917.1
HITM0004924,HORD001551,PRD0967,2,530.38,1060.76
HITM0004925,HORD001551,PRD0325,1,926.64,926.64
HITM0004926,HORD001551,PRD0383,1,1128.0,1128.0
HITM0004927,HORD001552,PRD0268,2,395.01,790.02
HITM0004928,HORD001552,PRD0384,2,2615.99,5231.98
HITM0004929,HORD001552,PRD0946,1,643.19,643.19
HITM0004930,HORD001552,PRD0917,1,1549.86,1549.86
HITM0004931,HORD001552,PRD0463,1,1498.56,1498.56
HITM0004932,HORD001553,PRD0164,1,1650.2,1650.2
HITM0004933,HORD001553,PRD0170,1,202.15,202.15
HITM0004934,HORD001553,PRD0964,1,449.57,449.57
HITM0004935,HORD001553,PRD0407,1,607.64,607.64
HITM0004936,HORD001554,PRD0431,1,1519.4,1519.4
HITM0004937,HORD001555,PRD0166,1,401.82,401.82
HITM0004938,HORD001555,PRD0622,1,678.69,678.69
HITM0004939,HORD001555,PRD0267,1,657.53,657.53
HITM0004940,HORD001555,PRD0333,1,1274.3,1274.3
HITM0004941,HORD001556,PRD0887,1,159.97,159.97
HITM0004942,HORD001556,PRD0270,1,381.87,381.87
HITM0004943,HORD001556,PRD0016,2,255.89,511.78
HITM0004944,HORD001557,PRD0140,1,394.57,394.57
HITM0004945,HORD001557,PRD0096,1,327.95,327.95
HITM0004946,HORD001558,PRD0721,1,2364.46,2364.46
HITM0004947,HORD001558,PRD0874,1,4174.45,4174.45
HITM0004948,HORD001558,PRD0600,1,198.56,198.56
HITM0004949,HORD001559,PRD0516,3,293.41,880.23
HITM0004950,HORD001559,PRD0169,1,1449.49,1449.49
HITM0004951,HORD001559,PRD0831,1,2373.29,2373.29
HITM0004952,HORD001559,PRD0265,1,94.03,94.03
HITM0004953,HORD001560,PRD0093,1,1233.02,1233.02
HITM0004954,HORD001561,PRD0655,1,261.66,261.66
HITM0004955,HORD001561,PRD0399,1,273.24,273.24
HITM0004956,HORD001561,PRD0846,1,427.97,427.97
HITM0004957,HORD001561,PRD0716,1,197.99,197.99
HITM0004958,HORD001561,PRD0975,1,1104.47,1104.47
HITM0004959,HORD001562,PRD0415,1,78.5,78.5
HITM0004960,HORD001562,PRD0389,1,452.02,452.02
HITM0004961,HORD001562,PRD0066,1,66.71,66.71
HITM0004962,HORD001563,PRD0475,1,1049.43,1049.43
HITM0004963,HORD001563,PRD0082,1,1853.06,1853.06
HITM0004964,HORD001563,PRD0956,1,86.17,86.17
HITM0004965,HORD001564,PRD0249,2,1193.82,2387.64
HITM0004966,HORD001564,PRD0654,1,2311.57,2311.57
HITM0004967,HORD001565,PRD0372,2,943.73,1887.46
HITM0004968,HORD001565,PRD0770,2,144.73,289.46
HITM0004969,HORD001565,PRD0578,1,718.33,718.33
HITM0004970,HORD001565,PRD0532,1,1430.86,1430.86
HITM0004971,HORD001566,PRD0654,1,2311.57,2311.57
HITM0004972,HORD001567,PRD0886,1,529.82,529.82
HITM0004973,HORD001568,PRD0082,1,1853.06,1853.06
HITM0004974,HORD001568,PRD0680,2,369.12,738.24
HITM0004975,HORD001568,PRD0166,1,401.82,401.82
HITM0004976,HORD001568,PRD0660,1,15.31,15.31
HITM0004977,HORD001569,PRD0579,1,1153.54,1153.54
HITM0004978,HORD001569,PRD0856,1,734.6,734.6
HITM0004979,HORD001569,PRD0765,1,1162.91,1162.91
HITM0004980,HORD001570,PRD0040,1,239.17,239.17
HITM0004981,HORD001570,PRD0935,1,41.85,41.85
HITM0004982,HORD001570,PRD0360,3,362.06,1086.18
HITM0004983,HORD001571,PRD0855,1,316.87,316.87
HITM0004984,HORD001571,PRD0725,1,107.02,107.02
HITM0004985,HORD001571,PRD0452,1,1619.46,1619.46
HITM0004986,HORD001571,PRD0071,1,1342.48,1342.48
HITM0004987,HORD001572,PRD0594,1,2046.58,2046.58
HITM0004988,HORD001572,PRD0471,2,1997.5,3995.0
HITM0004989,HORD001572,PRD0166,3,401.82,1205.46
HITM0004990,HORD001573,PRD0383,1,1128.0,1128.0
HITM0004991,HORD001573,PRD0286,1,159.28,159.28
HITM0004992,HORD001573,PRD0704,1,3699.65,3699.65
HITM0004993,HORD001574,PRD0676,1,499.99,499.99
HITM0004994,HORD001574,PRD0087,1,164.58,164.58
HITM0004995,HORD001575,PRD0675,1,98.97,98.97
HITM0004996,HORD001575,PRD0935,2,41.85,83.7
HITM0004997,HORD001575,PRD0976,1,838.03,838.03
HITM0004998,HORD001576,PRD0829,1,964.04,964.04
HITM0004999,HORD001576,PRD0186,1,280.16,280.16
HITM0005000,HORD001576,PRD0978,1,897.68,897.68
HITM0005001,HORD001576,PRD0942,1,500.96,500.96
HITM0005002,HORD001577,PRD0896,1,810.67,810.67
HITM0005003,HORD001577,PRD0513,1,532.33,532.33
HITM0005004,HORD001577,PRD0327,1,1792.58,1792.58
HITM0005005,HORD001577,PRD0897,1,368.24,368.24
HITM0005006,HORD001578,PRD0628,1,62.19,62.19
HITM0005007,HORD001578,PRD0656,1,473.06,473.06
HITM0005008,HORD001578,PRD0724,1,2281.33,2281.33
HITM0005009,HORD001579,PRD0397,1,1333.88,1333.88
HITM0005010,HORD001579,PRD0051,2,2153.52,4307.04
HITM0005011,HORD001579,PRD0850,1,312.03,312.03
HITM0005012,HORD001580,PRD0120,1,46.82,46.82
HITM0005013,HORD001580,PRD0460,1,250.7,250.7
HITM0005014,HORD001581,PRD0979,1,1164.08,1164.08
HITM0005015,HORD001581,PRD0732,1,1280.4,1280.4
HITM0005016,HORD001581,PRD0109,3,326.84,980.52
HITM0005017,HORD001581,PRD0973,1,975.98,975.98
HITM0005018,HORD001582,PRD0012,1,711.13,711.13
HITM0005019,HORD001582,PRD0288,1,324.08,324.08
HITM0005020,HORD001582,PRD0635,2,140.41,280.82
HITM0005021,HORD001583,PRD0611,2,1787.47,3574.94
HITM0005022,HORD001583,PRD0297,2,2214.14,4428.28
HITM0005023,HORD001584,PRD0698,1,445.24,445.24
HITM0005024,HORD001584,PRD0539,1,968.63,968.63
HITM0005025,HORD001584,PRD0624,2,588.21,1176.42
HITM0005026,HORD001585,PRD0645,1,206.79,206.79
HITM0005027,HORD001585,PRD0232,2,1634.96,3269.92
HITM0005028,HORD001585,PRD0981,1,2016.47,2016.47
HITM0005029,HORD001586,PRD0141,1,2256.8,2256.8
HITM0005030,HORD001586,PRD0985,1,602.55,602.55
HITM0005031,HORD001586,PRD0253,1,1494.32,1494.32
HITM0005032,HORD001587,PRD0491,1,1885.4,1885.4
HITM0005033,HORD001587,PRD0108,1,462.45,462.45
HITM0005034,HORD001587,PRD0610,1,159.67,159.67
HITM0005035,HORD001588,PRD0092,1,1139.05,1139.05
HITM0005036,HORD001589,PRD0376,1,689.26,689.26
HITM0005037,HORD001589,PRD0208,1,425.89,425.89
HITM0005038,HORD001589,PRD0245,1,616.59,616.59
HITM0005039,HORD001590,PRD0170,1,202.15,202.15
HITM0005040,HORD001590,PRD0587,1,1683.8,1683.8
HITM0005041,HORD001591,PRD0660,1,15.31,15.31
HITM0005042,HORD001591,PRD0760,1,145.6,145.6
HITM0005043,HORD001592,PRD0437,1,2082.66,2082.66
HITM0005044,HORD001592,PRD0288,1,324.08,324.08
HITM0005045,HORD001592,PRD0326,1,62.48,62.48
HITM0005046,HORD001593,PRD0844,1,1595.23,1595.23
HITM0005047,HORD001593,PRD0385,2,272.03,544.06
HITM0005048,HORD001593,PRD0172,2,642.62,1285.24
HITM0005049,HORD001593,PRD0021,1,1229.32,1229.32
HITM0005050,HORD001594,PRD0161,1,1855.03,1855.03
HITM0005051,HORD001594,PRD0109,2,326.84,653.68
HITM0005052,HORD001595,PRD0446,1,132.64,132.64
HITM0005053,HORD001595,PRD0394,1,1051.66,1051.66
HITM0005054,HORD001595,PRD0120,1,46.82,46.82
HITM0005055,HORD001595,PRD0614,1,2379.02,2379.02
HITM0005056,HORD001596,PRD0975,2,1104.47,2208.94
HITM0005057,HORD001596,PRD0750,1,181.18,181.18
HITM0005058,HORD001596,PRD0955,1,56.91,56.91
HITM0005059,HORD001596,PRD0413,1,1348.47,1348.47
HITM0005060,HORD001596,PRD0245,2,616.59,1233.18
HITM0005061,HORD001597,PRD0862,1,1164.81,1164.81
HITM0005062,HORD001597,PRD0715,2,61.65,123.3
HITM0005063,HORD001597,PRD0896,1,810.67,810.67
HITM0005064,HORD001597,PRD0859,1,530.9,530.9
HITM0005065,HORD001598,PRD0788,1,319.54,319.54
HITM0005066,HORD001598,PRD0170,1,202.15,202.15
HITM0005067,HORD001598,PRD0515,2,1139.31,2278.62
HITM0005068,HORD001598,PRD0825,1,606.92,606.92
HITM0005069,HORD001598,PRD0578,1,718.33,718.33
HITM0005070,HORD001599,PRD0782,1,452.61,452.61
HITM0005071,HORD001599,PRD0348,1,340.62,340.62
HITM0005072,HORD001600,PRD0300,1,305.18,305.18
HITM0005073,HORD001600,PRD0065,1,515.94,515.94
HITM0005074,HORD001600,PRD0357,1,2299.18,2299.18
HITM0005075,HORD001600,PRD0920,2,393.44,786.88
HITM0005076,HORD001601,PRD0072,1,713.12,713.12
HITM0005077,HORD001601,PRD0195,1,89.95,89.95
HITM0005078,HORD001601,PRD0939,1,866.1,866.1
HITM0005079,HORD001602,PRD0140,1,394.57,394.57
HITM0005080,HORD001602,PRD0785,2,91.04,182.08
HITM0005081,HORD001602,PRD0601,1,2323.87,2323.87
HITM0005082,HORD001603,PRD0682,2,1238.87,2477.74
HITM0005083,HORD001603,PRD0212,1,369.65,369.65
HITM0005084,HORD001603,PRD0299,2,1325.19,2650.38
HITM0005085,HORD001604,PRD0267,1,657.53,657.53
HITM0005086,HORD001604,PRD0014,1,953.24,953.24
HITM0005087,HORD001604,PRD0328,1,490.58,490.58
HITM0005088,HORD001605,PRD0139,1,1416.61,1416.61
HITM0005089,HORD001605,PRD0406,2,403.51,807.02
HITM0005090,HORD001606,PRD0909,1,167.36,167.36
HITM0005091,HORD001606,PRD0521,1,2581.65,2581.65
HITM0005092,HORD001606,PRD0356,1,215.96,215.96
HITM0005093,HORD001607,PRD0456,1,111.78,111.78
HITM0005094,HORD001607,PRD0217,2,648.29,1296.58
HITM0005095,HORD001607,PRD0950,1,71.67,71.67
HITM0005096,HORD001607,PRD0336,1,657.61,657.61
HITM0005097,HORD001608,PRD0295,2,1095.89,2191.78
HITM0005098,HORD001608,PRD0737,2,540.55,1081.1
HITM0005099,HORD001608,PRD0788,2,319.54,639.08
HITM0005100,HORD001609,PRD0670,1,152.13,152.13
HITM0005101,HORD001609,PRD0270,2,381.87,763.74
HITM0005102,HORD001609,PRD0776,1,143.41,143.41
HITM0005103,HORD001610,PRD0465,1,276.29,276.29
HITM0005104,HORD001610,PRD0956,2,86.17,172.34
HITM0005105,HORD001610,PRD0347,3,2438.33,7314.99
HITM0005106,HORD001611,PRD0496,1,223.21,223.21
HITM0005107,HORD001611,PRD0034,1,797.09,797.09
HITM0005108,HORD001611,PRD0828,1,457.81,457.81
HITM0005109,HORD001612,PRD0847,2,370.04,740.08
HITM0005110,HORD001612,PRD0738,1,778.08,778.08
HITM0005111,HORD001612,PRD0449,1,483.76,483.76
HITM0005112,HORD001612,PRD0262,1,973.33,973.33
HITM0005113,HORD001613,PRD0950,1,71.67,71.67
HITM0005114,HORD001614,PRD0265,1,94.03,94.03
HITM0005115,HORD001614,PRD0943,1,862.72,862.72
HITM0005116,HORD001614,PRD0883,3,1440.86,4322.58
HITM0005117,HORD001615,PRD0752,1,1395.28,1395.28
HITM0005118,HORD001615,PRD0472,1,658.25,658.25
HITM0005119,HORD001615,PRD0395,1,366.66,366.66
HITM0005120,HORD001616,PRD0770,1,144.73,144.73
HITM0005121,HORD001616,PRD0410,1,212.08,212.08
HITM0005122,HORD001616,PRD0475,1,1049.43,1049.43
HITM0005123,HORD001617,PRD0690,1,30.42,30.42
HITM0005124,HORD001617,PRD0656,1,473.06,473.06
HITM0005125,HORD001617,PRD0069,1,1370.67,1370.67
HITM0005126,HORD001617,PRD0502,1,1737.87,1737.87
HITM0005127,HORD001617,PRD0517,1,466.6,466.6
HITM0005128,HORD001618,PRD0287,2,2324.3,4648.6
HITM0005129,HORD001618,PRD0576,2,30.87,61.74
HITM0005130,HORD001618,PRD0904,1,1097.17,1097.17
HITM0005131,HORD001619,PRD0679,1,1370.51,1370.51
HITM0005132,HORD001620,PRD0131,2,2047.43,4094.86
HITM0005133,HORD001620,PRD0139,1,1416.61,1416.61
HITM0005134,HORD001621,PRD0314,1,1867.88,1867.88
HITM0005135,HORD001621,PRD0979,2,1164.08,2328.16
HITM0005136,HORD001621,PRD0680,2,369.12,738.24
HITM0005137,HORD001622,PRD0963,2,464.21,928.42
HITM0005138,HORD001622,PRD0410,1,212.08,212.08
HITM0005139,HORD001622,PRD0080,2,15.23,30.46
HITM0005140,HORD001622,PRD0552,1,1741.06,1741.06
HITM0005141,HORD001623,PRD0367,2,179.97,359.94
HITM0005142,HORD001623,PRD0333,3,1274.3,3822.9
HITM0005143,HORD001623,PRD0282,2,641.72,1283.44
HITM0005144,HORD001624,PRD0750,1,181.18,181.18
HITM0005145,HORD001624,PRD0652,1,1180.91,1180.91
HITM0005146,HORD001624,PRD0890,2,279.59,559.18
HITM0005147,HORD001624,PRD0980,2,286.55,573.1
HITM0005148,HORD001625,PRD0486,1,297.99,297.99
HITM0005149,HORD001626,PRD0748,2,147.02,294.04
HITM0005150,HORD001626,PRD0619,1,394.74,394.74
HITM0005151,HORD001626,PRD0081,2,1506.97,3013.94
HITM0005152,HORD001626,PRD0330,1,222.78,222.78
HITM0005153,HORD001627,PRD0743,1,1557.24,1557.24
HITM0005154,HORD001627,PRD0753,2,272.68,545.36
HITM0005155,HORD001628,PRD0573,2,281.0,562.0
HITM0005156,HORD001628,PRD0980,1,286.55,286.55
HITM0005157,HORD001628,PRD0134,1,1214.25,1214.25
HITM0005158,HORD001628,PRD0189,2,325.61,651.22
HITM0005159,HORD001629,PRD0812,3,972.39,2917.17
HITM0005160,HORD001629,PRD0207,3,2221.73,6665.19
HITM0005161,HORD001629,PRD0985,2,602.55,1205.1
HITM0005162,HORD001630,PRD0664,1,3064.35,3064.35
HITM0005163,HORD001630,PRD0136,1,360.6,360.6
HITM0005164,HORD001631,PRD0555,1,1183.16,1183.16
HITM0005165,HORD001631,PRD0422,1,1345.12,1345.12
HITM0005166,HORD001631,PRD0726,1,479.51,479.51
HITM0005167,HORD001632,PRD0120,1,46.82,46.82
HITM0005168,HORD001632,PRD0453,1,1232.3,1232.3
HITM0005169,HORD001633,PRD0530,1,210.45,210.45
HITM0005170,HORD001633,PRD0346,1,291.88,291.88
HITM0005171,HORD001633,PRD0479,1,527.96,527.96
HITM0005172,HORD001633,PRD0986,3,445.06,1335.18
HITM0005173,HORD001634,PRD0788,1,319.54,319.54
HITM0005174,HORD001634,PRD0308,1,1088.84,1088.84
HITM0005175,HORD001634,PRD0378,1,472.12,472.12
HITM0005176,HORD001635,PRD0521,1,2581.65,2581.65
HITM0005177,HORD001635,PRD0090,1,223.82,223.82
HITM0005178,HORD001635,PRD0426,2,571.98,1143.96
HITM0005179,HORD001635,PRD0250,1,79.79,79.79
HITM0005180,HORD001636,PRD0694,1,1984.32,1984.32
HITM0005181,HORD001636,PRD0912,2,752.42,1504.84
HITM0005182,HORD001636,PRD0806,2,351.54,703.08
HITM0005183,HORD001636,PRD0449,1,483.76,483.76
HITM0005184,HORD001637,PRD0573,1,281.0,281.0
HITM0005185,HORD001637,PRD0645,1,206.79,206.79
HITM0005186,HORD001637,PRD0021,1,1229.32,1229.32
HITM0005187,HORD001637,PRD0181,3,2410.31,7230.93
HITM0005188,HORD001638,PRD0897,1,368.24,368.24
HITM0005189,HORD001638,PRD0974,2,701.83,1403.66
HITM0005190,HORD001638,PRD0915,1,682.13,682.13
HITM0005191,HORD001639,PRD0876,1,61.28,61.28
HITM0005192,HORD001639,PRD0536,1,274.78,274.78
HITM0005193,HORD001639,PRD0277,1,1740.27,1740.27
HITM0005194,HORD001640,PRD0269,1,236.51,236.51
HITM0005195,HORD001640,PRD0148,1,457.28,457.28
HITM0005196,HORD001641,PRD0547,1,2316.63,2316.63
HITM0005197,HORD001641,PRD0338,1,925.26,925.26
HITM0005198,HORD001641,PRD0669,1,603.87,603.87
HITM0005199,HORD001642,PRD0200,1,160.69,160.69
HITM0005200,HORD001642,PRD0943,1,862.72,862.72
HITM0005201,HORD001642,PRD0792,1,1199.37,1199.37
HITM0005202,HORD001642,PRD0130,1,234.4,234.4
HITM0005203,HORD001643,PRD0655,1,261.66,261.66
HITM0005204,HORD001643,PRD0671,1,1480.66,1480.66
HITM0005205,HORD001643,PRD0586,2,110.38,220.76
HITM0005206,HORD001643,PRD0534,1,3831.9,3831.9
HITM0005207,HORD001643,PRD0782,1,452.61,452.61
HITM0005208,HORD001644,PRD0928,1,302.59,302.59
HITM0005209,HORD001644,PRD0183,2,442.77,885.54
HITM0005210,HORD001644,PRD0438,1,185.01,185.01
HITM0005211,HORD001644,PRD0230,2,290.53,581.06
HITM0005212,HORD001645,PRD0410,1,212.08,212.08
HITM0005213,HORD001645,PRD0214,1,2467.77,2467.77
HITM0005214,HORD001646,PRD0163,1,459.77,459.77
HITM0005215,HORD001646,PRD0446,1,132.64,132.64
HITM0005216,HORD001647,PRD0880,1,148.01,148.01
HITM0005217,HORD001647,PRD0540,2,369.8,739.6
HITM0005218,HORD001647,PRD0655,2,261.66,523.32
HITM0005219,HORD001647,PRD0160,1,140.78,140.78
HITM0005220,HORD001647,PRD0857,1,998.5,998.5
HITM0005221,HORD001648,PRD0007,1,1073.56,1073.56
HITM0005222,HORD001648,PRD0581,1,2588.97,2588.97
HITM0005223,HORD001648,PRD0457,1,1014.79,1014.79
HITM0005224,HORD001648,PRD0918,2,270.82,541.64
HITM0005225,HORD001648,PRD0870,1,370.25,370.25
HITM0005226,HORD001649,PRD0419,2,1458.66,2917.32
HITM0005227,HORD001649,PRD0959,2,631.82,1263.64
HITM0005228,HORD001649,PRD0272,2,830.69,1661.38
HITM0005229,HORD001650,PRD0401,1,2421.46,2421.46
HITM0005230,HORD001650,PRD0088,1,767.45,767.45
HITM0005231,HORD001650,PRD0268,1,395.01,395.01
HITM0005232,HORD001650,PRD0360,2,362.06,724.12
HITM0005233,HORD001651,PRD0779,2,621.7,1243.4
HITM0005234,HORD001651,PRD0860,1,359.33,359.33
HITM0005235,HORD001652,PRD0252,1,457.51,457.51
HITM0005236,HORD001653,PRD0178,1,184.26,184.26
HITM0005237,HORD001653,PRD0907,1,1941.5,1941.5
HITM0005238,HORD001653,PRD0722,1,373.93,373.93
HITM0005239,HORD001653,PRD0522,2,1323.78,2647.56
HITM0005240,HORD001654,PRD0223,1,1235.21,1235.21
HITM0005241,HORD001654,PRD0250,1,79.79,79.79
HITM0005242,HORD001654,PRD0576,1,30.87,30.87
HITM0005243,HORD001655,PRD0859,1,530.9,530.9
HITM0005244,HORD001655,PRD0347,1,2438.33,2438.33
HITM0005245,HORD001655,PRD0160,3,140.78,422.34
HITM0005246,HORD001655,PRD0282,1,641.72,641.72
HITM0005247,HORD001656,PRD0095,1,697.69,697.69
HITM0005248,HORD001656,PRD0003,1,316.95,316.95
HITM0005249,HORD001657,PRD0077,1,1748.69,1748.69
HITM0005250,HORD001657,PRD0008,1,146.16,146.16
HITM0005251,HORD001657,PRD0066,1,66.71,66.71
HITM0005252,HORD001658,PRD0599,1,854.55,854.55
HITM0005253,HORD001658,PRD0800,2,274.87,549.74
HITM0005254,HORD001659,PRD0661,1,1048.18,1048.18
HITM0005255,HORD001659,PRD0405,3,146.11,438.33
HITM0005256,HORD001659,PRD0417,2,1281.86,2563.72
HITM0005257,HORD001659,PRD0625,2,1034.61,2069.22
HITM0005258,HORD001659,PRD0089,1,1041.14,1041.14
HITM0005259,HORD001660,PRD0700,1,105.41,105.41
HITM0005260,HORD001660,PRD0744,1,2051.82,2051.82
HITM0005261,HORD001660,PRD0783,1,1292.19,1292.19
HITM0005262,HORD001660,PRD0478,1,948.58,948.58
HITM0005263,HORD001661,PRD0219,1,227.25,227.25
HITM0005264,HORD001662,PRD0252,1,457.51,457.51
HITM0005265,HORD001662,PRD0919,1,202.1,202.1
HITM0005266,HORD001662,PRD0603,1,851.99,851.99
HITM0005267,HORD001663,PRD0206,1,633.94,633.94
HITM0005268,HORD001663,PRD0423,1,1099.29,1099.29
HITM0005269,HORD001663,PRD0393,1,728.35,728.35
HITM0005270,HORD001663,PRD0427,1,1212.42,1212.42
HITM0005271,HORD001663,PRD0743,1,1557.24,1557.24
HITM0005272,HORD001664,PRD0654,1,2311.57,2311.57
HITM0005273,HORD001664,PRD0951,2,1391.02,2782.04
HITM0005274,HORD001664,PRD0705,1,200.18,200.18
HITM0005275,HORD001665,PRD0862,1,1164.81,1164.81
HITM0005276,HORD001665,PRD0274,1,2425.87,2425.87
HITM0005277,HORD001665,PRD0209,1,767.93,767.93
HITM0005278,HORD001666,PRD0280,1,149.57,149.57
HITM0005279,HORD001667,PRD0690,1,30.42,30.42
HITM0005280,HORD001667,PRD0004,1,468.81,468.81
HITM0005281,HORD001667,PRD0226,1,497.16,497.16
HITM0005282,HORD001668,PRD0954,1,848.21,848.21
HITM0005283,HORD001668,PRD0088,1,767.45,767.45
HITM0005284,HORD001668,PRD0415,2,78.5,157.0
HITM0005285,HORD001668,PRD0197,1,179.71,179.71
HITM0005286,HORD001669,PRD0852,1,465.95,465.95
HITM0005287,HORD001669,PRD0778,2,769.84,1539.68
HITM0005288,HORD001669,PRD0857,1,998.5,998.5
HITM0005289,HORD001670,PRD0752,1,1395.28,1395.28
HITM0005290,HORD001670,PRD0361,2,1242.28,2484.56
HITM0005291,HORD001670,PRD0061,1,1070.18,1070.18
HITM0005292,HORD001670,PRD0329,2,320.22,640.44
HITM0005293,HORD001670,PRD0290,1,151.92,151.92
HITM0005294,HORD001671,PRD0185,1,884.92,884.92
HITM0005295,HORD001671,PRD0909,2,167.36,334.72
HITM0005296,HORD001671,PRD0429,3,1195.52,3586.56
HITM0005297,HORD001672,PRD0260,1,386.46,386.46
HITM0005298,HORD001672,PRD0270,1,381.87,381.87
HITM0005299,HORD001672,PRD0088,1,767.45,767.45
HITM0005300,HORD001673,PRD0717,1,550.74,550.74
HITM0005301,HORD001673,PRD0918,1,270.82,270.82
HITM0005302,HORD001673,PRD0369,1,123.0,123.0
HITM0005303,HORD001673,PRD0080,1,15.23,15.23
HITM0005304,HORD001674,PRD0863,1,774.62,774.62
HITM0005305,HORD001674,PRD0260,1,386.46,386.46
HITM0005306,HORD001674,PRD0115,2,678.71,1357.42
HITM0005307,HORD001674,PRD0795,1,1118.81,1118.81
HITM0005308,HORD001675,PRD0468,1,523.04,523.04
HITM0005309,HORD001675,PRD0379,1,722.92,722.92
HITM0005310,HORD001676,PRD0589,1,241.6,241.6
HITM0005311,HORD001676,PRD0336,1,657.61,657.61
HITM0005312,HORD001676,PRD0560,1,414.95,414.95
HITM0005313,HORD001677,PRD0146,1,508.56,508.56
HITM0005314,HORD001677,PRD0646,1,155.12,155.12
HITM0005315,HORD001678,PRD0280,1,149.57,149.57
HITM0005316,HORD001679,PRD0060,1,147.43,147.43
HITM0005317,HORD001679,PRD0434,1,388.26,388.26
HITM0005318,HORD001679,PRD0423,2,1099.29,2198.58
HITM0005319,HORD001679,PRD0924,3,1071.28,3213.84
HITM0005320,HORD001680,PRD0115,1,678.71,678.71
HITM0005321,HORD001680,PRD0055,1,534.13,534.13
HITM0005322,HORD001681,PRD0942,1,500.96,500.96
HITM0005323,HORD001681,PRD0721,2,2364.46,4728.92
HITM0005324,HORD001681,PRD0276,1,443.22,443.22
HITM0005325,HORD001681,PRD0977,1,171.2,171.2
HITM0005326,HORD001682,PRD0652,1,1180.91,1180.91
HITM0005327,HORD001682,PRD0121,1,2314.16,2314.16
HITM0005328,HORD001682,PRD0555,1,1183.16,1183.16
HITM0005329,HORD001683,PRD0049,1,917.1,917.1
HITM0005330,HORD001683,PRD0402,2,335.07,670.14
HITM0005331,HORD001683,PRD0726,1,479.51,479.51
HITM0005332,HORD001683,PRD0884,2,1847.69,3695.38
HITM0005333,HORD001684,PRD0308,1,1088.84,1088.84
HITM0005334,HORD001684,PRD0397,1,1333.88,1333.88
HITM0005335,HORD001685,PRD0727,1,1874.18,1874.18
HITM0005336,HORD001685,PRD0053,1,884.08,884.08
HITM0005337,HORD001685,PRD0163,1,459.77,459.77
HITM0005338,HORD001686,PRD0230,1,290.53,290.53
HITM0005339,HORD001687,PRD0585,2,81.84,163.68
HITM0005340,HORD001687,PRD0248,1,451.1,451.1
HITM0005341,HORD001687,PRD0492,1,961.25,961.25
HITM0005342,HORD001687,PRD0907,1,1941.5,1941.5
HITM0005343,HORD001688,PRD0086,2,747.25,1494.5
HITM0005344,HORD001688,PRD0893,1,739.92,739.92
HITM0005345,HORD001688,PRD0867,2,500.96,1001.92
HITM0005346,HORD001689,PRD0498,2,536.61,1073.22
HITM0005347,HORD001689,PRD0957,1,1732.9,1732.9
HITM0005348,HORD001689,PRD0986,1,445.06,445.06
HITM0005349,HORD001689,PRD0340,1,244.07,244.07
HITM0005350,HORD001689,PRD0279,2,165.58,331.16
HITM0005351,HORD001690,PRD0628,1,62.19,62.19
HITM0005352,HORD001690,PRD0694,1,1984.32,1984.32
HITM0005353,HORD001690,PRD0074,1,587.22,587.22
HITM0005354,HORD001690,PRD0721,1,2364.46,2364.46
HITM0005355,HORD001691,PRD0172,1,642.62,642.62
HITM0005356,HORD001691,PRD0956,2,86.17,172.34
HITM0005357,HORD001691,PRD0194,2,537.22,1074.44
HITM0005358,HORD001691,PRD0938,1,929.59,929.59
HITM0005359,HORD001691,PRD0530,1,210.45,210.45
HITM0005360,HORD001692,PRD0133,1,772.02,772.02
HITM0005361,HORD001692,PRD0318,1,930.52,930.52
HITM0005362,HORD001692,PRD0240,2,417.49,834.98
HITM0005363,HORD001693,PRD0750,1,181.18,181.18
HITM0005364,HORD001694,PRD0703,1,289.3,289.3
HITM0005365,HORD001694,PRD0429,1,1195.52,1195.52
HITM0005366,HORD001694,PRD0487,1,136.07,136.07
HITM0005367,HORD001695,PRD0020,1,254.09,254.09
HITM0005368,HORD001696,PRD0213,1,1091.55,1091.55
HITM0005369,HORD001696,PRD0448,2,974.99,1949.98
HITM0005370,HORD001696,PRD0234,1,1058.58,1058.58
HITM0005371,HORD001696,PRD0273,2,697.23,1394.46
HITM0005372,HORD001696,PRD0010,2,386.41,772.82
HITM0005373,HORD001697,PRD0493,1,1091.53,1091.53
HITM0005374,HORD001697,PRD0238,1,814.82,814.82
HITM0005375,HORD001697,PRD0254,1,952.39,952.39
HITM0005376,HORD001698,PRD0977,1,171.2,171.2
HITM0005377,HORD001698,PRD0224,1,3534.57,3534.57
HITM0005378,HORD001698,PRD0743,1,1557.24,1557.24
HITM0005379,HORD001698,PRD0651,1,2713.88,2713.88
HITM0005380,HORD001699,PRD0657,1,1527.29,1527.29
HITM0005381,HORD001699,PRD0405,1,146.11,146.11
HITM0005382,HORD001699,PRD0747,1,619.18,619.18
HITM0005383,HORD001699,PRD0465,1,276.29,276.29
HITM0005384,HORD001700,PRD0024,1,3386.44,3386.44
HITM0005385,HORD001700,PRD0763,1,485.63,485.63
HITM0005386,HORD001701,PRD0345,1,437.36,437.36
HITM0005387,HORD001701,PRD0904,1,1097.17,1097.17
HITM0005388,HORD001701,PRD0440,1,57.41,57.41
HITM0005389,HORD001701,PRD0541,1,3125.61,3125.61
HITM0005390,HORD001702,PRD0066,3,66.71,200.13
HITM0005391,HORD001702,PRD0286,1,159.28,159.28
HITM0005392,HORD001702,PRD0688,1,921.64,921.64
HITM0005393,HORD001702,PRD0981,2,2016.47,4032.94
HITM0005394,HORD001703,PRD0901,1,1092.12,1092.12
HITM0005395,HORD001703,PRD0053,1,884.08,884.08
HITM0005396,HORD001703,PRD0041,1,3199.1,3199.1
HITM0005397,HORD001704,PRD0249,1,1193.82,1193.82
HITM0005398,HORD001704,PRD0199,1,1201.16,1201.16
HITM0005399,HORD001704,PRD0576,1,30.87,30.87
HITM0005400,HORD001704,PRD0400,1,158.67,158.67
HITM0005401,HORD001705,PRD0371,1,2179.78,2179.78
HITM0005402,HORD001705,PRD0795,1,1118.81,1118.81
HITM0005403,HORD001706,PRD0795,1,1118.81,1118.81
HITM0005404,HORD001706,PRD0314,3,1867.88,5603.64
HITM0005405,HORD001706,PRD0388,1,981.72,981.72
HITM0005406,HORD001707,PRD0116,2,333.11,666.22
HITM0005407,HORD001707,PRD0857,1,998.5,998.5
HITM0005408,HORD001707,PRD0006,2,319.31,638.62
HITM0005409,HORD001707,PRD0480,2,379.33,758.66
HITM0005410,HORD001708,PRD0906,1,150.8,150.8
HITM0005411,HORD001708,PRD0960,1,155.66,155.66
HITM0005412,HORD001708,PRD0574,1,3665.3,3665.3
HITM0005413,HORD001708,PRD0468,1,523.04,523.04
HITM0005414,HORD001709,PRD0517,1,466.6,466.6
HITM0005415,HORD001709,PRD0671,2,1480.66,2961.32
HITM0005416,HORD001709,PRD0628,1,62.19,62.19
HITM0005417,HORD001709,PRD0696,2,137.51,275.02
HITM0005418,HORD001710,PRD0708,1,545.08,545.08
HITM0005419,HORD001710,PRD0256,1,297.13,297.13
HITM0005420,HORD001710,PRD0216,2,503.39,1006.78
HITM0005421,HORD001711,PRD0170,1,202.15,202.15
HITM0005422,HORD001711,PRD0740,2,326.46,652.92
HITM0005423,HORD001712,PRD0347,2,2438.33,4876.66
HITM0005424,HORD001712,PRD0250,1,79.79,79.79
HITM0005425,HORD001712,PRD0228,1,121.94,121.94
HITM0005426,HORD001712,PRD0537,1,669.66,669.66
HITM0005427,HORD001712,PRD0858,1,188.42,188.42
HITM0005428,HORD001713,PRD0909,2,167.36,334.72
HITM0005429,HORD001713,PRD0562,1,1226.97,1226.97
HITM0005430,HORD001713,PRD0120,1,46.82,46.82
HITM0005431,HORD001714,PRD0802,1,593.98,593.98
HITM0005432,HORD001714,PRD0355,1,412.17,412.17
HITM0005433,HORD001714,PRD0670,1,152.13,152.13
HITM0005434,HORD001714,PRD0299,1,1325.19,1325.19
HITM0005435,HORD001714,PRD0102,1,1075.3,1075.3
HITM0005436,HORD001715,PRD0357,2,2299.18,4598.36
HITM0005437,HORD001715,PRD0623,1,1221.11,1221.11
HITM0005438,HORD001715,PRD0051,1,2153.52,2153.52
HITM0005439,HORD001716,PRD0869,2,1298.92,2597.84
HITM0005440,HORD001716,PRD0048,1,176.51,176.51
HITM0005441,HORD001716,PRD0376,1,689.26,689.26
HITM0005442,HORD001717,PRD0490,2,337.69,675.38
HITM0005443,HORD001718,PRD0505,1,967.54,967.54
HITM0005444,HORD001718,PRD0229,1,963.55,963.55
HITM0005445,HORD001719,PRD0417,1,1281.86,1281.86
HITM0005446,HORD001720,PRD0170,3,202.15,606.45
HITM0005447,HORD001720,PRD0948,1,583.21,583.21
HITM0005448,HORD001720,PRD0773,2,1247.83,2495.66
HITM0005449,HORD001720,PRD0726,2,479.51,959.02
HITM0005450,HORD001721,PRD0178,1,184.26,184.26
HITM0005451,HORD001721,PRD0684,1,2250.74,2250.74
HITM0005452,HORD001721,PRD0854,1,2184.3,2184.3
HITM0005453,HORD001722,PRD0923,1,819.32,819.32
HITM0005454,HORD001722,PRD0935,2,41.85,83.7
HITM0005455,HORD001723,PRD0188,2,936.44,1872.88
HITM0005456,HORD001723,PRD0043,1,1487.36,1487.36
HITM0005457,HORD001723,PRD0809,1,217.32,217.32
HITM0005458,HORD001723,PRD0347,2,2438.33,4876.66
HITM0005459,HORD001724,PRD0373,3,664.52,1993.56
HITM0005460,HORD001724,PRD0450,1,210.74,210.74
HITM0005461,HORD001724,PRD0512,1,1057.04,1057.04
HITM0005462,HORD001725,PRD0238,3,814.82,2444.46
HITM0005463,HORD001725,PRD0713,1,1024.63,1024.63
HITM0005464,HORD001725,PRD0136,2,360.6,721.2
HITM0005465,HORD001726,PRD0846,1,427.97,427.97
HITM0005466,HORD001726,PRD0884,1,1847.69,1847.69
HITM0005467,HORD001726,PRD0819,1,282.56,282.56
HITM0005468,HORD001726,PRD0194,2,537.22,1074.44
HITM0005469,HORD001726,PRD0741,1,1525.47,1525.47
HITM0005470,HORD001727,PRD0756,1,238.54,238.54
HITM0005471,HORD001727,PRD0686,3,654.4,1963.2
HITM0005472,HORD001728,PRD0289,2,553.34,1106.68
HITM0005473,HORD001728,PRD0782,1,452.61,452.61
HITM0005474,HORD001728,PRD0460,1,250.7,250.7
HITM0005475,HORD001728,PRD0463,1,1498.56,1498.56
HITM0005476,HORD001728,PRD0687,1,729.09,729.09
HITM0005477,HORD001729,PRD0391,1,1914.32,1914.32
HITM0005478,HORD001729,PRD0489,1,1207.96,1207.96
HITM0005479,HORD001729,PRD0975,2,1104.47,2208.94
HITM0005480,HORD001729,PRD0130,1,234.4,234.4
HITM0005481,HORD001730,PRD0689,1,1230.12,1230.12
HITM0005482,HORD001730,PRD0710,3,221.52,664.56
HITM0005483,HORD001730,PRD0636,1,801.41,801.41
HITM0005484,HORD001730,PRD0521,1,2581.65,2581.65
HITM0005485,HORD001731,PRD0747,3,619.18,1857.54
HITM0005486,HORD001731,PRD0580,1,180.48,180.48
HITM0005487,HORD001731,PRD0523,1,462.11,462.11
HITM0005488,HORD001731,PRD0623,1,1221.11,1221.11
HITM0005489,HORD001732,PRD0561,1,951.61,951.61
HITM0005490,HORD001732,PRD0950,1,71.67,71.67
HITM0005491,HORD001732,PRD0612,1,1688.14,1688.14
HITM0005492,HORD001732,PRD0468,1,523.04,523.04
HITM0005493,HORD001733,PRD0795,1,1118.81,1118.81
HITM0005494,HORD001733,PRD0284,1,4182.34,4182.34
HITM0005495,HORD001733,PRD0200,1,160.69,160.69
HITM0005496,HORD001734,PRD0767,1,2003.56,2003.56
HITM0005497,HORD001734,PRD0033,1,884.6,884.6
HITM0005498,HORD001734,PRD0368,1,372.64,372.64
HITM0005499,HORD001734,PRD0699,2,508.79,1017.58
HITM0005500,HORD001734,PRD0710,1,221.52,221.52
HITM0005501,HORD001735,PRD0704,1,3699.65,3699.65
HITM0005502,HORD001735,PRD0943,1,862.72,862.72
HITM0005503,HORD001735,PRD0670,1,152.13,152.13
HITM0005504,HORD001735,PRD0196,1,483.11,483.11
HITM0005505,HORD001736,PRD0415,2,78.5,157.0
HITM0005506,HORD001736,PRD0777,1,666.99,666.99
HITM0005507,HORD001736,PRD0994,1,916.4,916.4
HITM0005508,HORD001737,PRD0883,2,1440.86,2881.72
HITM0005509,HORD001738,PRD0830,1,57.62,57.62
HITM0005510,HORD001738,PRD0695,2,980.37,1960.74
HITM0005511,HORD001738,PRD0030,1,360.75,360.75
HITM0005512,HORD001739,PRD0653,1,608.0,608.0
HITM0005513,HORD001739,PRD0984,1,1014.29,1014.29
HITM0005514,HORD001739,PRD0596,1,846.46,846.46
HITM0005515,HORD001740,PRD0957,1,1732.9,1732.9
HITM0005516,HORD001740,PRD0260,1,386.46,386.46
HITM0005517,HORD001740,PRD0102,1,1075.3,1075.3
HITM0005518,HORD001741,PRD0953,1,1430.97,1430.97
HITM0005519,HORD001741,PRD0043,1,1487.36,1487.36
HITM0005520,HORD001741,PRD0197,2,179.71,359.42
HITM0005521,HORD001742,PRD0262,2,973.33,1946.66
HITM0005522,HORD001742,PRD0478,1,948.58,948.58
HITM0005523,HORD001742,PRD0374,3,1846.98,5540.94
HITM0005524,HORD001743,PRD0385,1,272.03,272.03
HITM0005525,HORD001743,PRD0672,1,1330.59,1330.59
HITM0005526,HORD001743,PRD0621,1,1275.57,1275.57
HITM0005527,HORD001744,PRD0192,2,796.68,1593.36
HITM0005528,HORD001744,PRD0692,1,488.18,488.18
HITM0005529,HORD001744,PRD0107,1,1780.98,1780.98
HITM0005530,HORD001744,PRD0499,1,253.73,253.73
HITM0005531,HORD001745,PRD0224,2,3534.57,7069.14
HITM0005532,HORD001745,PRD0220,1,144.35,144.35
HITM0005533,HORD001745,PRD0575,2,177.67,355.34
HITM0005534,HORD001746,PRD0972,1,690.82,690.82
HITM0005535,HORD001746,PRD0534,1,3831.9,3831.9
HITM0005536,HORD001746,PRD0180,2,270.59,541.18
HITM0005537,HORD001747,PRD0369,1,123.0,123.0
HITM0005538,HORD001747,PRD0823,1,631.56,631.56
HITM0005539,HORD001748,PRD0076,1,729.89,729.89
HITM0005540,HORD001748,PRD0549,1,290.7,290.7
HITM0005541,HORD001748,PRD0105,1,431.76,431.76
HITM0005542,HORD001748,PRD0025,1,399.48,399.48
HITM0005543,HORD001749,PRD0036,2,120.39,240.78
HITM0005544,HORD001749,PRD0863,1,774.62,774.62
HITM0005545,HORD001749,PRD0910,1,19.2,19.2
HITM0005546,HORD001749,PRD0767,1,2003.56,2003.56
HITM0005547,HORD001750,PRD0367,1,179.97,179.97
HITM0005548,HORD001750,PRD0922,2,905.58,1811.16
HITM0005549,HORD001751,PRD0243,2,1176.42,2352.84
HITM0005550,HORD001751,PRD0993,2,752.35,1504.7
HITM0005551,HORD001751,PRD1000,1,120.72,120.72
HITM0005552,HORD001751,PRD0654,1,2311.57,2311.57
HITM0005553,HORD001752,PRD0951,2,1391.02,2782.04
HITM0005554,HORD001752,PRD0143,1,926.46,926.46
HITM0005555,HORD001752,PRD0265,3,94.03,282.09
HITM0005556,HORD001753,PRD0165,2,471.13,942.26
HITM0005557,HORD001753,PRD0472,2,658.25,1316.5
HITM0005558,HORD001753,PRD0384,2,2615.99,5231.98
HITM0005559,HORD001753,PRD0233,3,804.27,2412.81
HITM0005560,HORD001753,PRD0945,1,113.23,113.23
HITM0005561,HORD001754,PRD0234,3,1058.58,3175.74
HITM0005562,HORD001754,PRD0326,1,62.48,62.48
HITM0005563,HORD001754,PRD0258,1,649.82,649.82
HITM0005564,HORD001755,PRD0912,2,752.42,1504.84
HITM0005565,HORD001755,PRD0398,1,567.86,567.86
HITM0005566,HORD001755,PRD0695,1,980.37,980.37
HITM0005567,HORD001755,PRD0125,2,517.12,1034.24
HITM0005568,HORD001756,PRD0236,1,131.33,131.33
HITM0005569,HORD001756,PRD0848,1,522.45,522.45
HITM0005570,HORD001756,PRD0651,2,2713.88,5427.76
HITM0005571,HORD001756,PRD0099,1,245.95,245.95
HITM0005572,HORD001757,PRD0281,1,1296.1,1296.1
HITM0005573,HORD001757,PRD0415,1,78.5,78.5
HITM0005574,HORD001757,PRD0347,1,2438.33,2438.33
HITM0005575,HORD001758,PRD0050,1,56.24,56.24
HITM0005576,HORD001758,PRD0085,1,477.42,477.42
HITM0005577,HORD001758,PRD0108,1,462.45,462.45
HITM0005578,HORD001758,PRD0175,1,883.13,883.13
HITM0005579,HORD001758,PRD0524,1,3613.52,3613.52
HITM0005580,HORD001759,PRD0746,1,683.7,683.7
HITM0005581,HORD001759,PRD0874,1,4174.45,4174.45
HITM0005582,HORD001759,PRD0987,1,1413.83,1413.83
HITM0005583,HORD001760,PRD0253,2,1494.32,2988.64
HITM0005584,HORD001761,PRD0986,1,445.06,445.06
HITM0005585,HORD001761,PRD0125,1,517.12,517.12
HITM0005586,HORD001761,PRD0563,2,530.17,1060.34
HITM0005587,HORD001761,PRD0581,3,2588.97,7766.91
HITM0005588,HORD001762,PRD0705,1,200.18,200.18
HITM0005589,HORD001762,PRD0271,2,2076.99,4153.98
HITM0005590,HORD001762,PRD0790,1,110.86,110.86
HITM0005591,HORD001762,PRD0434,1,388.26,388.26
HITM0005592,HORD001763,PRD0320,3,190.98,572.94
HITM0005593,HORD001763,PRD0828,1,457.81,457.81
HITM0005594,HORD001763,PRD0702,2,1587.86,3175.72
HITM0005595,HORD001763,PRD0132,1,1616.97,1616.97
HITM0005596,HORD001764,PRD0748,2,147.02,294.04
HITM0005597,HORD001764,PRD0936,1,214.36,214.36
HITM0005598,HORD001764,PRD0885,1,689.68,689.68
HITM0005599,HORD001764,PRD0983,1,854.84,854.84
HITM0005600,HORD001764,PRD0870,1,370.25,370.25
HITM0005601,HORD001765,PRD0424,1,2256.09,2256.09
HITM0005602,HORD001765,PRD0065,2,515.94,1031.88
HITM0005603,HORD001766,PRD0073,2,1270.32,2540.64
HITM0005604,HORD001766,PRD0716,1,197.99,197.99
HITM0005605,HORD001767,PRD0099,1,245.95,245.95
HITM0005606,HORD001767,PRD0968,1,409.17,409.17
HITM0005607,HORD001767,PRD0007,2,1073.56,2147.12
HITM0005608,HORD001767,PRD0610,1,159.67,159.67
HITM0005609,HORD001768,PRD0386,1,703.44,703.44
HITM0005610,HORD001769,PRD0368,1,372.64,372.64
HITM0005611,HORD001770,PRD0669,1,603.87,603.87
HITM0005612,HORD001770,PRD0058,1,137.85,137.85
HITM0005613,HORD001770,PRD0358,1,1013.74,1013.74
HITM0005614,HORD001770,PRD0515,1,1139.31,1139.31
HITM0005615,HORD001771,PRD0637,2,1722.59,3445.18
HITM0005616,HORD001771,PRD0272,1,830.69,830.69
HITM0005617,HORD001771,PRD0922,1,905.58,905.58
HITM0005618,HORD001771,PRD0554,1,2812.01,2812.01
HITM0005619,HORD001772,PRD0966,1,539.91,539.91
HITM0005620,HORD001772,PRD0890,2,279.59,559.18
HITM0005621,HORD001772,PRD0077,2,1748.69,3497.38
HITM0005622,HORD001772,PRD0294,1,2659.23,2659.23
HITM0005623,HORD001773,PRD0883,1,1440.86,1440.86
HITM0005624,HORD001773,PRD0852,1,465.95,465.95
HITM0005625,HORD001773,PRD0810,1,325.73,325.73
HITM0005626,HORD001773,PRD0043,1,1487.36,1487.36
HITM0005627,HORD001774,PRD0546,1,401.4,401.4
HITM0005628,HORD001774,PRD0096,1,327.95,327.95
HITM0005629,HORD001774,PRD0080,1,15.23,15.23
HITM0005630,HORD001774,PRD0254,1,952.39,952.39
HITM0005631,HORD001775,PRD0489,1,1207.96,1207.96
HITM0005632,HORD001775,PRD0849,1,272.8,272.8
HITM0005633,HORD001775,PRD0222,1,1210.33,1210.33
HITM0005634,HORD001775,PRD0371,2,2179.78,4359.56
HITM0005635,HORD001776,PRD0742,1,1738.97,1738.97
HITM0005636,HORD001776,PRD0589,1,241.6,241.6
HITM0005637,HORD001776,PRD0440,1,57.41,57.41
HITM0005638,HORD001776,PRD0470,2,116.53,233.06
HITM0005639,HORD001777,PRD0930,1,360.98,360.98
HITM0005640,HORD001777,PRD0669,1,603.87,603.87
HITM0005641,HORD001777,PRD0291,1,2517.39,2517.39
HITM0005642,HORD001777,PRD0783,1,1292.19,1292.19
HITM0005643,HORD001777,PRD0495,1,1086.82,1086.82
HITM0005644,HORD001778,PRD0049,1,917.1,917.1
HITM0005645,HORD001778,PRD0854,3,2184.3,6552.9
HITM0005646,HORD001778,PRD0950,1,71.67,71.67
HITM0005647,HORD001778,PRD0424,1,2256.09,2256.09
HITM0005648,HORD001778,PRD0427,1,1212.42,1212.42
HITM0005649,HORD001779,PRD0942,1,500.96,500.96
HITM0005650,HORD001779,PRD0556,2,177.48,354.96
HITM0005651,HORD001779,PRD0521,1,2581.65,2581.65
HITM0005652,HORD001779,PRD0628,1,62.19,62.19
HITM0005653,HORD001780,PRD0809,1,217.32,217.32
HITM0005654,HORD001780,PRD0377,1,941.97,941.97
HITM0005655,HORD001781,PRD0669,2,603.87,1207.74
HITM0005656,HORD001781,PRD0546,1,401.4,401.4
HITM0005657,HORD001781,PRD0008,1,146.16,146.16
HITM0005658,HORD001781,PRD0620,2,220.61,441.22
HITM0005659,HORD001782,PRD0472,1,658.25,658.25
HITM0005660,HORD001782,PRD0346,1,291.88,291.88
HITM0005661,HORD001782,PRD0833,1,941.26,941.26
HITM0005662,HORD001783,PRD0606,1,556.12,556.12
HITM0005663,HORD001783,PRD0112,1,1668.77,1668.77
HITM0005664,HORD001783,PRD0429,1,1195.52,1195.52
HITM0005665,HORD001783,PRD0906,1,150.8,150.8
HITM0005666,HORD001784,PRD0369,2,123.0,246.0
HITM0005667,HORD001784,PRD0091,1,2959.54,2959.54
HITM0005668,HORD001785,PRD0461,1,1664.1,1664.1
HITM0005669,HORD001785,PRD0040,1,239.17,239.17
HITM0005670,HORD001786,PRD0493,2,1091.53,2183.06
HITM0005671,HORD001786,PRD0050,2,56.24,112.48
HITM0005672,HORD001786,PRD0226,1,497.16,497.16
HITM0005673,HORD001786,PRD0525,1,589.06,589.06
HITM0005674,HORD001787,PRD0384,1,2615.99,2615.99
HITM0005675,HORD001787,PRD0808,1,566.96,566.96
HITM0005676,HORD001788,PRD0683,1,609.14,609.14
HITM0005677,HORD001789,PRD0897,1,368.24,368.24
HITM0005678,HORD001789,PRD0950,1,71.67,71.67
HITM0005679,HORD001789,PRD0931,1,2472.47,2472.47
HITM0005680,HORD001790,PRD0172,1,642.62,642.62
HITM0005681,HORD001790,PRD0010,1,386.41,386.41
HITM0005682,HORD001791,PRD0690,1,30.42,30.42
HITM0005683,HORD001791,PRD0297,2,2214.14,4428.28
HITM0005684,HORD001791,PRD0035,1,215.11,215.11
HITM0005685,HORD001791,PRD0367,1,179.97,179.97
HITM0005686,HORD001791,PRD0890,1,279.59,279.59
HITM0005687,HORD001792,PRD0750,1,181.18,181.18
HITM0005688,HORD001792,PRD0294,1,2659.23,2659.23
HITM0005689,HORD001792,PRD0950,1,71.67,71.67
HITM0005690,HORD001793,PRD0434,1,388.26,388.26
HITM0005691,HORD001793,PRD0449,2,483.76,967.52
HITM0005692,HORD001793,PRD0125,2,517.12,1034.24
HITM0005693,HORD001793,PRD0954,1,848.21,848.21
HITM0005694,HORD001794,PRD0346,3,291.88,875.64
HITM0005695,HORD001795,PRD0515,2,1139.31,2278.62
HITM0005696,HORD001795,PRD0908,1,826.2,826.2
HITM0005697,HORD001796,PRD0755,2,417.76,835.52
HITM0005698,HORD001796,PRD0693,1,1149.55,1149.55
HITM0005699,HORD001796,PRD0466,1,520.19,520.19
HITM0005700,HORD001796,PRD0967,1,530.38,530.38
HITM0005701,HORD001797,PRD0929,1,897.78,897.78
HITM0005702,HORD001797,PRD0910,1,19.2,19.2
HITM0005703,HORD001797,PRD0440,1,57.41,57.41
HITM0005704,HORD001797,PRD0255,1,718.45,718.45
HITM0005705,HORD001797,PRD0900,1,204.44,204.44
HITM0005706,HORD001798,PRD0175,3,883.13,2649.39
HITM0005707,HORD001798,PRD0705,1,200.18,200.18
HITM0005708,HORD001798,PRD0754,1,2331.9,2331.9
HITM0005709,HORD001798,PRD0482,2,1511.77,3023.54
HITM0005710,HORD001799,PRD0970,1,403.08,403.08
HITM0005711,HORD001799,PRD0886,1,529.82,529.82
HITM0005712,HORD001799,PRD0298,1,724.89,724.89
HITM0005713,HORD001799,PRD0085,1,477.42,477.42
HITM0005714,HORD001800,PRD0233,1,804.27,804.27
HITM0005715,HORD001801,PRD0612,1,1688.14,1688.14
HITM0005716,HORD001801,PRD0039,1,951.13,951.13
HITM0005717,HORD001801,PRD0268,2,395.01,790.02
HITM0005718,HORD001801,PRD0048,1,176.51,176.51
HITM0005719,HORD001802,PRD0148,1,457.28,457.28
HITM0005720,HORD001802,PRD0962,1,1496.58,1496.58
HITM0005721,HORD001802,PRD0718,1,214.61,214.61
HITM0005722,HORD001803,PRD0180,1,270.59,270.59
HITM0005723,HORD001803,PRD0576,1,30.87,30.87
HITM0005724,HORD001803,PRD0832,1,1257.86,1257.86
HITM0005725,HORD001803,PRD0409,1,178.56,178.56
HITM0005726,HORD001804,PRD0635,2,140.41,280.82
HITM0005727,HORD001804,PRD0808,1,566.96,566.96
HITM0005728,HORD001804,PRD0935,1,41.85,41.85
HITM0005729,HORD001805,PRD0237,1,2383.14,2383.14
HITM0005730,HORD001805,PRD0651,1,2713.88,2713.88
HITM0005731,HORD001805,PRD0556,1,177.48,177.48
HITM0005732,HORD001806,PRD0655,1,261.66,261.66
HITM0005733,HORD001806,PRD0227,2,1769.34,3538.68
HITM0005734,HORD001806,PRD0708,1,545.08,545.08
HITM0005735,HORD001807,PRD0894,1,2968.01,2968.01
HITM0005736,HORD001807,PRD0039,1,951.13,951.13
HITM0005737,HORD001807,PRD0503,2,946.68,1893.36
HITM0005738,HORD001807,PRD0777,1,666.99,666.99
HITM0005739,HORD001808,PRD0918,1,270.82,270.82
HITM0005740,HORD001808,PRD0530,1,210.45,210.45
HITM0005741,HORD001808,PRD0055,1,534.13,534.13
HITM0005742,HORD001808,PRD0623,1,1221.11,1221.11
HITM0005743,HORD001808,PRD0550,1,178.21,178.21
HITM0005744,HORD001809,PRD0900,1,204.44,204.44
HITM0005745,HORD001809,PRD0288,1,324.08,324.08
HITM0005746,HORD001809,PRD0866,1,684.58,684.58
HITM0005747,HORD001810,PRD0465,1,276.29,276.29
HITM0005748,HORD001810,PRD0912,1,752.42,752.42
HITM0005749,HORD001810,PRD0449,1,483.76,483.76
HITM0005750,HORD001810,PRD0618,1,421.89,421.89
HITM0005751,HORD001810,PRD0166,2,401.82,803.64
HITM0005752,HORD001811,PRD0040,2,239.17,478.34
HITM0005753,HORD001811,PRD0905,1,951.23,951.23
HITM0005754,HORD001812,PRD0098,1,848.52,848.52
HITM0005755,HORD001812,PRD0222,1,1210.33,1210.33
HITM0005756,HORD001812,PRD0718,3,214.61,643.83
HITM0005757,HORD001813,PRD0453,1,1232.3,1232.3
HITM0005758,HORD001813,PRD0241,2,2265.52,4531.04
HITM0005759,HORD001814,PRD0600,1,198.56,198.56
HITM0005760,HORD001814,PRD0378,1,472.12,472.12
HITM0005761,HORD001814,PRD0705,1,200.18,200.18
HITM0005762,HORD001815,PRD0886,1,529.82,529.82
HITM0005763,HORD001815,PRD0500,1,250.29,250.29
HITM0005764,HORD001816,PRD0648,1,469.36,469.36
HITM0005765,HORD001816,PRD0062,2,1491.83,2983.66
HITM0005766,HORD001816,PRD0621,2,1275.57,2551.14
HITM0005767,HORD001817,PRD0204,3,2130.68,6392.04
HITM0005768,HORD001817,PRD0455,2,679.95,1359.9
HITM0005769,HORD001817,PRD0124,1,659.93,659.93
HITM0005770,HORD001818,PRD0031,3,2841.2,8523.6
HITM0005771,HORD001818,PRD0508,1,652.45,652.45
HITM0005772,HORD001819,PRD0621,2,1275.57,2551.14
HITM0005773,HORD001820,PRD0617,1,2145.95,2145.95
HITM0005774,HORD001820,PRD0422,1,1345.12,1345.12
HITM0005775,HORD001820,PRD0351,2,1823.65,3647.3
HITM0005776,HORD001821,PRD0106,2,40.68,81.36
HITM0005777,HORD001822,PRD0699,1,508.79,508.79
HITM0005778,HORD001822,PRD0695,1,980.37,980.37
HITM0005779,HORD001822,PRD0916,1,110.26,110.26
HITM0005780,HORD001822,PRD0585,1,81.84,81.84
HITM0005781,HORD001823,PRD0773,1,1247.83,1247.83
HITM0005782,HORD001823,PRD0750,2,181.18,362.36
HITM0005783,HORD001823,PRD0094,1,627.77,627.77
HITM0005784,HORD001823,PRD0090,1,223.82,223.82
HITM0005785,HORD001823,PRD0759,1,1012.36,1012.36
HITM0005786,HORD001824,PRD0197,1,179.71,179.71
HITM0005787,HORD001824,PRD0692,1,488.18,488.18
HITM0005788,HORD001824,PRD0984,1,1014.29,1014.29
HITM0005789,HORD001825,PRD0007,1,1073.56,1073.56
HITM0005790,HORD001825,PRD0746,2,683.7,1367.4
HITM0005791,HORD001825,PRD0071,1,1342.48,1342.48
HITM0005792,HORD001826,PRD0848,1,522.45,522.45
HITM0005793,HORD001826,PRD0124,1,659.93,659.93
HITM0005794,HORD001826,PRD0663,1,337.29,337.29
HITM0005795,HORD001827,PRD0668,1,982.03,982.03
HITM0005796,HORD001827,PRD0276,1,443.22,443.22
HITM0005797,HORD001827,PRD0163,1,459.77,459.77
HITM0005798,HORD001828,PRD0753,2,272.68,545.36
HITM0005799,HORD001828,PRD0439,1,1460.48,1460.48
HITM0005800,HORD001828,PRD0868,1,956.14,956.14
HITM0005801,HORD001828,PRD0691,2,2536.12,5072.24
HITM0005802,HORD001828,PRD0576,1,30.87,30.87
HITM0005803,HORD001829,PRD0467,1,1381.47,1381.47
HITM0005804,HORD001829,PRD0847,1,370.04,370.04
HITM0005805,HORD001829,PRD0170,1,202.15,202.15
HITM0005806,HORD001829,PRD0355,1,412.17,412.17
HITM0005807,HORD001830,PRD0438,1,185.01,185.01
HITM0005808,HORD001830,PRD0337,1,2341.34,2341.34
HITM0005809,HORD001830,PRD0542,1,1746.75,1746.75
HITM0005810,HORD001831,PRD0816,1,213.13,213.13
HITM0005811,HORD001831,PRD0236,1,131.33,131.33
HITM0005812,HORD001831,PRD0016,1,255.89,255.89
HITM0005813,HORD001832,PRD0427,1,1212.42,1212.42
HITM0005814,HORD001832,PRD0795,2,1118.81,2237.62
HITM0005815,HORD001832,PRD0645,1,206.79,206.79
HITM0005816,HORD001832,PRD0906,1,150.8,150.8
HITM0005817,HORD001833,PRD0908,1,826.2,826.2
HITM0005818,HORD001833,PRD0740,1,326.46,326.46
HITM0005819,HORD001833,PRD0035,2,215.11,430.22
HITM0005820,HORD001834,PRD0252,1,457.51,457.51
HITM0005821,HORD001834,PRD0365,2,1165.16,2330.32
HITM0005822,HORD001834,PRD0500,1,250.29,250.29
HITM0005823,HORD001835,PRD0720,2,313.84,627.68
HITM0005824,HORD001835,PRD0178,1,184.26,184.26
HITM0005825,HORD001835,PRD0237,1,2383.14,2383.14
HITM0005826,HORD001835,PRD0435,2,721.05,1442.1
HITM0005827,HORD001836,PRD0272,1,830.69,830.69
HITM0005828,HORD001836,PRD0588,1,828.34,828.34
HITM0005829,HORD001836,PRD0715,1,61.65,61.65
HITM0005830,HORD001836,PRD0183,1,442.77,442.77
HITM0005831,HORD001837,PRD0395,1,366.66,366.66
HITM0005832,HORD001837,PRD0903,1,805.15,805.15
HITM0005833,HORD001838,PRD0996,1,643.77,643.77
HITM0005834,HORD001838,PRD0984,2,1014.29,2028.58
HITM0005835,HORD001838,PRD0400,2,158.67,317.34
HITM0005836,HORD001838,PRD0159,1,1223.4,1223.4
HITM0005837,HORD001839,PRD0117,1,684.24,684.24
HITM0005838,HORD001839,PRD0882,1,404.51,404.51
HITM0005839,HORD001839,PRD0352,2,1200.9,2401.8
HITM0005840,HORD001840,PRD0352,1,1200.9,1200.9
HITM0005841,HORD001840,PRD0824,1,3509.94,3509.94
HITM0005842,HORD001840,PRD0216,1,503.39,503.39
HITM0005843,HORD001840,PRD0523,3,462.11,1386.33
HITM0005844,HORD001841,PRD0732,2,1280.4,2560.8
HITM0005845,HORD001841,PRD0575,1,177.67,177.67
HITM0005846,HORD001841,PRD0188,2,936.44,1872.88
HITM0005847,HORD001842,PRD0790,1,110.86,110.86
HITM0005848,HORD001842,PRD0360,1,362.06,362.06
HITM0005849,HORD001842,PRD0582,1,1854.66,1854.66
HITM0005850,HORD001843,PRD0410,1,212.08,212.08
HITM0005851,HORD001843,PRD0117,2,684.24,1368.48
HITM0005852,HORD001843,PRD0058,1,137.85,137.85
HITM0005853,HORD001844,PRD0365,1,1165.16,1165.16
HITM0005854,HORD001845,PRD0365,2,1165.16,2330.32
HITM0005855,HORD001845,PRD0714,2,2934.49,5868.98
HITM0005856,HORD001846,PRD0250,1,79.79,79.79
HITM0005857,HORD001846,PRD0489,1,1207.96,1207.96
HITM0005858,HORD001846,PRD0026,1,841.05,841.05
HITM0005859,HORD001847,PRD0335,1,439.66,439.66
HITM0005860,HORD001847,PRD0427,1,1212.42,1212.42
HITM0005861,HORD001847,PRD0848,1,522.45,522.45
HITM0005862,HORD001847,PRD0889,1,893.76,893.76
HITM0005863,HORD001847,PRD0870,1,370.25,370.25
HITM0005864,HORD001848,PRD0586,1,110.38,110.38
HITM0005865,HORD001848,PRD0804,1,2829.97,2829.97
HITM0005866,HORD001848,PRD0830,1,57.62,57.62
HITM0005867,HORD001849,PRD0131,1,2047.43,2047.43
HITM0005868,HORD001849,PRD0709,1,928.13,928.13
HITM0005869,HORD001849,PRD0265,1,94.03,94.03
HITM0005870,HORD001850,PRD0240,1,417.49,417.49
HITM0005871,HORD001850,PRD0258,1,649.82,649.82
HITM0005872,HORD001850,PRD0496,2,223.21,446.42
HITM0005873,HORD001850,PRD0683,1,609.14,609.14
HITM0005874,HORD001850,PRD0642,1,1399.48,1399.48
HITM0005875,HORD001851,PRD0430,1,126.46,126.46
HITM0005876,HORD001851,PRD0914,1,1089.48,1089.48
HITM0005877,HORD001851,PRD0119,1,871.39,871.39
HITM0005878,HORD001852,PRD0781,1,2891.34,2891.34
HITM0005879,HORD001852,PRD0137,1,1138.46,1138.46
HITM0005880,HORD001852,PRD0607,1,1809.95,1809.95
HITM0005881,HORD001852,PRD0015,2,828.91,1657.82
HITM0005882,HORD001853,PRD0548,1,957.21,957.21
HITM0005883,HORD001853,PRD0943,1,862.72,862.72
HITM0005884,HORD001853,PRD0601,1,2323.87,2323.87
HITM0005885,HORD001854,PRD0867,1,500.96,500.96
HITM0005886,HORD001854,PRD0378,3,472.12,1416.36
HITM0005887,HORD001854,PRD0670,1,152.13,152.13
HITM0005888,HORD001854,PRD0163,2,459.77,919.54
HITM0005889,HORD001855,PRD0045,1,124.62,124.62
HITM0005890,HORD001855,PRD0405,1,146.11,146.11
HITM0005891,HORD001856,PRD0497,2,2082.0,4164.0
HITM0005892,HORD001856,PRD0016,1,255.89,255.89
HITM0005893,HORD001856,PRD0146,1,508.56,508.56
HITM0005894,HORD001857,PRD0530,1,210.45,210.45
HITM0005895,HORD001857,PRD0918,1,270.82,270.82
HITM0005896,HORD001857,PRD0886,1,529.82,529.82
HITM0005897,HORD001858,PRD0220,1,144.35,144.35
HITM0005898,HORD001858,PRD0027,1,615.88,615.88
HITM0005899,HORD001858,PRD0736,1,828.82,828.82
HITM0005900,HORD001859,PRD0449,1,483.76,483.76
HITM0005901,HORD001859,PRD0763,1,485.63,485.63
HITM0005902,HORD001859,PRD0405,1,146.11,146.11
HITM0005903,HORD001860,PRD0614,1,2379.02,2379.02
HITM0005904,HORD001860,PRD0460,2,250.7,501.4
HITM0005905,HORD001860,PRD0511,1,2672.61,2672.61
HITM0005906,HORD001861,PRD0380,3,370.74,1112.22
HITM0005907,HORD001862,PRD0431,1,1519.4,1519.4
HITM0005908,HORD001862,PRD0466,1,520.19,520.19
HITM0005909,HORD001862,PRD0165,2,471.13,942.26
HITM0005910,HORD001862,PRD0020,1,254.09,254.09
HITM0005911,HORD001863,PRD0048,1,176.51,176.51
HITM0005912,HORD001863,PRD0404,1,1363.51,1363.51
HITM0005913,HORD001864,PRD0152,1,575.19,575.19
HITM0005914,HORD001864,PRD0130,1,234.4,234.4
HITM0005915,HORD001864,PRD0676,2,499.99,999.98
HITM0005916,HORD001865,PRD0346,1,291.88,291.88
HITM0005917,HORD001865,PRD0471,2,1997.5,3995.0
HITM0005918,HORD001865,PRD0329,1,320.22,320.22
HITM0005919,HORD001866,PRD0992,1,1671.9,1671.9
HITM0005920,HORD001866,PRD0430,1,126.46,126.46
HITM0005921,HORD001866,PRD0367,1,179.97,179.97
HITM0005922,HORD001866,PRD0290,1,151.92,151.92
HITM0005923,HORD001866,PRD0525,2,589.06,1178.12
HITM0005924,HORD001867,PRD0857,1,998.5,998.5
HITM0005925,HORD001867,PRD0165,1,471.13,471.13
HITM0005926,HORD001867,PRD0749,1,529.95,529.95
HITM0005927,HORD001867,PRD0468,1,523.04,523.04
HITM0005928,HORD001868,PRD0920,3,393.44,1180.32
HITM0005929,HORD001868,PRD0293,2,1414.37,2828.74
HITM0005930,HORD001868,PRD0239,1,761.02,761.02
HITM0005931,HORD001869,PRD0411,1,2843.11,2843.11
HITM0005932,HORD001869,PRD0197,1,179.71,179.71
HITM0005933,HORD001870,PRD0655,1,261.66,261.66
HITM0005934,HORD001870,PRD0545,1,219.94,219.94
HITM0005935,HORD001870,PRD0027,1,615.88,615.88
HITM0005936,HORD001870,PRD0456,3,111.78,335.34
HITM0005937,HORD001870,PRD0660,1,15.31,15.31
HITM0005938,HORD001871,PRD0005,1,503.71,503.71
HITM0005939,HORD001871,PRD0573,1,281.0,281.0
HITM0005940,HORD001871,PRD0424,1,2256.09,2256.09
HITM0005941,HORD001872,PRD0315,2,197.15,394.3
HITM0005942,HORD001872,PRD0690,1,30.42,30.42
HITM0005943,HORD001872,PRD0518,2,365.35,730.7
HITM0005944,HORD001873,PRD0646,1,155.12,155.12
HITM0005945,HORD001873,PRD0395,1,366.66,366.66
HITM0005946,HORD001873,PRD0753,2,272.68,545.36
HITM0005947,HORD001874,PRD0723,1,461.99,461.99
HITM0005948,HORD001874,PRD0847,1,370.04,370.04
HITM0005949,HORD001874,PRD0653,1,608.0,608.0
HITM0005950,HORD001875,PRD0660,1,15.31,15.31
HITM0005951,HORD001876,PRD0254,1,952.39,952.39
HITM0005952,HORD001876,PRD0082,2,1853.06,3706.12
HITM0005953,HORD001876,PRD0464,1,3820.07,3820.07
HITM0005954,HORD001876,PRD0623,1,1221.11,1221.11
HITM0005955,HORD001877,PRD0982,1,973.58,973.58
HITM0005956,HORD001877,PRD0750,1,181.18,181.18
HITM0005957,HORD001877,PRD0228,1,121.94,121.94
HITM0005958,HORD001878,PRD0256,1,297.13,297.13
HITM0005959,HORD001878,PRD0610,1,159.67,159.67
HITM0005960,HORD001879,PRD0928,1,302.59,302.59
HITM0005961,HORD001879,PRD0366,1,356.03,356.03
HITM0005962,HORD001880,PRD0748,1,147.02,147.02
HITM0005963,HORD001880,PRD0233,1,804.27,804.27
HITM0005964,HORD001880,PRD0220,2,144.35,288.7
HITM0005965,HORD001880,PRD0526,1,84.58,84.58
HITM0005966,HORD001881,PRD0148,1,457.28,457.28
HITM0005967,HORD001881,PRD0145,1,564.49,564.49
HITM0005968,HORD001881,PRD0672,1,1330.59,1330.59
HITM0005969,HORD001881,PRD0550,1,178.21,178.21
HITM0005970,HORD001882,PRD0152,1,575.19,575.19
HITM0005971,HORD001882,PRD0736,1,828.82,828.82
HITM0005972,HORD001882,PRD0214,1,2467.77,2467.77
HITM0005973,HORD001882,PRD0716,1,197.99,197.99
HITM0005974,HORD001883,PRD0475,3,1049.43,3148.29
HITM0005975,HORD001883,PRD0355,1,412.17,412.17
HITM0005976,HORD001884,PRD0825,1,606.92,606.92
HITM0005977,HORD001884,PRD0502,1,1737.87,1737.87
HITM0005978,HORD001884,PRD0617,1,2145.95,2145.95
HITM0005979,HORD001885,PRD0866,1,684.58,684.58
HITM0005980,HORD001885,PRD0316,1,640.98,640.98
HITM0005981,HORD001886,PRD0125,1,517.12,517.12
HITM0005982,HORD001886,PRD0655,1,261.66,261.66
HITM0005983,HORD001886,PRD0187,1,1875.79,1875.79
HITM0005984,HORD001886,PRD0410,1,212.08,212.08
HITM0005985,HORD001887,PRD0058,1,137.85,137.85
HITM0005986,HORD001887,PRD0228,1,121.94,121.94
HITM0005987,HORD001887,PRD0140,1,394.57,394.57
HITM0005988,HORD001887,PRD0275,1,928.24,928.24
HITM0005989,HORD001888,PRD0459,2,553.35,1106.7
HITM0005990,HORD001888,PRD0049,1,917.1,917.1
HITM0005991,HORD001889,PRD0244,2,847.84,1695.68
HITM0005992,HORD001889,PRD0048,1,176.51,176.51
HITM0005993,HORD001889,PRD0412,2,383.4,766.8
HITM0005994,HORD001890,PRD0225,2,1060.36,2120.72
HITM0005995,HORD001890,PRD0803,1,585.93,585.93
HITM0005996,HORD001890,PRD0614,1,2379.02,2379.02
HITM0005997,HORD001891,PRD0767,1,2003.56,2003.56
HITM0005998,HORD001891,PRD0775,1,545.51,545.51
HITM0005999,HORD001891,PRD0958,1,997.87,997.87
HITM0006000,HORD001892,PRD0255,1,718.45,718.45
HITM0006001,HORD001892,PRD0994,2,916.4,1832.8
HITM0006002,HORD001892,PRD0415,1,78.5,78.5
HITM0006003,HORD001893,PRD0164,1,1650.2,1650.2
HITM0006004,HORD001893,PRD0647,1,818.2,818.2
HITM0006005,HORD001894,PRD0163,1,459.77,459.77
HITM0006006,HORD001894,PRD0790,1,110.86,110.86
HITM0006007,HORD001894,PRD0258,1,649.82,649.82
HITM0006008,HORD001895,PRD0186,2,280.16,560.32
HITM0006009,HORD001895,PRD0475,1,1049.43,1049.43
HITM0006010,HORD001895,PRD0625,1,1034.61,1034.61
HITM0006011,HORD001895,PRD0716,2,197.99,395.98
HITM0006012,HORD001896,PRD0925,1,327.94,327.94
HITM0006013,HORD001896,PRD0769,1,333.15,333.15
HITM0006014,HORD001896,PRD0452,1,1619.46,1619.46
HITM0006015,HORD001896,PRD0265,1,94.03,94.03
HITM0006016,HORD001897,PRD0876,2,61.28,122.56
HITM0006017,HORD001897,PRD0970,1,403.08,403.08
HITM0006018,HORD001898,PRD0383,1,1128.0,1128.0
HITM0006019,HORD001898,PRD0626,1,529.21,529.21
HITM0006020,HORD001898,PRD0160,2,140.78,281.56
HITM0006021,HORD001899,PRD0113,3,418.73,1256.19
HITM0006022,HORD001899,PRD0326,1,62.48,62.48
HITM0006023,HORD001899,PRD0100,1,206.02,206.02
HITM0006024,HORD001900,PRD0351,1,1823.65,1823.65
HITM0006025,HORD001900,PRD0904,1,1097.17,1097.17
HITM0006026,HORD001900,PRD0320,1,190.98,190.98
HITM0006027,HORD001900,PRD0844,1,1595.23,1595.23
HITM0006028,HORD001900,PRD0662,1,808.63,808.63
HITM0006029,HORD001901,PRD0078,3,1051.69,3155.07
HITM0006030,HORD001902,PRD0837,1,471.38,471.38
HITM0006031,HORD001903,PRD0941,1,2724.82,2724.82
HITM0006032,HORD001903,PRD0086,1,747.25,747.25
HITM0006033,HORD001904,PRD0499,1,253.73,253.73
HITM0006034,HORD001904,PRD0862,1,1164.81,1164.81
HITM0006035,HORD001904,PRD0777,2,666.99,1333.98
HITM0006036,HORD001905,PRD0131,2,2047.43,4094.86
HITM0006037,HORD001905,PRD0477,1,1488.86,1488.86
HITM0006038,HORD001905,PRD0096,1,327.95,327.95
HITM0006039,HORD001905,PRD0321,1,2525.88,2525.88
HITM0006040,HORD001906,PRD0104,1,1407.8,1407.8
HITM0006041,HORD001906,PRD0676,1,499.99,499.99
HITM0006042,HORD001906,PRD0489,1,1207.96,1207.96
HITM0006043,HORD001907,PRD0659,2,1247.76,2495.52
HITM0006044,HORD001907,PRD0376,1,689.26,689.26
HITM0006045,HORD001908,PRD0085,1,477.42,477.42
HITM0006046,HORD001908,PRD0750,1,181.18,181.18
HITM0006047,HORD001908,PRD0280,1,149.57,149.57
HITM0006048,HORD001908,PRD0134,1,1214.25,1214.25
HITM0006049,HORD001908,PRD0440,2,57.41,114.82
HITM0006050,HORD001909,PRD0298,1,724.89,724.89
HITM0006051,HORD001910,PRD0648,1,469.36,469.36
HITM0006052,HORD001910,PRD0013,2,377.71,755.42
HITM0006053,HORD001910,PRD0897,1,368.24,368.24
HITM0006054,HORD001910,PRD0165,2,471.13,942.26
HITM0006055,HORD001911,PRD0405,2,146.11,292.22
HITM0006056,HORD001911,PRD0236,1,131.33,131.33
HITM0006057,HORD001912,PRD0536,1,274.78,274.78
HITM0006058,HORD001912,PRD0299,1,1325.19,1325.19
HITM0006059,HORD001912,PRD0459,1,553.35,553.35
HITM0006060,HORD001912,PRD0568,2,237.73,475.46
HITM0006061,HORD001912,PRD0835,1,982.79,982.79
HITM0006062,HORD001913,PRD0568,3,237.73,713.19
HITM0006063,HORD001913,PRD0097,2,2221.25,4442.5
HITM0006064,HORD001914,PRD0317,2,2234.93,4469.86
HITM0006065,HORD001914,PRD0257,1,1869.6,1869.6
HITM0006066,HORD001915,PRD0536,1,274.78,274.78
HITM0006067,HORD001915,PRD0124,1,659.93,659.93
HITM0006068,HORD001915,PRD0604,2,3124.49,6248.98
HITM0006069,HORD001915,PRD0840,1,48.65,48.65
HITM0006070,HORD001915,PRD0920,1,393.44,393.44
HITM0006071,HORD001916,PRD0585,1,81.84,81.84
HITM0006072,HORD001916,PRD0415,1,78.5,78.5
HITM0006073,HORD001916,PRD0105,2,431.76,863.52
HITM0006074,HORD001917,PRD0066,1,66.71,66.71
HITM0006075,HORD001917,PRD0686,1,654.4,654.4
HITM0006076,HORD001917,PRD0336,2,657.61,1315.22
HITM0006077,HORD001918,PRD0844,2,1595.23,3190.46
HITM0006078,HORD001918,PRD0567,1,1250.81,1250.81
HITM0006079,HORD001918,PRD0083,1,1563.94,1563.94
HITM0006080,HORD001918,PRD0719,1,836.38,836.38
HITM0006081,HORD001919,PRD0813,1,772.8,772.8
HITM0006082,HORD001919,PRD0456,1,111.78,111.78
HITM0006083,HORD001920,PRD0459,1,553.35,553.35
HITM0006084,HORD001920,PRD0575,1,177.67,177.67
HITM0006085,HORD001921,PRD0092,1,1139.05,1139.05
HITM0006086,HORD001921,PRD0552,2,1741.06,3482.12
HITM0006087,HORD001921,PRD0110,1,110.2,110.2
HITM0006088,HORD001921,PRD0219,1,227.25,227.25
HITM0006089,HORD001922,PRD0719,1,836.38,836.38
HITM0006090,HORD001922,PRD0650,1,233.76,233.76
HITM0006091,HORD001923,PRD0033,2,884.6,1769.2
HITM0006092,HORD001923,PRD0200,1,160.69,160.69
HITM0006093,HORD001923,PRD0732,1,1280.4,1280.4
HITM0006094,HORD001923,PRD0877,2,921.48,1842.96
HITM0006095,HORD001924,PRD0863,1,774.62,774.62
HITM0006096,HORD001924,PRD0578,1,718.33,718.33
HITM0006097,HORD001924,PRD0255,1,718.45,718.45
HITM0006098,HORD001925,PRD0650,1,233.76,233.76
HITM0006099,HORD001925,PRD0385,2,272.03,544.06
HITM0006100,HORD001925,PRD0048,1,176.51,176.51
HITM0006101,HORD001925,PRD0624,1,588.21,588.21
HITM0006102,HORD001926,PRD0709,2,928.13,1856.26
HITM0006103,HORD001926,PRD0020,1,254.09,254.09
HITM0006104,HORD001926,PRD0049,1,917.1,917.1
HITM0006105,HORD001926,PRD0029,1,476.78,476.78
HITM0006106,HORD001927,PRD0755,2,417.76,835.52
HITM0006107,HORD001927,PRD0646,1,155.12,155.12
HITM0006108,HORD001927,PRD0197,1,179.71,179.71
HITM0006109,HORD001927,PRD0337,2,2341.34,4682.68
HITM0006110,HORD001927,PRD0013,1,377.71,377.71
HITM0006111,HORD001928,PRD0146,1,508.56,508.56
HITM0006112,HORD001928,PRD0171,1,2618.35,2618.35
HITM0006113,HORD001928,PRD0578,2,718.33,1436.66
HITM0006114,HORD001928,PRD0879,2,1214.72,2429.44
HITM0006115,HORD001929,PRD0513,1,532.33,532.33
HITM0006116,HORD001929,PRD0090,1,223.82,223.82
HITM0006117,HORD001929,PRD0173,3,1519.14,4557.42
HITM0006118,HORD001930,PRD0690,2,30.42,60.84
HITM0006119,HORD001930,PRD0058,1,137.85,137.85
HITM0006120,HORD001930,PRD0205,2,864.54,1729.08
HITM0006121,HORD001931,PRD0827,3,1290.81,3872.43
HITM0006122,HORD001931,PRD0784,1,1118.82,1118.82
HITM0006123,HORD001931,PRD0868,1,956.14,956.14
HITM0006124,HORD001932,PRD0798,1,647.08,647.08
HITM0006125,HORD001932,PRD0919,1,202.1,202.1
HITM0006126,HORD001932,PRD0658,1,471.69,471.69
HITM0006127,HORD001932,PRD0916,1,110.26,110.26
HITM0006128,HORD001933,PRD0820,2,135.5,271.0
HITM0006129,HORD001933,PRD0453,2,1232.3,2464.6
HITM0006130,HORD001933,PRD0690,2,30.42,60.84
HITM0006131,HORD001934,PRD0036,3,120.39,361.17
HITM0006132,HORD001934,PRD0200,1,160.69,160.69
HITM0006133,HORD001934,PRD0296,2,767.13,1534.26
HITM0006134,HORD001934,PRD0791,3,2879.43,8638.29
HITM0006135,HORD001935,PRD0780,1,94.47,94.47
HITM0006136,HORD001936,PRD0796,2,214.68,429.36
HITM0006137,HORD001936,PRD0146,2,508.56,1017.12
HITM0006138,HORD001936,PRD1000,1,120.72,120.72
HITM0006139,HORD001936,PRD0949,1,541.69,541.69
HITM0006140,HORD001937,PRD0919,1,202.1,202.1
HITM0006141,HORD001938,PRD0807,1,1766.65,1766.65
HITM0006142,HORD001939,PRD0580,1,180.48,180.48
HITM0006143,HORD001940,PRD0177,1,1856.25,1856.25
HITM0006144,HORD001940,PRD0156,1,402.17,402.17
HITM0006145,HORD001940,PRD0988,1,236.45,236.45
HITM0006146,HORD001940,PRD0085,1,477.42,477.42
HITM0006147,HORD001940,PRD0617,1,2145.95,2145.95
HITM0006148,HORD001941,PRD0093,1,1233.02,1233.02
HITM0006149,HORD001941,PRD0724,2,2281.33,4562.66
HITM0006150,HORD001941,PRD0826,2,402.15,804.3
HITM0006151,HORD001942,PRD0294,1,2659.23,2659.23
HITM0006152,HORD001942,PRD0127,2,415.41,830.82
HITM0006153,HORD001943,PRD0034,1,797.09,797.09
HITM0006154,HORD001943,PRD0049,1,917.1,917.1
HITM0006155,HORD001943,PRD0927,1,1547.06,1547.06
HITM0006156,HORD001944,PRD0955,1,56.91,56.91
HITM0006157,HORD001944,PRD0416,3,420.25,1260.75
HITM0006158,HORD001944,PRD0882,1,404.51,404.51
HITM0006159,HORD001944,PRD0299,1,1325.19,1325.19
HITM0006160,HORD001944,PRD0684,1,2250.74,2250.74
HITM0006161,HORD001945,PRD0424,1,2256.09,2256.09
HITM0006162,HORD001945,PRD0115,1,678.71,678.71
HITM0006163,HORD001945,PRD0217,2,648.29,1296.58
HITM0006164,HORD001946,PRD0860,1,359.33,359.33
HITM0006165,HORD001946,PRD0926,1,315.02,315.02
HITM0006166,HORD001946,PRD0710,1,221.52,221.52
HITM0006167,HORD001946,PRD0128,1,237.78,237.78
HITM0006168,HORD001946,PRD0823,1,631.56,631.56
HITM0006169,HORD001947,PRD0528,1,386.06,386.06
HITM0006170,HORD001947,PRD0779,1,621.7,621.7
HITM0006171,HORD001947,PRD0571,1,1263.4,1263.4
HITM0006172,HORD001948,PRD0611,2,1787.47,3574.94
HITM0006173,HORD001948,PRD0408,1,1038.75,1038.75
HITM0006174,HORD001948,PRD0619,1,394.74,394.74
HITM0006175,HORD001948,PRD0386,1,703.44,703.44
HITM0006176,HORD001949,PRD0268,1,395.01,395.01
HITM0006177,HORD001949,PRD0519,1,1464.8,1464.8
HITM0006178,HORD001949,PRD0052,1,1050.73,1050.73
HITM0006179,HORD001949,PRD0980,2,286.55,573.1
HITM0006180,HORD001950,PRD0226,1,497.16,497.16
HITM0006181,HORD001951,PRD0053,2,884.08,1768.16
HITM0006182,HORD001951,PRD0355,1,412.17,412.17
HITM0006183,HORD001951,PRD0552,1,1741.06,1741.06
HITM0006184,HORD001951,PRD0658,1,471.69,471.69
HITM0006185,HORD001951,PRD0602,1,1093.07,1093.07
HITM0006186,HORD001952,PRD0246,1,674.8,674.8
HITM0006187,HORD001952,PRD0905,2,951.23,1902.46
HITM0006188,HORD001952,PRD0289,1,553.34,553.34
HITM0006189,HORD001952,PRD0312,2,1449.43,2898.86
HITM0006190,HORD001953,PRD0956,2,86.17,172.34
HITM0006191,HORD001953,PRD0321,1,2525.88,2525.88
HITM0006192,HORD001953,PRD0109,1,326.84,326.84
HITM0006193,HORD001954,PRD0817,1,2143.54,2143.54
HITM0006194,HORD001954,PRD0705,1,200.18,200.18
HITM0006195,HORD001954,PRD0716,1,197.99,197.99
HITM0006196,HORD001954,PRD0301,1,1027.91,1027.91
HITM0006197,HORD001955,PRD0888,1,735.67,735.67
HITM0006198,HORD001955,PRD0350,1,175.83,175.83
HITM0006199,HORD001956,PRD0678,1,597.3,597.3
HITM0006200,HORD001956,PRD0934,1,4104.95,4104.95
HITM0006201,HORD001957,PRD0183,1,442.77,442.77
HITM0006202,HORD001957,PRD0140,1,394.57,394.57
HITM0006203,HORD001958,PRD0314,1,1867.88,1867.88
HITM0006204,HORD001958,PRD0180,1,270.59,270.59
HITM0006205,HORD001959,PRD0800,1,274.87,274.87
HITM0006206,HORD001959,PRD0675,1,98.97,98.97
HITM0006207,HORD001959,PRD0236,1,131.33,131.33
HITM0006208,HORD001959,PRD0809,1,217.32,217.32
HITM0006209,HORD001959,PRD0785,1,91.04,91.04
HITM0006210,HORD001960,PRD0261,1,1185.43,1185.43
HITM0006211,HORD001960,PRD0288,1,324.08,324.08
HITM0006212,HORD001960,PRD0453,1,1232.3,1232.3
HITM0006213,HORD001960,PRD0690,3,30.42,91.26
HITM0006214,HORD001960,PRD0295,1,1095.89,1095.89
HITM0006215,HORD001961,PRD0646,2,155.12,310.24
HITM0006216,HORD001961,PRD0263,1,590.67,590.67
HITM0006217,HORD001961,PRD0037,1,1207.21,1207.21
HITM0006218,HORD001961,PRD0300,2,305.18,610.36
HITM0006219,HORD001962,PRD0464,1,3820.07,3820.07
HITM0006220,HORD001962,PRD0003,1,316.95,316.95
HITM0006221,HORD001962,PRD0536,1,274.78,274.78
HITM0006222,HORD001962,PRD0975,1,1104.47,1104.47
HITM0006223,HORD001962,PRD0669,1,603.87,603.87
HITM0006224,HORD001963,PRD0174,2,2319.35,4638.7
HITM0006225,HORD001963,PRD0109,1,326.84,326.84
HITM0006226,HORD001964,PRD0376,1,689.26,689.26
HITM0006227,HORD001964,PRD0750,2,181.18,362.36
HITM0006228,HORD001964,PRD0151,1,3024.81,3024.81
HITM0006229,HORD001964,PRD0963,1,464.21,464.21
HITM0006230,HORD001964,PRD0019,2,1020.41,2040.82
HITM0006231,HORD001965,PRD0020,1,254.09,254.09
HITM0006232,HORD001965,PRD0720,1,313.84,313.84
HITM0006233,HORD001965,PRD0386,1,703.44,703.44
HITM0006234,HORD001965,PRD0575,1,177.67,177.67
HITM0006235,HORD001965,PRD0710,1,221.52,221.52
HITM0006236,HORD001966,PRD0931,2,2472.47,4944.94
HITM0006237,HORD001966,PRD0126,1,273.65,273.65
HITM0006238,HORD001966,PRD0412,1,383.4,383.4
HITM0006239,HORD001966,PRD0301,1,1027.91,1027.91
HITM0006240,HORD001967,PRD0040,1,239.17,239.17
HITM0006241,HORD001967,PRD0576,1,30.87,30.87
HITM0006242,HORD001968,PRD0998,3,819.98,2459.94
HITM0006243,HORD001968,PRD0304,3,966.94,2900.82
HITM0006244,HORD001968,PRD0068,1,331.71,331.71
HITM0006245,HORD001968,PRD0798,1,647.08,647.08
HITM0006246,HORD001969,PRD0311,1,1369.17,1369.17
HITM0006247,HORD001969,PRD0255,2,718.45,1436.9
HITM0006248,HORD001969,PRD0691,1,2536.12,2536.12
HITM0006249,HORD001970,PRD0488,1,658.75,658.75
HITM0006250,HORD001970,PRD0487,1,136.07,136.07
HITM0006251,HORD001971,PRD0679,1,1370.51,1370.51
HITM0006252,HORD001971,PRD0322,1,1333.07,1333.07
HITM0006253,HORD001971,PRD0935,1,41.85,41.85
HITM0006254,HORD001971,PRD0342,2,771.91,1543.82
HITM0006255,HORD001971,PRD0113,1,418.73,418.73
HITM0006256,HORD001972,PRD0295,2,1095.89,2191.78
HITM0006257,HORD001972,PRD0973,1,975.98,975.98
HITM0006258,HORD001972,PRD0242,1,390.52,390.52
HITM0006259,HORD001973,PRD0675,1,98.97,98.97
HITM0006260,HORD001973,PRD0345,1,437.36,437.36
HITM0006261,HORD001974,PRD0798,1,647.08,647.08
HITM0006262,HORD001974,PRD0967,1,530.38,530.38
HITM0006263,HORD001974,PRD0742,2,1738.97,3477.94
HITM0006264,HORD001975,PRD0033,1,884.6,884.6
HITM0006265,HORD001975,PRD0745,2,882.2,1764.4
HITM0006266,HORD001975,PRD0700,1,105.41,105.41
HITM0006267,HORD001976,PRD0767,2,2003.56,4007.12
HITM0006268,HORD001976,PRD0397,2,1333.88,2667.76
HITM0006269,HORD001976,PRD0382,1,1459.89,1459.89
HITM0006270,HORD001976,PRD0024,1,3386.44,3386.44
HITM0006271,HORD001977,PRD0414,2,1024.71,2049.42
HITM0006272,HORD001977,PRD0654,1,2311.57,2311.57
HITM0006273,HORD001978,PRD0858,1,188.42,188.42
HITM0006274,HORD001978,PRD0820,1,135.5,135.5
HITM0006275,HORD001978,PRD0149,1,427.78,427.78
HITM0006276,HORD001979,PRD0015,1,828.91,828.91
HITM0006277,HORD001979,PRD0882,1,404.51,404.51
HITM0006278,HORD001979,PRD0614,2,2379.02,4758.04
HITM0006279,HORD001979,PRD0013,2,377.71,755.42
HITM0006280,HORD001980,PRD0014,1,953.24,953.24
HITM0006281,HORD001980,PRD0525,1,589.06,589.06
HITM0006282,HORD001980,PRD0438,1,185.01,185.01
HITM0006283,HORD001981,PRD0173,1,1519.14,1519.14
HITM0006284,HORD001981,PRD0152,1,575.19,575.19
HITM0006285,HORD001981,PRD0430,1,126.46,126.46
HITM0006286,HORD001981,PRD0642,2,1399.48,2798.96
HITM0006287,HORD001982,PRD0290,1,151.92,151.92
HITM0006288,HORD001982,PRD0023,1,620.72,620.72
HITM0006289,HORD001982,PRD0417,1,1281.86,1281.86
HITM0006290,HORD001983,PRD0268,1,395.01,395.01
HITM0006291,HORD001983,PRD0542,1,1746.75,1746.75
HITM0006292,HORD001983,PRD0783,1,1292.19,1292.19
HITM0006293,HORD001983,PRD0086,1,747.25,747.25
HITM0006294,HORD001983,PRD0193,1,596.94,596.94
HITM0006295,HORD001984,PRD0057,1,768.67,768.67
HITM0006296,HORD001984,PRD0622,3,678.69,2036.07
HITM0006297,HORD001984,PRD0313,1,1109.77,1109.77
HITM0006298,HORD001985,PRD0656,1,473.06,473.06
HITM0006299,HORD001985,PRD0906,2,150.8,301.6
HITM0006300,HORD001985,PRD0901,1,1092.12,1092.12
HITM0006301,HORD001985,PRD0220,1,144.35,144.35
HITM0006302,HORD001986,PRD0374,1,1846.98,1846.98
HITM0006303,HORD001986,PRD0787,2,527.32,1054.64
HITM0006304,HORD001986,PRD0025,2,399.48,798.96
HITM0006305,HORD001987,PRD0295,2,1095.89,2191.78
HITM0006306,HORD001987,PRD0286,1,159.28,159.28
HITM0006307,HORD001988,PRD0286,2,159.28,318.56
HITM0006308,HORD001988,PRD1000,1,120.72,120.72
HITM0006309,HORD001988,PRD0514,1,1035.93,1035.93
HITM0006310,HORD001988,PRD0375,3,901.8,2705.4
HITM0006311,HORD001988,PRD0026,1,841.05,841.05
HITM0006312,HORD001989,PRD0620,1,220.61,220.61
HITM0006313,HORD001989,PRD0250,1,79.79,79.79
HITM0006314,HORD001989,PRD0200,1,160.69,160.69
HITM0006315,HORD001989,PRD0962,1,1496.58,1496.58
HITM0006316,HORD001989,PRD0624,1,588.21,588.21
HITM0006317,HORD001990,PRD0575,1,177.67,177.67
HITM0006318,HORD001990,PRD0810,1,325.73,325.73
HITM0006319,HORD001991,PRD0144,1,2737.49,2737.49
HITM0006320,HORD001991,PRD0276,1,443.22,443.22
HITM0006321,HORD001992,PRD0038,2,758.26,1516.52
HITM0006322,HORD001992,PRD0596,1,846.46,846.46
HITM0006323,HORD001992,PRD0021,1,1229.32,1229.32
HITM0006324,HORD001992,PRD0573,1,281.0,281.0
HITM0006325,HORD001992,PRD0094,1,627.77,627.77
HITM0006326,HORD001993,PRD0777,1,666.99,666.99
HITM0006327,HORD001993,PRD0943,1,862.72,862.72
HITM0006328,HORD001993,PRD0580,2,180.48,360.96
HITM0006329,HORD001994,PRD0405,1,146.11,146.11
HITM0006330,HORD001994,PRD0723,1,461.99,461.99
HITM0006331,HORD001994,PRD0935,3,41.85,125.55
HITM0006332,HORD001994,PRD0738,1,778.08,778.08
HITM0006333,HORD001994,PRD0990,2,268.68,537.36
HITM0006334,HORD001995,PRD0480,1,379.33,379.33
HITM0006335,HORD001995,PRD0673,1,1159.13,1159.13
HITM0006336,HORD001996,PRD0629,1,925.23,925.23
HITM0006337,HORD001996,PRD0666,2,703.13,1406.26
HITM0006338,HORD001996,PRD0959,2,631.82,1263.64
HITM0006339,HORD001996,PRD0302,1,1005.45,1005.45
HITM0006340,HORD001997,PRD0186,3,280.16,840.48
HITM0006341,HORD001998,PRD0247,1,694.04,694.04
HITM0006342,HORD001998,PRD0201,1,2237.43,2237.43
HITM0006343,HORD001998,PRD0029,1,476.78,476.78
HITM0006344,HORD001999,PRD0426,1,571.98,571.98
HITM0006345,HORD001999,PRD0752,2,1395.28,2790.56
HITM0006346,HORD002000,PRD0361,1,1242.28,1242.28
HITM0006347,HORD002000,PRD0310,2,83.71,167.42
HITM0006348,HORD002000,PRD0487,1,136.07,136.07
HITM0006349,HORD002001,PRD0345,1,437.36,437.36
HITM0006350,HORD002001,PRD0341,1,2657.98,2657.98
HITM0006351,HORD002001,PRD0258,1,649.82,649.82
HITM0006352,HORD002002,PRD0292,1,1683.43,1683.43
HITM0006353,HORD002002,PRD0006,1,319.31,319.31
HITM0006354,HORD002002,PRD0495,2,1086.82,2173.64
HITM0006355,HORD002002,PRD0918,1,270.82,270.82
HITM0006356,HORD002003,PRD0487,1,136.07,136.07
HITM0006357,HORD002003,PRD0600,1,198.56,198.56
HITM0006358,HORD002004,PRD0859,1,530.9,530.9
HITM0006359,HORD002004,PRD0670,1,152.13,152.13
HITM0006360,HORD002005,PRD0526,2,84.58,169.16
HITM0006361,HORD002005,PRD0675,3,98.97,296.91
HITM0006362,HORD002005,PRD0362,1,1217.27,1217.27
HITM0006363,HORD002006,PRD0324,1,632.08,632.08
HITM0006364,HORD002006,PRD0496,1,223.21,223.21
HITM0006365,HORD002007,PRD0785,1,91.04,91.04
HITM0006366,HORD002007,PRD0357,1,2299.18,2299.18
HITM0006367,HORD002007,PRD0437,1,2082.66,2082.66
HITM0006368,HORD002007,PRD0758,1,282.47,282.47
HITM0006369,HORD002008,PRD0199,1,1201.16,1201.16
HITM0006370,HORD002008,PRD0779,1,621.7,621.7
HITM0006371,HORD002008,PRD0906,1,150.8,150.8
HITM0006372,HORD002009,PRD0290,1,151.92,151.92
HITM0006373,HORD002009,PRD0557,1,743.48,743.48
HITM0006374,HORD002009,PRD0564,1,3629.67,3629.67
HITM0006375,HORD002009,PRD0453,2,1232.3,2464.6
HITM0006376,HORD002009,PRD0595,2,758.18,1516.36
HITM0006377,HORD002010,PRD0735,2,557.24,1114.48
HITM0006378,HORD002010,PRD0538,3,986.28,2958.84
HITM0006379,HORD002011,PRD0630,1,399.15,399.15
HITM0006380,HORD002011,PRD0943,1,862.72,862.72
HITM0006381,HORD002011,PRD0882,3,404.51,1213.53
HITM0006382,HORD002011,PRD0254,1,952.39,952.39
HITM0006383,HORD002012,PRD0993,1,752.35,752.35
HITM0006384,HORD002012,PRD0189,1,325.61,325.61
HITM0006385,HORD002012,PRD0397,1,1333.88,1333.88
HITM0006386,HORD002012,PRD0790,1,110.86,110.86
HITM0006387,HORD002013,PRD0539,1,968.63,968.63
HITM0006388,HORD002013,PRD0575,1,177.67,177.67
HITM0006389,HORD002013,PRD0747,1,619.18,619.18
HITM0006390,HORD002013,PRD0551,1,2017.82,2017.82
HITM0006391,HORD002014,PRD0182,1,680.44,680.44
HITM0006392,HORD002014,PRD0692,1,488.18,488.18
HITM0006393,HORD002014,PRD0888,1,735.67,735.67
HITM0006394,HORD002014,PRD0400,2,158.67,317.34
HITM0006395,HORD002015,PRD0084,2,1560.4,3120.8
HITM0006396,HORD002015,PRD0959,1,631.82,631.82
HITM0006397,HORD002015,PRD0122,1,1652.29,1652.29
HITM0006398,HORD002015,PRD0786,3,400.03,1200.09
HITM0006399,HORD002016,PRD0159,1,1223.4,1223.4
HITM0006400,HORD002016,PRD0903,1,805.15,805.15
HITM0006401,HORD002016,PRD0965,1,1142.59,1142.59
HITM0006402,HORD002017,PRD0434,1,388.26,388.26
HITM0006403,HORD002017,PRD0704,1,3699.65,3699.65
HITM0006404,HORD002018,PRD0986,1,445.06,445.06
HITM0006405,HORD002018,PRD0699,2,508.79,1017.58
HITM0006406,HORD002018,PRD0565,1,294.27,294.27
HITM0006407,HORD002019,PRD0050,1,56.24,56.24
HITM0006408,HORD002019,PRD0479,2,527.96,1055.92
HITM0006409,HORD002019,PRD0098,1,848.52,848.52
HITM0006410,HORD002019,PRD0201,2,2237.43,4474.86
HITM0006411,HORD002019,PRD0599,1,854.55,854.55
HITM0006412,HORD002020,PRD0302,1,1005.45,1005.45
HITM0006413,HORD002021,PRD0315,2,197.15,394.3
HITM0006414,HORD002021,PRD0948,1,583.21,583.21
HITM0006415,HORD002021,PRD0692,1,488.18,488.18
HITM0006416,HORD002022,PRD0487,1,136.07,136.07
HITM0006417,HORD002022,PRD0948,1,583.21,583.21
HITM0006418,HORD002023,PRD0354,1,2902.62,2902.62
HITM0006419,HORD002023,PRD0773,2,1247.83,2495.66
HITM0006420,HORD002023,PRD0825,1,606.92,606.92
HITM0006421,HORD002024,PRD0481,1,2924.28,2924.28
HITM0006422,HORD002024,PRD0788,2,319.54,639.08
HITM0006423,HORD002024,PRD0424,1,2256.09,2256.09
HITM0006424,HORD002025,PRD0776,2,143.41,286.82
HITM0006425,HORD002026,PRD0404,1,1363.51,1363.51
HITM0006426,HORD002027,PRD0362,1,1217.27,1217.27
HITM0006427,HORD002027,PRD0413,1,1348.47,1348.47
HITM0006428,HORD002027,PRD0647,2,818.2,1636.4
HITM0006429,HORD002028,PRD0440,2,57.41,114.82
HITM0006430,HORD002028,PRD0102,1,1075.3,1075.3
HITM0006431,HORD002028,PRD0012,1,711.13,711.13
HITM0006432,HORD002029,PRD0346,1,291.88,291.88
HITM0006433,HORD002029,PRD0960,1,155.66,155.66
HITM0006434,HORD002030,PRD0720,2,313.84,627.68
HITM0006435,HORD002030,PRD0466,1,520.19,520.19
HITM0006436,HORD002030,PRD0132,1,1616.97,1616.97
HITM0006437,HORD002030,PRD0293,2,1414.37,2828.74
HITM0006438,HORD002030,PRD0968,1,409.17,409.17
HITM0006439,HORD002031,PRD0929,1,897.78,897.78
HITM0006440,HORD002031,PRD0797,2,850.77,1701.54
HITM0006441,HORD002031,PRD0803,2,585.93,1171.86
HITM0006442,HORD002032,PRD0950,3,71.67,215.01
HITM0006443,HORD002032,PRD0769,1,333.15,333.15
HITM0006444,HORD002032,PRD0754,1,2331.9,2331.9
HITM0006445,HORD002032,PRD0918,2,270.82,541.64
HITM0006446,HORD002032,PRD0274,2,2425.87,4851.74
HITM0006447,HORD002033,PRD0590,2,320.53,641.06
HITM0006448,HORD002033,PRD0528,1,386.06,386.06
HITM0006449,HORD002033,PRD0104,2,1407.8,2815.6
HITM0006450,HORD002033,PRD0767,1,2003.56,2003.56
HITM0006451,HORD002033,PRD0043,1,1487.36,1487.36
HITM0006452,HORD002034,PRD0466,1,520.19,520.19
HITM0006453,HORD002034,PRD0052,1,1050.73,1050.73
HITM0006454,HORD002034,PRD0692,1,488.18,488.18
HITM0006455,HORD002034,PRD0046,1,355.51,355.51
HITM0006456,HORD002035,PRD0910,1,19.2,19.2
HITM0006457,HORD002035,PRD0960,1,155.66,155.66
HITM0006458,HORD002035,PRD0834,1,2605.19,2605.19
HITM0006459,HORD002035,PRD0247,2,694.04,1388.08
HITM0006460,HORD002035,PRD0032,2,581.78,1163.56
HITM0006461,HORD002036,PRD0053,1,884.08,884.08
HITM0006462,HORD002036,PRD0124,1,659.93,659.93
HITM0006463,HORD002036,PRD0495,2,1086.82,2173.64
HITM0006464,HORD002037,PRD0980,1,286.55,286.55
HITM0006465,HORD002037,PRD0693,1,1149.55,1149.55
HITM0006466,HORD002037,PRD0956,1,86.17,86.17
HITM0006467,HORD002037,PRD0449,2,483.76,967.52
HITM0006468,HORD002038,PRD0237,1,2383.14,2383.14
HITM0006469,HORD002038,PRD0477,1,1488.86,1488.86
HITM0006470,HORD002038,PRD0756,1,238.54,238.54
HITM0006471,HORD002038,PRD0888,1,735.67,735.67
HITM0006472,HORD002038,PRD0465,1,276.29,276.29
HITM0006473,HORD002039,PRD0342,1,771.91,771.91
HITM0006474,HORD002039,PRD0909,2,167.36,334.72
HITM0006475,HORD002039,PRD0051,1,2153.52,2153.52
HITM0006476,HORD002040,PRD0535,1,1030.78,1030.78
HITM0006477,HORD002040,PRD0395,1,366.66,366.66
HITM0006478,HORD002040,PRD1000,1,120.72,120.72
HITM0006479,HORD002041,PRD0755,1,417.76,417.76
HITM0006480,HORD002041,PRD0685,1,963.7,963.7
HITM0006481,HORD002041,PRD0476,1,181.3,181.3
HITM0006482,HORD002041,PRD0294,1,2659.23,2659.23
HITM0006483,HORD002042,PRD0179,1,769.0,769.0
HITM0006484,HORD002042,PRD0094,1,627.77,627.77
HITM0006485,HORD002042,PRD0670,1,152.13,152.13
HITM0006486,HORD002042,PRD0204,2,2130.68,4261.36
HITM0006487,HORD002043,PRD0600,1,198.56,198.56
HITM0006488,HORD002044,PRD0040,1,239.17,239.17
HITM0006489,HORD002044,PRD0961,1,1295.76,1295.76
HITM0006490,HORD002044,PRD0700,1,105.41,105.41
HITM0006491,HORD002044,PRD0848,1,522.45,522.45
HITM0006492,HORD002045,PRD0142,2,1647.71,3295.42
HITM0006493,HORD002045,PRD0888,2,735.67,1471.34
HITM0006494,HORD002046,PRD0039,1,951.13,951.13
HITM0006495,HORD002046,PRD0643,1,1556.87,1556.87
HITM0006496,HORD002046,PRD0004,1,468.81,468.81
HITM0006497,HORD002047,PRD0818,1,1065.11,1065.11
HITM0006498,HORD002047,PRD0516,1,293.41,293.41
HITM0006499,HORD002047,PRD0426,2,571.98,1143.96
HITM0006500,HORD002048,PRD0977,1,171.2,171.2
HITM0006501,HORD002048,PRD0700,1,105.41,105.41
HITM0006502,HORD002049,PRD0966,1,539.91,539.91
HITM0006503,HORD002049,PRD0300,2,305.18,610.36
HITM0006504,HORD002049,PRD0304,1,966.94,966.94
HITM0006505,HORD002049,PRD0667,1,1136.29,1136.29
HITM0006506,HORD002050,PRD0720,1,313.84,313.84
HITM0006507,HORD002050,PRD0243,1,1176.42,1176.42
HITM0006508,HORD002050,PRD0877,1,921.48,921.48
HITM0006509,HORD002051,PRD0183,2,442.77,885.54
HITM0006510,HORD002051,PRD0227,1,1769.34,1769.34
HITM0006511,HORD002052,PRD0256,1,297.13,297.13
HITM0006512,HORD002052,PRD0135,1,1054.93,1054.93
HITM0006513,HORD002052,PRD0532,1,1430.86,1430.86
HITM0006514,HORD002053,PRD0586,2,110.38,220.76
HITM0006515,HORD002053,PRD0245,1,616.59,616.59
HITM0006516,HORD002053,PRD0684,1,2250.74,2250.74
HITM0006517,HORD002053,PRD0780,2,94.47,188.94
HITM0006518,HORD002054,PRD0169,1,1449.49,1449.49
HITM0006519,HORD002054,PRD0913,1,570.08,570.08
HITM0006520,HORD002054,PRD0826,1,402.15,402.15
HITM0006521,HORD002055,PRD0997,1,1971.69,1971.69
HITM0006522,HORD002055,PRD0772,1,1357.22,1357.22
HITM0006523,HORD002056,PRD0270,2,381.87,763.74
HITM0006524,HORD002056,PRD0585,1,81.84,81.84
HITM0006525,HORD002057,PRD0556,1,177.48,177.48
HITM0006526,HORD002057,PRD0856,1,734.6,734.6
HITM0006527,HORD002058,PRD0756,2,238.54,477.08
HITM0006528,HORD002058,PRD0470,1,116.53,116.53
HITM0006529,HORD002058,PRD0945,1,113.23,113.23
HITM0006530,HORD002058,PRD0054,1,2814.02,2814.02
HITM0006531,HORD002059,PRD0740,3,326.46,979.38
HITM0006532,HORD002060,PRD0942,1,500.96,500.96
HITM0006533,HORD002060,PRD0228,1,121.94,121.94
HITM0006534,HORD002061,PRD0185,1,884.92,884.92
HITM0006535,HORD002061,PRD0073,1,1270.32,1270.32
HITM0006536,HORD002061,PRD0331,1,1007.66,1007.66
HITM0006537,HORD002061,PRD0698,1,445.24,445.24
HITM0006538,HORD002062,PRD0906,1,150.8,150.8
HITM0006539,HORD002063,PRD0957,1,1732.9,1732.9
HITM0006540,HORD002063,PRD0775,1,545.51,545.51
HITM0006541,HORD002063,PRD0419,2,1458.66,2917.32
HITM0006542,HORD002063,PRD0336,1,657.61,657.61
HITM0006543,HORD002063,PRD0722,2,373.93,747.86
HITM0006544,HORD002064,PRD0569,1,238.57,238.57
HITM0006545,HORD002064,PRD0028,1,831.06,831.06
HITM0006546,HORD002064,PRD0243,1,1176.42,1176.42
HITM0006547,HORD002064,PRD0228,1,121.94,121.94
HITM0006548,HORD002065,PRD0553,1,1464.9,1464.9
HITM0006549,HORD002065,PRD0932,1,1610.28,1610.28
HITM0006550,HORD002065,PRD0476,1,181.3,181.3
HITM0006551,HORD002065,PRD0295,1,1095.89,1095.89
HITM0006552,HORD002066,PRD0416,1,420.25,420.25
HITM0006553,HORD002066,PRD0773,1,1247.83,1247.83
HITM0006554,HORD002066,PRD0340,2,244.07,488.14
HITM0006555,HORD002066,PRD0910,1,19.2,19.2
HITM0006556,HORD002066,PRD0771,1,1105.04,1105.04
HITM0006557,HORD002067,PRD0060,1,147.43,147.43
HITM0006558,HORD002067,PRD0137,1,1138.46,1138.46
HITM0006559,HORD002068,PRD0883,3,1440.86,4322.58
HITM0006560,HORD002068,PRD0091,1,2959.54,2959.54
HITM0006561,HORD002068,PRD0242,2,390.52,781.04
HITM0006562,HORD002069,PRD0201,3,2237.43,6712.29
HITM0006563,HORD002069,PRD0120,2,46.82,93.64
HITM0006564,HORD002069,PRD0629,1,925.23,925.23
HITM0006565,HORD002069,PRD0513,1,532.33,532.33
HITM0006566,HORD002069,PRD0087,1,164.58,164.58
HITM0006567,HORD002070,PRD0921,2,2084.12,4168.24
HITM0006568,HORD002070,PRD0126,1,273.65,273.65
HITM0006569,HORD002070,PRD0549,1,290.7,290.7
HITM0006570,HORD002071,PRD0125,1,517.12,517.12
HITM0006571,HORD002071,PRD0447,1,388.49,388.49
HITM0006572,HORD002071,PRD0910,1,19.2,19.2
HITM0006573,HORD002071,PRD0113,2,418.73,837.46
HITM0006574,HORD002071,PRD0882,1,404.51,404.51
HITM0006575,HORD002072,PRD0083,1,1563.94,1563.94
HITM0006576,HORD002073,PRD0855,1,316.87,316.87
HITM0006577,HORD002073,PRD0420,1,365.11,365.11
HITM0006578,HORD002073,PRD0586,1,110.38,110.38
HITM0006579,HORD002073,PRD0193,1,596.94,596.94
HITM0006580,HORD002074,PRD0800,1,274.87,274.87
HITM0006581,HORD002074,PRD0294,1,2659.23,2659.23
HITM0006582,HORD002074,PRD0988,1,236.45,236.45
HITM0006583,HORD002074,PRD0496,3,223.21,669.63
HITM0006584,HORD002074,PRD0956,1,86.17,86.17
HITM0006585,HORD002075,PRD0690,1,30.42,30.42
HITM0006586,HORD002075,PRD0576,2,30.87,61.74
HITM0006587,HORD002075,PRD0638,1,249.29,249.29
HITM0006588,HORD002075,PRD0772,1,1357.22,1357.22
HITM0006589,HORD002076,PRD0941,1,2724.82,2724.82
HITM0006590,HORD002076,PRD0633,1,1190.36,1190.36
HITM0006591,HORD002077,PRD0885,1,689.68,689.68
HITM0006592,HORD002078,PRD0099,1,245.95,245.95
HITM0006593,HORD002078,PRD0021,1,1229.32,1229.32
HITM0006594,HORD002078,PRD0073,1,1270.32,1270.32
HITM0006595,HORD002078,PRD0057,1,768.67,768.67
HITM0006596,HORD002079,PRD0192,1,796.68,796.68
HITM0006597,HORD002079,PRD0915,3,682.13,2046.39
HITM0006598,HORD002079,PRD0100,1,206.02,206.02
HITM0006599,HORD002080,PRD0690,1,30.42,30.42
HITM0006600,HORD002080,PRD0558,1,1044.96,1044.96
HITM0006601,HORD002081,PRD0126,1,273.65,273.65
HITM0006602,HORD002081,PRD0855,1,316.87,316.87
HITM0006603,HORD002081,PRD0287,1,2324.3,2324.3
HITM0006604,HORD002081,PRD0319,1,882.45,882.45
HITM0006605,HORD002082,PRD0036,1,120.39,120.39
HITM0006606,HORD002082,PRD0430,1,126.46,126.46
HITM0006607,HORD002082,PRD0610,1,159.67,159.67
HITM0006608,HORD002082,PRD0670,1,152.13,152.13
HITM0006609,HORD002083,PRD0901,1,1092.12,1092.12
HITM0006610,HORD002083,PRD0753,2,272.68,545.36
HITM0006611,HORD002083,PRD0412,2,383.4,766.8
HITM0006612,HORD002083,PRD0030,1,360.75,360.75
HITM0006613,HORD002083,PRD0336,2,657.61,1315.22
HITM0006614,HORD002084,PRD0654,1,2311.57,2311.57
HITM0006615,HORD002085,PRD0560,1,414.95,414.95
HITM0006616,HORD002085,PRD0109,1,326.84,326.84
HITM0006617,HORD002086,PRD0407,1,607.64,607.64
HITM0006618,HORD002087,PRD0930,1,360.98,360.98
HITM0006619,HORD002087,PRD0346,2,291.88,583.76
HITM0006620,HORD002087,PRD0310,2,83.71,167.42
HITM0006621,HORD002087,PRD0325,1,926.64,926.64
HITM0006622,HORD002087,PRD0693,2,1149.55,2299.1
HITM0006623,HORD002088,PRD0299,1,1325.19,1325.19
HITM0006624,HORD002089,PRD0589,3,241.6,724.8
HITM0006625,HORD002089,PRD0415,1,78.5,78.5
HITM0006626,HORD002089,PRD0445,1,1026.22,1026.22
HITM0006627,HORD002089,PRD0152,1,575.19,575.19
HITM0006628,HORD002090,PRD0645,1,206.79,206.79
HITM0006629,HORD002090,PRD0461,1,1664.1,1664.1
HITM0006630,HORD002090,PRD0379,2,722.92,1445.84
HITM0006631,HORD002090,PRD0905,1,951.23,951.23
HITM0006632,HORD002091,PRD0166,2,401.82,803.64
HITM0006633,HORD002091,PRD0515,1,1139.31,1139.31
HITM0006634,HORD002091,PRD0088,2,767.45,1534.9
HITM0006635,HORD002091,PRD0405,2,146.11,292.22
HITM0006636,HORD002092,PRD0850,1,312.03,312.03
HITM0006637,HORD002092,PRD0157,1,1654.35,1654.35
HITM0006638,HORD002092,PRD0666,1,703.13,703.13
HITM0006639,HORD002092,PRD0232,1,1634.96,1634.96
HITM0006640,HORD002093,PRD0039,3,951.13,2853.39
HITM0006641,HORD002093,PRD0737,1,540.55,540.55
HITM0006642,HORD002093,PRD0406,1,403.51,403.51
HITM0006643,HORD002094,PRD0839,2,1311.55,2623.1
HITM0006644,HORD002095,PRD0803,1,585.93,585.93
HITM0006645,HORD002095,PRD0100,1,206.02,206.02
HITM0006646,HORD002096,PRD0259,2,1140.48,2280.96
HITM0006647,HORD002096,PRD0489,1,1207.96,1207.96
HITM0006648,HORD002096,PRD0484,2,1093.53,2187.06
HITM0006649,HORD002097,PRD0080,1,15.23,15.23
HITM0006650,HORD002097,PRD0280,1,149.57,149.57
HITM0006651,HORD002097,PRD0622,1,678.69,678.69
HITM0006652,HORD002098,PRD0646,2,155.12,310.24
HITM0006653,HORD002098,PRD0344,3,2796.46,8389.38
HITM0006654,HORD002098,PRD0940,1,200.38,200.38
HITM0006655,HORD002099,PRD0440,1,57.41,57.41
HITM0006656,HORD002099,PRD0415,1,78.5,78.5
HITM0006657,HORD002099,PRD0255,1,718.45,718.45
HITM0006658,HORD002099,PRD0270,1,381.87,381.87
HITM0006659,HORD002100,PRD0329,1,320.22,320.22
HITM0006660,HORD002100,PRD0008,1,146.16,146.16
HITM0006661,HORD002101,PRD0418,1,301.4,301.4
HITM0006662,HORD002101,PRD0832,1,1257.86,1257.86
HITM0006663,HORD002101,PRD0470,1,116.53,116.53
HITM0006664,HORD002102,PRD0559,1,1357.1,1357.1
HITM0006665,HORD002102,PRD0562,1,1226.97,1226.97
HITM0006666,HORD002102,PRD0453,2,1232.3,2464.6
HITM0006667,HORD002103,PRD0208,2,425.89,851.78
HITM0006668,HORD002104,PRD0803,1,585.93,585.93
HITM0006669,HORD002105,PRD0257,1,1869.6,1869.6
HITM0006670,HORD002105,PRD0080,1,15.23,15.23
HITM0006671,HORD002105,PRD0615,1,965.84,965.84
HITM0006672,HORD002105,PRD0113,1,418.73,418.73
HITM0006673,HORD002106,PRD0906,2,150.8,301.6
HITM0006674,HORD002106,PRD0397,1,1333.88,1333.88
HITM0006675,HORD002106,PRD0150,2,338.38,676.76
HITM0006676,HORD002107,PRD0549,1,290.7,290.7
HITM0006677,HORD002107,PRD0198,1,736.33,736.33
HITM0006678,HORD002107,PRD0699,3,508.79,1526.37
HITM0006679,HORD002107,PRD0561,1,951.61,951.61
HITM0006680,HORD002108,PRD0088,1,767.45,767.45
HITM0006681,HORD002108,PRD0869,2,1298.92,2597.84
HITM0006682,HORD002108,PRD0742,1,1738.97,1738.97
HITM0006683,HORD002108,PRD0346,1,291.88,291.88
HITM0006684,HORD002108,PRD0723,1,461.99,461.99
HITM0006685,HORD002109,PRD0227,1,1769.34,1769.34
HITM0006686,HORD002109,PRD0048,1,176.51,176.51
HITM0006687,HORD002109,PRD0825,1,606.92,606.92
HITM0006688,HORD002109,PRD0699,1,508.79,508.79
HITM0006689,HORD002110,PRD0913,1,570.08,570.08
HITM0006690,HORD002110,PRD0148,1,457.28,457.28
HITM0006691,HORD002110,PRD0469,1,710.35,710.35
HITM0006692,HORD002110,PRD0362,1,1217.27,1217.27
HITM0006693,HORD002110,PRD0662,1,808.63,808.63
HITM0006694,HORD002111,PRD0275,2,928.24,1856.48
HITM0006695,HORD002111,PRD0722,1,373.93,373.93
HITM0006696,HORD002111,PRD0026,2,841.05,1682.1
HITM0006697,HORD002111,PRD0827,1,1290.81,1290.81
HITM0006698,HORD002112,PRD0360,1,362.06,362.06
HITM0006699,HORD002112,PRD0681,1,963.93,963.93
HITM0006700,HORD002112,PRD0333,1,1274.3,1274.3
HITM0006701,HORD002113,PRD0154,1,3096.85,3096.85
HITM0006702,HORD002114,PRD0533,1,367.95,367.95
HITM0006703,HORD002115,PRD0361,1,1242.28,1242.28
HITM0006704,HORD002115,PRD0890,1,279.59,279.59
HITM0006705,HORD002115,PRD0935,1,41.85,41.85
HITM0006706,HORD002115,PRD0433,1,983.68,983.68
HITM0006707,HORD002116,PRD0927,1,1547.06,1547.06
HITM0006708,HORD002116,PRD0395,1,366.66,366.66
HITM0006709,HORD002116,PRD0586,1,110.38,110.38
HITM0006710,HORD002117,PRD0680,1,369.12,369.12
HITM0006711,HORD002117,PRD0438,1,185.01,185.01
HITM0006712,HORD002117,PRD0789,1,776.9,776.9
HITM0006713,HORD002118,PRD0218,1,637.83,637.83
HITM0006714,HORD002118,PRD0397,2,1333.88,2667.76
HITM0006715,HORD002118,PRD0228,1,121.94,121.94
HITM0006716,HORD002118,PRD0008,2,146.16,292.32
HITM0006717,HORD002119,PRD0586,1,110.38,110.38
HITM0006718,HORD002119,PRD0692,1,488.18,488.18
HITM0006719,HORD002119,PRD0143,1,926.46,926.46
HITM0006720,HORD002119,PRD0825,1,606.92,606.92
HITM0006721,HORD002120,PRD0060,2,147.43,294.86
HITM0006722,HORD002120,PRD0023,2,620.72,1241.44
HITM0006723,HORD002120,PRD0984,1,1014.29,1014.29
HITM0006724,HORD002120,PRD0970,1,403.08,403.08
HITM0006725,HORD002121,PRD0375,2,901.8,1803.6
HITM0006726,HORD002121,PRD0810,1,325.73,325.73
HITM0006727,HORD002121,PRD0953,1,1430.97,1430.97
HITM0006728,HORD002122,PRD0203,1,1327.73,1327.73
HITM0006729,HORD002122,PRD0058,1,137.85,137.85
HITM0006730,HORD002122,PRD0876,1,61.28,61.28
HITM0006731,HORD002122,PRD0973,1,975.98,975.98
HITM0006732,HORD002122,PRD0015,1,828.91,828.91
HITM0006733,HORD002123,PRD0310,1,83.71,83.71
HITM0006734,HORD002123,PRD0698,1,445.24,445.24
HITM0006735,HORD002123,PRD0020,1,254.09,254.09
HITM0006736,HORD002123,PRD1000,1,120.72,120.72
HITM0006737,HORD002124,PRD0650,1,233.76,233.76
HITM0006738,HORD002124,PRD0871,1,3102.51,3102.51
HITM0006739,HORD002124,PRD0053,1,884.08,884.08
HITM0006740,HORD002124,PRD0118,1,578.97,578.97
HITM0006741,HORD002125,PRD0271,1,2076.99,2076.99
HITM0006742,HORD002125,PRD0638,2,249.29,498.58
HITM0006743,HORD002125,PRD0052,1,1050.73,1050.73
HITM0006744,HORD002126,PRD0247,1,694.04,694.04
HITM0006745,HORD002126,PRD0716,1,197.99,197.99
HITM0006746,HORD002126,PRD0871,1,3102.51,3102.51
HITM0006747,HORD002127,PRD0935,1,41.85,41.85
HITM0006748,HORD002128,PRD0928,1,302.59,302.59
HITM0006749,HORD002128,PRD0677,1,197.41,197.41
HITM0006750,HORD002128,PRD0745,1,882.2,882.2
HITM0006751,HORD002129,PRD0294,1,2659.23,2659.23
HITM0006752,HORD002129,PRD0563,1,530.17,530.17
HITM0006753,HORD002129,PRD0509,1,306.02,306.02
HITM0006754,HORD002129,PRD0812,1,972.39,972.39
HITM0006755,HORD002130,PRD0681,2,963.93,1927.86
HITM0006756,HORD002130,PRD0509,1,306.02,306.02
HITM0006757,HORD002130,PRD0800,1,274.87,274.87
HITM0006758,HORD002130,PRD0430,1,126.46,126.46
HITM0006759,HORD002131,PRD0983,2,854.84,1709.68
HITM0006760,HORD002131,PRD0793,1,476.45,476.45
HITM0006761,HORD002131,PRD0472,3,658.25,1974.75
HITM0006762,HORD002132,PRD0740,1,326.46,326.46
HITM0006763,HORD002132,PRD0415,1,78.5,78.5
HITM0006764,HORD002132,PRD0467,1,1381.47,1381.47
HITM0006765,HORD002132,PRD0080,1,15.23,15.23
HITM0006766,HORD002133,PRD0754,1,2331.9,2331.9
HITM0006767,HORD002133,PRD0830,1,57.62,57.62
HITM0006768,HORD002133,PRD0763,1,485.63,485.63
HITM0006769,HORD002134,PRD0958,2,997.87,1995.74
HITM0006770,HORD002134,PRD0330,1,222.78,222.78
HITM0006771,HORD002134,PRD0766,1,734.79,734.79
HITM0006772,HORD002134,PRD0904,1,1097.17,1097.17
HITM0006773,HORD002135,PRD0594,1,2046.58,2046.58
HITM0006774,HORD002135,PRD0576,1,30.87,30.87
HITM0006775,HORD002135,PRD0156,1,402.17,402.17
HITM0006776,HORD002136,PRD0560,2,414.95,829.9
HITM0006777,HORD002137,PRD0873,1,343.79,343.79
HITM0006778,HORD002137,PRD0463,1,1498.56,1498.56
HITM0006779,HORD002137,PRD0098,2,848.52,1697.04
HITM0006780,HORD002137,PRD0972,1,690.82,690.82
HITM0006781,HORD002138,PRD0987,1,1413.83,1413.83
HITM0006782,HORD002138,PRD0660,1,15.31,15.31
HITM0006783,HORD002138,PRD0012,1,711.13,711.13
HITM0006784,HORD002139,PRD0623,1,1221.11,1221.11
HITM0006785,HORD002140,PRD0254,1,952.39,952.39
HITM0006786,HORD002141,PRD0438,1,185.01,185.01
HITM0006787,HORD002141,PRD0440,1,57.41,57.41
HITM0006788,HORD002142,PRD0494,1,1961.68,1961.68
HITM0006789,HORD002142,PRD0050,3,56.24,168.72
HITM0006790,HORD002143,PRD0389,1,452.02,452.02
HITM0006791,HORD002143,PRD0443,1,393.59,393.59
HITM0006792,HORD002143,PRD0623,1,1221.11,1221.11
HITM0006793,HORD002144,PRD0640,1,415.26,415.26
HITM0006794,HORD002144,PRD0419,3,1458.66,4375.98
HITM0006795,HORD002144,PRD0976,1,838.03,838.03
HITM0006796,HORD002144,PRD0557,1,743.48,743.48
HITM0006797,HORD002145,PRD0529,1,915.61,915.61
HITM0006798,HORD002145,PRD0773,1,1247.83,1247.83
HITM0006799,HORD002145,PRD0947,3,451.51,1354.53
HITM0006800,HORD002146,PRD0878,1,453.39,453.39
HITM0006801,HORD002146,PRD0440,1,57.41,57.41
HITM0006802,HORD002146,PRD0562,1,1226.97,1226.97
HITM0006803,HORD002146,PRD0893,1,739.92,739.92
HITM0006804,HORD002147,PRD0851,1,3078.03,3078.03
HITM0006805,HORD002147,PRD0183,1,442.77,442.77
HITM0006806,HORD002147,PRD0504,2,3043.58,6087.16
HITM0006807,HORD002147,PRD0855,2,316.87,633.74
HITM0006808,HORD002148,PRD0898,1,272.18,272.18
HITM0006809,HORD002148,PRD0820,2,135.5,271.0
HITM0006810,HORD002148,PRD0995,2,745.12,1490.24
HITM0006811,HORD002149,PRD0218,1,637.83,637.83
HITM0006812,HORD002149,PRD0200,1,160.69,160.69
HITM0006813,HORD002150,PRD0935,1,41.85,41.85
HITM0006814,HORD002150,PRD0303,1,1580.3,1580.3
HITM0006815,HORD002151,PRD0650,1,233.76,233.76
HITM0006816,HORD002151,PRD0498,1,536.61,536.61
HITM0006817,HORD002151,PRD0250,1,79.79,79.79
HITM0006818,HORD002151,PRD0492,1,961.25,961.25
HITM0006819,HORD002151,PRD0780,1,94.47,94.47
HITM0006820,HORD002152,PRD0444,2,617.76,1235.52
HITM0006821,HORD002153,PRD0875,2,1168.64,2337.28
HITM0006822,HORD002153,PRD0176,2,408.12,816.24
HITM0006823,HORD002153,PRD0747,1,619.18,619.18
HITM0006824,HORD002153,PRD0380,1,370.74,370.74
HITM0006825,HORD002154,PRD0811,2,1099.78,2199.56
HITM0006826,HORD002154,PRD0904,1,1097.17,1097.17
HITM0006827,HORD002154,PRD0236,2,131.33,262.66
HITM0006828,HORD002155,PRD0433,1,983.68,983.68
HITM0006829,HORD002155,PRD0746,1,683.7,683.7
HITM0006830,HORD002155,PRD0696,1,137.51,137.51
HITM0006831,HORD002156,PRD0619,1,394.74,394.74
HITM0006832,HORD002156,PRD0326,1,62.48,62.48
HITM0006833,HORD002156,PRD0536,1,274.78,274.78
HITM0006834,HORD002156,PRD0568,1,237.73,237.73
HITM0006835,HORD002157,PRD0694,3,1984.32,5952.96
HITM0006836,HORD002157,PRD0995,2,745.12,1490.24
HITM0006837,HORD002157,PRD0138,1,818.63,818.63
HITM0006838,HORD002158,PRD0576,1,30.87,30.87
HITM0006839,HORD002158,PRD0358,1,1013.74,1013.74
HITM0006840,HORD002158,PRD0080,1,15.23,15.23
HITM0006841,HORD002158,PRD0356,1,215.96,215.96
HITM0006842,HORD002158,PRD0834,1,2605.19,2605.19
HITM0006843,HORD002159,PRD0090,2,223.82,447.64
HITM0006844,HORD002159,PRD0265,1,94.03,94.03
HITM0006845,HORD002160,PRD0265,1,94.03,94.03
HITM0006846,HORD002160,PRD0561,1,951.61,951.61
HITM0006847,HORD002161,PRD0386,1,703.44,703.44
HITM0006848,HORD002162,PRD0573,1,281.0,281.0
HITM0006849,HORD002162,PRD0955,1,56.91,56.91
HITM0006850,HORD002162,PRD0456,2,111.78,223.56
HITM0006851,HORD002163,PRD0447,2,388.49,776.98
HITM0006852,HORD002163,PRD0650,1,233.76,233.76
HITM0006853,HORD002163,PRD0687,2,729.09,1458.18
HITM0006854,HORD002164,PRD0190,1,274.29,274.29
HITM0006855,HORD002164,PRD0680,1,369.12,369.12
HITM0006856,HORD002164,PRD0645,1,206.79,206.79
HITM0006857,HORD002164,PRD0799,1,246.05,246.05
HITM0006858,HORD002164,PRD0629,1,925.23,925.23
HITM0006859,HORD002165,PRD0196,1,483.11,483.11
HITM0006860,HORD002165,PRD0792,1,1199.37,1199.37
HITM0006861,HORD002166,PRD0816,2,213.13,426.26
HITM0006862,HORD002166,PRD0066,1,66.71,66.71
HITM0006863,HORD002166,PRD0580,1,180.48,180.48
HITM0006864,HORD002167,PRD0380,1,370.74,370.74
HITM0006865,HORD002167,PRD0546,3,401.4,1204.2
HITM0006866,HORD002167,PRD0282,3,641.72,1925.16
HITM0006867,HORD002168,PRD0577,2,2330.53,4661.06
HITM0006868,HORD002168,PRD0120,1,46.82,46.82
HITM0006869,HORD002169,PRD0045,1,124.62,124.62
HITM0006870,HORD002170,PRD0187,1,1875.79,1875.79
HITM0006871,HORD002170,PRD0146,1,508.56,508.56
HITM0006872,HORD002171,PRD0638,1,249.29,249.29
HITM0006873,HORD002171,PRD0810,1,325.73,325.73
HITM0006874,HORD002172,PRD0345,1,437.36,437.36
HITM0006875,HORD002172,PRD0357,1,2299.18,2299.18
HITM0006876,HORD002173,PRD0984,1,1014.29,1014.29
HITM0006877,HORD002174,PRD0895,2,1012.5,2025.0
HITM0006878,HORD002174,PRD0296,2,767.13,1534.26
HITM0006879,HORD002175,PRD0606,2,556.12,1112.24
HITM0006880,HORD002176,PRD0379,1,722.92,722.92
HITM0006881,HORD002176,PRD0106,1,40.68,40.68
HITM0006882,HORD002176,PRD0795,1,1118.81,1118.81
HITM0006883,HORD002177,PRD0955,1,56.91,56.91
HITM0006884,HORD002178,PRD0476,1,181.3,181.3
HITM0006885,HORD002178,PRD0556,1,177.48,177.48
HITM0006886,HORD002179,PRD0270,1,381.87,381.87
HITM0006887,HORD002179,PRD0973,1,975.98,975.98
HITM0006888,HORD002179,PRD0817,2,2143.54,4287.08
HITM0006889,HORD002179,PRD0510,3,176.33,528.99
HITM0006890,HORD002180,PRD0839,1,1311.55,1311.55
HITM0006891,HORD002180,PRD0698,2,445.24,890.48
HITM0006892,HORD002180,PRD0197,1,179.71,179.71
HITM0006893,HORD002180,PRD0152,1,575.19,575.19
HITM0006894,HORD002181,PRD0696,1,137.51,137.51
HITM0006895,HORD002181,PRD0286,2,159.28,318.56
HITM0006896,HORD002182,PRD0280,1,149.57,149.57
HITM0006897,HORD002182,PRD0135,2,1054.93,2109.86
HITM0006898,HORD002182,PRD0240,1,417.49,417.49
HITM0006899,HORD002183,PRD0324,2,632.08,1264.16
HITM0006900,HORD002183,PRD0783,1,1292.19,1292.19
HITM0006901,HORD002183,PRD0531,1,2292.33,2292.33
HITM0006902,HORD002184,PRD0896,1,810.67,810.67
HITM0006903,HORD002184,PRD0305,2,260.29,520.58
HITM0006904,HORD002185,PRD0013,1,377.71,377.71
HITM0006905,HORD002185,PRD0937,1,2275.76,2275.76
HITM0006906,HORD002185,PRD0607,1,1809.95,1809.95
HITM0006907,HORD002185,PRD0488,1,658.75,658.75
HITM0006908,HORD002185,PRD0290,1,151.92,151.92
HITM0006909,HORD002186,PRD0677,1,197.41,197.41
HITM0006910,HORD002186,PRD0438,1,185.01,185.01
HITM0006911,HORD002186,PRD0027,1,615.88,615.88
HITM0006912,HORD002186,PRD0128,1,237.78,237.78
HITM0006913,HORD002187,PRD0910,1,19.2,19.2
HITM0006914,HORD002187,PRD0452,1,1619.46,1619.46
HITM0006915,HORD002187,PRD0543,1,303.53,303.53
HITM0006916,HORD002188,PRD0518,1,365.35,365.35
HITM0006917,HORD002188,PRD0720,1,313.84,313.84
HITM0006918,HORD002189,PRD0020,2,254.09,508.18
HITM0006919,HORD002189,PRD0347,1,2438.33,2438.33
HITM0006920,HORD002189,PRD0109,2,326.84,653.68
HITM0006921,HORD002189,PRD0576,1,30.87,30.87
HITM0006922,HORD002189,PRD0170,1,202.15,202.15
HITM0006923,HORD002190,PRD0802,1,593.98,593.98
HITM0006924,HORD002190,PRD0533,1,367.95,367.95
HITM0006925,HORD002191,PRD0143,1,926.46,926.46
HITM0006926,HORD002191,PRD0717,3,550.74,1652.22
HITM0006927,HORD002191,PRD0232,1,1634.96,1634.96
HITM0006928,HORD002191,PRD0977,1,171.2,171.2
HITM0006929,HORD002192,PRD0779,1,621.7,621.7
HITM0006930,HORD002192,PRD0436,1,525.13,525.13
HITM0006931,HORD002193,PRD0526,1,84.58,84.58
HITM0006932,HORD002193,PRD0174,1,2319.35,2319.35
HITM0006933,HORD002193,PRD0986,1,445.06,445.06
HITM0006934,HORD002194,PRD0430,1,126.46,126.46
HITM0006935,HORD002194,PRD0228,1,121.94,121.94
HITM0006936,HORD002194,PRD0468,2,523.04,1046.08
HITM0006937,HORD002195,PRD0156,1,402.17,402.17
HITM0006938,HORD002195,PRD0815,1,748.08,748.08
HITM0006939,HORD002195,PRD0160,2,140.78,281.56
HITM0006940,HORD002196,PRD0944,1,2849.2,2849.2
HITM0006941,HORD002196,PRD0258,1,649.82,649.82
HITM0006942,HORD002197,PRD0382,1,1459.89,1459.89
HITM0006943,HORD002197,PRD0430,1,126.46,126.46
HITM0006944,HORD002198,PRD0986,1,445.06,445.06
HITM0006945,HORD002198,PRD0124,1,659.93,659.93
HITM0006946,HORD002198,PRD0152,1,575.19,575.19
HITM0006947,HORD002199,PRD0530,1,210.45,210.45
HITM0006948,HORD002199,PRD0955,1,56.91,56.91
HITM0006949,HORD002199,PRD0526,1,84.58,84.58
HITM0006950,HORD002199,PRD0525,1,589.06,589.06
HITM0006951,HORD002200,PRD0618,2,421.89,843.78
HITM0006952,HORD002200,PRD0653,1,608.0,608.0
HITM0006953,HORD002200,PRD0857,1,998.5,998.5
HITM0006954,HORD002201,PRD0769,1,333.15,333.15
HITM0006955,HORD002201,PRD0095,1,697.69,697.69
HITM0006956,HORD002201,PRD0187,1,1875.79,1875.79
HITM0006957,HORD002202,PRD0305,2,260.29,520.58
HITM0006958,HORD002202,PRD0134,1,1214.25,1214.25
HITM0006959,HORD002202,PRD0106,1,40.68,40.68
HITM0006960,HORD002202,PRD0174,1,2319.35,2319.35
HITM0006961,HORD002203,PRD0778,2,769.84,1539.68
HITM0006962,HORD002203,PRD0532,3,1430.86,4292.58
HITM0006963,HORD002203,PRD0500,1,250.29,250.29
HITM0006964,HORD002203,PRD0248,1,451.1,451.1
HITM0006965,HORD002203,PRD0482,1,1511.77,1511.77
HITM0006966,HORD002204,PRD0866,1,684.58,684.58
HITM0006967,HORD002204,PRD0298,1,724.89,724.89
HITM0006968,HORD002205,PRD0919,1,202.1,202.1
HITM0006969,HORD002205,PRD0877,1,921.48,921.48
HITM0006970,HORD002205,PRD0487,2,136.07,272.14
HITM0006971,HORD002205,PRD0599,1,854.55,854.55
HITM0006972,HORD002206,PRD0769,1,333.15,333.15
HITM0006973,HORD002206,PRD0853,1,1558.78,1558.78
HITM0006974,HORD002206,PRD0918,3,270.82,812.46
HITM0006975,HORD002207,PRD0454,1,1098.4,1098.4
HITM0006976,HORD002207,PRD0896,1,810.67,810.67
HITM0006977,HORD002208,PRD0769,1,333.15,333.15
HITM0006978,HORD002208,PRD0725,1,107.02,107.02
HITM0006979,HORD002208,PRD0236,1,131.33,131.33
HITM0006980,HORD002208,PRD0806,1,351.54,351.54
HITM0006981,HORD002209,PRD0623,2,1221.11,2442.22
HITM0006982,HORD002209,PRD0367,2,179.97,359.94
HITM0006983,HORD002210,PRD0432,2,1426.65,2853.3
HITM0006984,HORD002210,PRD0273,3,697.23,2091.69
HITM0006985,HORD002210,PRD0106,1,40.68,40.68
HITM0006986,HORD002210,PRD0270,1,381.87,381.87
HITM0006987,HORD002210,PRD0738,1,778.08,778.08
HITM0006988,HORD002211,PRD0153,1,718.81,718.81
HITM0006989,HORD002211,PRD0697,1,2301.55,2301.55
HITM0006990,HORD002211,PRD0063,1,1461.12,1461.12
HITM0006991,HORD002211,PRD0433,1,983.68,983.68
HITM0006992,HORD002212,PRD0767,2,2003.56,4007.12
HITM0006993,HORD002212,PRD0690,2,30.42,60.84
HITM0006994,HORD002212,PRD0918,1,270.82,270.82
HITM0006995,HORD002212,PRD0848,1,522.45,522.45
HITM0006996,HORD002213,PRD0412,1,383.4,383.4
HITM0006997,HORD002213,PRD0738,1,778.08,778.08
HITM0006998,HORD002214,PRD0318,1,930.52,930.52
HITM0006999,HORD002214,PRD0587,1,1683.8,1683.8
HITM0007000,HORD002214,PRD0354,1,2902.62,2902.62
HITM0007001,HORD002214,PRD0374,1,1846.98,1846.98
HITM0007002,HORD002214,PRD0056,2,485.36,970.72
HITM0007003,HORD002215,PRD0288,1,324.08,324.08
HITM0007004,HORD002215,PRD0048,1,176.51,176.51
HITM0007005,HORD002215,PRD0780,1,94.47,94.47
HITM0007006,HORD002215,PRD0074,1,587.22,587.22
HITM0007007,HORD002216,PRD0332,2,896.69,1793.38
HITM0007008,HORD002216,PRD0876,1,61.28,61.28
HITM0007009,HORD002216,PRD0386,1,703.44,703.44
HITM0007010,HORD002217,PRD0830,1,57.62,57.62
HITM0007011,HORD002217,PRD0100,1,206.02,206.02
HITM0007012,HORD002218,PRD0225,1,1060.36,1060.36
HITM0007013,HORD002218,PRD0162,1,1783.95,1783.95
HITM0007014,HORD002218,PRD0806,2,351.54,703.08
HITM0007015,HORD002219,PRD0556,1,177.48,177.48
HITM0007016,HORD002219,PRD0904,1,1097.17,1097.17
HITM0007017,HORD002219,PRD0278,2,623.42,1246.84
HITM0007018,HORD002219,PRD0847,1,370.04,370.04
HITM0007019,HORD002219,PRD0076,1,729.89,729.89
HITM0007020,HORD002220,PRD0510,1,176.33,176.33
HITM0007021,HORD002220,PRD0297,2,2214.14,4428.28
HITM0007022,HORD002220,PRD0720,1,313.84,313.84
HITM0007023,HORD002220,PRD0741,2,1525.47,3050.94
HITM0007024,HORD002220,PRD0174,1,2319.35,2319.35
HITM0007025,HORD002221,PRD0393,1,728.35,728.35
HITM0007026,HORD002221,PRD0840,1,48.65,48.65
HITM0007027,HORD002221,PRD0346,1,291.88,291.88
HITM0007028,HORD002221,PRD0030,1,360.75,360.75
HITM0007029,HORD002222,PRD0250,1,79.79,79.79
HITM0007030,HORD002222,PRD0784,1,1118.82,1118.82
HITM0007031,HORD002222,PRD0252,1,457.51,457.51
HITM0007032,HORD002222,PRD0355,1,412.17,412.17
HITM0007033,HORD002223,PRD0216,1,503.39,503.39
HITM0007034,HORD002223,PRD0745,1,882.2,882.2
HITM0007035,HORD002224,PRD0577,2,2330.53,4661.06
HITM0007036,HORD002224,PRD0250,2,79.79,159.58
HITM0007037,HORD002225,PRD0904,1,1097.17,1097.17
HITM0007038,HORD002225,PRD0948,1,583.21,583.21
HITM0007039,HORD002226,PRD0646,1,155.12,155.12
HITM0007040,HORD002227,PRD0367,1,179.97,179.97
HITM0007041,HORD002227,PRD0069,2,1370.67,2741.34
HITM0007042,HORD002227,PRD0867,1,500.96,500.96
HITM0007043,HORD002227,PRD0797,1,850.77,850.77
HITM0007044,HORD002228,PRD0440,1,57.41,57.41
HITM0007045,HORD002228,PRD0414,1,1024.71,1024.71
HITM0007046,HORD002228,PRD0828,1,457.81,457.81
HITM0007047,HORD002228,PRD0626,1,529.21,529.21
HITM0007048,HORD002228,PRD0643,1,1556.87,1556.87
HITM0007049,HORD002229,PRD0847,1,370.04,370.04
HITM0007050,HORD002229,PRD0371,1,2179.78,2179.78
HITM0007051,HORD002229,PRD0379,1,722.92,722.92
HITM0007052,HORD002230,PRD0878,1,453.39,453.39
HITM0007053,HORD002230,PRD0791,1,2879.43,2879.43
HITM0007054,HORD002230,PRD0131,2,2047.43,4094.86
HITM0007055,HORD002231,PRD0514,1,1035.93,1035.93
HITM0007056,HORD002231,PRD0377,2,941.97,1883.94
HITM0007057,HORD002231,PRD0891,1,2011.11,2011.11
HITM0007058,HORD002231,PRD0388,3,981.72,2945.16
HITM0007059,HORD002231,PRD0694,1,1984.32,1984.32
HITM0007060,HORD002232,PRD0159,1,1223.4,1223.4
HITM0007061,HORD002232,PRD0865,1,308.23,308.23
HITM0007062,HORD002232,PRD0132,2,1616.97,3233.94
HITM0007063,HORD002233,PRD0512,1,1057.04,1057.04
HITM0007064,HORD002233,PRD0555,2,1183.16,2366.32
HITM0007065,HORD002233,PRD0490,1,337.69,337.69
HITM0007066,HORD002233,PRD0016,1,255.89,255.89
HITM0007067,HORD002233,PRD0344,1,2796.46,2796.46
HITM0007068,HORD002234,PRD0310,1,83.71,83.71
HITM0007069,HORD002235,PRD0647,1,818.2,818.2
HITM0007070,HORD002235,PRD0628,1,62.19,62.19
HITM0007071,HORD002235,PRD0853,1,1558.78,1558.78
HITM0007072,HORD002235,PRD0798,1,647.08,647.08
HITM0007073,HORD002236,PRD0110,1,110.2,110.2
HITM0007074,HORD002236,PRD0842,1,1418.63,1418.63
HITM0007075,HORD002236,PRD0549,1,290.7,290.7
HITM0007076,HORD002236,PRD0020,3,254.09,762.27
HITM0007077,HORD002236,PRD0851,1,3078.03,3078.03
HITM0007078,HORD002237,PRD0622,1,678.69,678.69
HITM0007079,HORD002238,PRD0610,1,159.67,159.67
HITM0007080,HORD002238,PRD0028,2,831.06,1662.12
HITM0007081,HORD002238,PRD0770,2,144.73,289.46
HITM0007082,HORD002238,PRD0183,1,442.77,442.77
HITM0007083,HORD002239,PRD0013,1,377.71,377.71
HITM0007084,HORD002239,PRD0212,1,369.65,369.65
HITM0007085,HORD002239,PRD0800,1,274.87,274.87
HITM0007086,HORD002240,PRD0414,3,1024.71,3074.13
HITM0007087,HORD002240,PRD0274,1,2425.87,2425.87
HITM0007088,HORD002240,PRD0660,1,15.31,15.31
HITM0007089,HORD002241,PRD0275,1,928.24,928.24
HITM0007090,HORD002241,PRD0924,1,1071.28,1071.28
HITM0007091,HORD002241,PRD0425,1,615.94,615.94
HITM0007092,HORD002241,PRD0672,2,1330.59,2661.18
HITM0007093,HORD002242,PRD0182,1,680.44,680.44
HITM0007094,HORD002242,PRD0517,1,466.6,466.6
HITM0007095,HORD002242,PRD0868,2,956.14,1912.28
HITM0007096,HORD002242,PRD0570,3,394.68,1184.04
HITM0007097,HORD002243,PRD0306,3,487.14,1461.42
HITM0007098,HORD002244,PRD0655,1,261.66,261.66
HITM0007099,HORD002244,PRD0146,1,508.56,508.56
HITM0007100,HORD002244,PRD0810,1,325.73,325.73
HITM0007101,HORD002245,PRD0983,1,854.84,854.84
HITM0007102,HORD002245,PRD0483,2,998.58,1997.16
HITM0007103,HORD002245,PRD0740,3,326.46,979.38
HITM0007104,HORD002246,PRD0906,2,150.8,301.6
HITM0007105,HORD002246,PRD0390,1,391.31,391.31
HITM0007106,HORD002246,PRD0967,1,530.38,530.38
HITM0007107,HORD002246,PRD0240,1,417.49,417.49
HITM0007108,HORD002247,PRD0532,1,1430.86,1430.86
HITM0007109,HORD002247,PRD0313,2,1109.77,2219.54
HITM0007110,HORD002247,PRD0048,1,176.51,176.51
HITM0007111,HORD002248,PRD0228,2,121.94,243.88
HITM0007112,HORD002248,PRD0702,1,1587.86,1587.86
HITM0007113,HORD002249,PRD0949,1,541.69,541.69
HITM0007114,HORD002249,PRD0532,1,1430.86,1430.86
HITM0007115,HORD002250,PRD0821,2,1235.41,2470.82
HITM0007116,HORD002250,PRD0658,2,471.69,943.38
HITM0007117,HORD002250,PRD0048,1,176.51,176.51
HITM0007118,HORD002250,PRD0124,1,659.93,659.93
HITM0007119,HORD002251,PRD0838,1,904.43,904.43
HITM0007120,HORD002251,PRD0697,1,2301.55,2301.55
HITM0007121,HORD002251,PRD0140,3,394.57,1183.71
HITM0007122,HORD002251,PRD0038,3,758.26,2274.78
HITM0007123,HORD002251,PRD0099,1,245.95,245.95
HITM0007124,HORD002252,PRD0183,2,442.77,885.54
HITM0007125,HORD002252,PRD0066,1,66.71,66.71
HITM0007126,HORD002253,PRD0367,1,179.97,179.97
HITM0007127,HORD002253,PRD0178,1,184.26,184.26
HITM0007128,HORD002254,PRD0719,1,836.38,836.38
HITM0007129,HORD002254,PRD0449,1,483.76,483.76
HITM0007130,HORD002254,PRD0269,1,236.51,236.51
HITM0007131,HORD002254,PRD0163,1,459.77,459.77
HITM0007132,HORD002254,PRD0384,3,2615.99,7847.97
HITM0007133,HORD002255,PRD0821,1,1235.41,1235.41
HITM0007134,HORD002255,PRD0318,1,930.52,930.52
HITM0007135,HORD002255,PRD0644,1,2975.58,2975.58
HITM0007136,HORD002255,PRD0857,1,998.5,998.5
HITM0007137,HORD002255,PRD0680,1,369.12,369.12
HITM0007138,HORD002256,PRD0971,1,2276.46,2276.46
HITM0007139,HORD002256,PRD0665,1,758.8,758.8
HITM0007140,HORD002256,PRD0529,2,915.61,1831.22
HITM0007141,HORD002257,PRD0876,1,61.28,61.28
HITM0007142,HORD002257,PRD0188,1,936.44,936.44
HITM0007143,HORD002257,PRD0958,3,997.87,2993.61
HITM0007144,HORD002257,PRD0048,1,176.51,176.51
HITM0007145,HORD002258,PRD0660,1,15.31,15.31
HITM0007146,HORD002258,PRD0015,1,828.91,828.91
HITM0007147,HORD002258,PRD0219,2,227.25,454.5
HITM0007148,HORD002258,PRD0197,1,179.71,179.71
HITM0007149,HORD002259,PRD0925,2,327.94,655.88
HITM0007150,HORD002259,PRD0696,2,137.51,275.02
HITM0007151,HORD002259,PRD0424,1,2256.09,2256.09
HITM0007152,HORD002259,PRD0869,2,1298.92,2597.84
HITM0007153,HORD002260,PRD0940,1,200.38,200.38
HITM0007154,HORD002260,PRD0307,1,2081.93,2081.93
HITM0007155,HORD002261,PRD0592,1,471.73,471.73
HITM0007156,HORD002262,PRD0372,1,943.73,943.73
HITM0007157,HORD002262,PRD0537,1,669.66,669.66
HITM0007158,HORD002262,PRD0628,1,62.19,62.19
HITM0007159,HORD002263,PRD0866,1,684.58,684.58
HITM0007160,HORD002264,PRD0144,1,2737.49,2737.49
HITM0007161,HORD002264,PRD0370,1,285.36,285.36
HITM0007162,HORD002264,PRD0393,1,728.35,728.35
HITM0007163,HORD002264,PRD0997,2,1971.69,3943.38
HITM0007164,HORD002264,PRD0363,1,554.22,554.22
HITM0007165,HORD002265,PRD0559,1,1357.1,1357.1
HITM0007166,HORD002265,PRD0290,1,151.92,151.92
HITM0007167,HORD002265,PRD0907,1,1941.5,1941.5
HITM0007168,HORD002265,PRD0469,1,710.35,710.35
HITM0007169,HORD002266,PRD0110,3,110.2,330.6
HITM0007170,HORD002266,PRD0543,2,303.53,607.06
HITM0007171,HORD002266,PRD0121,1,2314.16,2314.16
HITM0007172,HORD002267,PRD0591,1,2122.13,2122.13
HITM0007173,HORD002267,PRD0618,1,421.89,421.89
HITM0007174,HORD002268,PRD0819,1,282.56,282.56
HITM0007175,HORD002268,PRD0621,1,1275.57,1275.57
HITM0007176,HORD002269,PRD0427,1,1212.42,1212.42
HITM0007177,HORD002269,PRD0592,2,471.73,943.46
HITM0007178,HORD002269,PRD0797,1,850.77,850.77
HITM0007179,HORD002269,PRD0429,2,1195.52,2391.04
HITM0007180,HORD002270,PRD0163,1,459.77,459.77
HITM0007181,HORD002270,PRD0045,1,124.62,124.62
HITM0007182,HORD002270,PRD0170,1,202.15,202.15
HITM0007183,HORD002270,PRD0347,1,2438.33,2438.33
HITM0007184,HORD002271,PRD0330,1,222.78,222.78
HITM0007185,HORD002271,PRD0263,2,590.67,1181.34
HITM0007186,HORD002272,PRD0539,1,968.63,968.63
HITM0007187,HORD002272,PRD0400,1,158.67,158.67
HITM0007188,HORD002273,PRD0821,1,1235.41,1235.41
HITM0007189,HORD002273,PRD0906,1,150.8,150.8
HITM0007190,HORD002273,PRD0317,1,2234.93,2234.93
HITM0007191,HORD002274,PRD0473,2,1395.59,2791.18
HITM0007192,HORD002274,PRD0079,2,1319.99,2639.98
HITM0007193,HORD002274,PRD0236,1,131.33,131.33
HITM0007194,HORD002275,PRD0160,2,140.78,281.56
HITM0007195,HORD002275,PRD0331,1,1007.66,1007.66
HITM0007196,HORD002275,PRD0581,1,2588.97,2588.97
HITM0007197,HORD002275,PRD0789,2,776.9,1553.8
HITM0007198,HORD002276,PRD0960,1,155.66,155.66
HITM0007199,HORD002276,PRD0738,2,778.08,1556.16
HITM0007200,HORD002276,PRD0396,2,672.25,1344.5
HITM0007201,HORD002276,PRD0438,1,185.01,185.01
HITM0007202,HORD002276,PRD0529,1,915.61,915.61
HITM0007203,HORD002277,PRD0107,1,1780.98,1780.98
HITM0007204,HORD002277,PRD0245,2,616.59,1233.18
HITM0007205,HORD002277,PRD0642,3,1399.48,4198.44
HITM0007206,HORD002277,PRD0496,1,223.21,223.21
HITM0007207,HORD002277,PRD0778,1,769.84,769.84
HITM0007208,HORD002278,PRD0738,1,778.08,778.08
HITM0007209,HORD002278,PRD0810,1,325.73,325.73
HITM0007210,HORD002278,PRD0641,1,1601.27,1601.27
HITM0007211,HORD002279,PRD0883,1,1440.86,1440.86
HITM0007212,HORD002279,PRD0031,3,2841.2,8523.6
HITM0007213,HORD002279,PRD0208,1,425.89,425.89
HITM0007214,HORD002279,PRD0292,1,1683.43,1683.43
HITM0007215,HORD002280,PRD0423,1,1099.29,1099.29
HITM0007216,HORD002280,PRD0280,1,149.57,149.57
HITM0007217,HORD002281,PRD0786,1,400.03,400.03
HITM0007218,HORD002281,PRD0690,1,30.42,30.42
HITM0007219,HORD002281,PRD0638,2,249.29,498.58
HITM0007220,HORD002282,PRD0330,1,222.78,222.78
HITM0007221,HORD002282,PRD0640,1,415.26,415.26
HITM0007222,HORD002282,PRD0267,1,657.53,657.53
HITM0007223,HORD002282,PRD0677,1,197.41,197.41
HITM0007224,HORD002283,PRD0349,1,1056.93,1056.93
HITM0007225,HORD002283,PRD0382,1,1459.89,1459.89
HITM0007226,HORD002284,PRD0750,1,181.18,181.18
HITM0007227,HORD002284,PRD0487,1,136.07,136.07
HITM0007228,HORD002284,PRD0346,1,291.88,291.88
HITM0007229,HORD002284,PRD0579,2,1153.54,2307.08
HITM0007230,HORD002285,PRD0701,1,3133.77,3133.77
HITM0007231,HORD002285,PRD0036,1,120.39,120.39
HITM0007232,HORD002286,PRD0334,2,2155.76,4311.52
HITM0007233,HORD002287,PRD0948,1,583.21,583.21
HITM0007234,HORD002287,PRD0567,1,1250.81,1250.81
HITM0007235,HORD002287,PRD0050,1,56.24,56.24
HITM0007236,HORD002287,PRD0379,1,722.92,722.92
HITM0007237,HORD002288,PRD0204,1,2130.68,2130.68
HITM0007238,HORD002288,PRD0035,1,215.11,215.11
HITM0007239,HORD002288,PRD0725,1,107.02,107.02
HITM0007240,HORD002289,PRD0633,1,1190.36,1190.36
HITM0007241,HORD002289,PRD0857,3,998.5,2995.5
HITM0007242,HORD002289,PRD0075,1,649.4,649.4
HITM0007243,HORD002289,PRD0065,1,515.94,515.94
HITM0007244,HORD002289,PRD0785,1,91.04,91.04
HITM0007245,HORD002290,PRD0167,1,2514.98,2514.98
HITM0007246,HORD002290,PRD0178,1,184.26,184.26
HITM0007247,HORD002290,PRD0668,1,982.03,982.03
HITM0007248,HORD002290,PRD0764,2,3198.68,6397.36
HITM0007249,HORD002291,PRD0432,1,1426.65,1426.65
HITM0007250,HORD002291,PRD0894,1,2968.01,2968.01
HITM0007251,HORD002291,PRD0508,2,652.45,1304.9
HITM0007252,HORD002291,PRD0635,3,140.41,421.23
HITM0007253,HORD002291,PRD0557,2,743.48,1486.96
HITM0007254,HORD002292,PRD0244,2,847.84,1695.68
HITM0007255,HORD002292,PRD0703,2,289.3,578.6
HITM0007256,HORD002292,PRD0096,3,327.95,983.85
HITM0007257,HORD002292,PRD0350,1,175.83,175.83
HITM0007258,HORD002293,PRD0701,1,3133.77,3133.77
HITM0007259,HORD002293,PRD0660,1,15.31,15.31
HITM0007260,HORD002293,PRD0152,1,575.19,575.19
HITM0007261,HORD002294,PRD0750,1,181.18,181.18
HITM0007262,HORD002294,PRD0864,2,3026.32,6052.64
HITM0007263,HORD002294,PRD0142,1,1647.71,1647.71
HITM0007264,HORD002295,PRD0132,1,1616.97,1616.97
HITM0007265,HORD002295,PRD0290,1,151.92,151.92
HITM0007266,HORD002296,PRD0837,1,471.38,471.38
HITM0007267,HORD002296,PRD0560,1,414.95,414.95
HITM0007268,HORD002296,PRD0709,1,928.13,928.13
HITM0007269,HORD002297,PRD0763,1,485.63,485.63
HITM0007270,HORD002297,PRD0910,1,19.2,19.2
HITM0007271,HORD002297,PRD0440,1,57.41,57.41
HITM0007272,HORD002297,PRD0429,1,1195.52,1195.52
HITM0007273,HORD002298,PRD0912,1,752.42,752.42
HITM0007274,HORD002299,PRD0548,1,957.21,957.21
HITM0007275,HORD002300,PRD0184,2,685.26,1370.52
HITM0007276,HORD002300,PRD0881,2,1901.2,3802.4
HITM0007277,HORD002300,PRD0968,1,409.17,409.17
HITM0007278,HORD002300,PRD0660,1,15.31,15.31
HITM0007279,HORD002301,PRD0120,1,46.82,46.82
HITM0007280,HORD002301,PRD0016,1,255.89,255.89
HITM0007281,HORD002301,PRD0468,1,523.04,523.04
HITM0007282,HORD002302,PRD0433,2,983.68,1967.36
HITM0007283,HORD002302,PRD0722,1,373.93,373.93
HITM0007284,HORD002302,PRD0887,1,159.97,159.97
HITM0007285,HORD002303,PRD0627,1,869.77,869.77
HITM0007286,HORD002303,PRD0243,1,1176.42,1176.42
HITM0007287,HORD002303,PRD0203,1,1327.73,1327.73
HITM0007288,HORD002303,PRD0943,1,862.72,862.72
HITM0007289,HORD002304,PRD0419,2,1458.66,2917.32
HITM0007290,HORD002304,PRD0766,1,734.79,734.79
HITM0007291,HORD002305,PRD0660,1,15.31,15.31
HITM0007292,HORD002305,PRD0719,1,836.38,836.38
HITM0007293,HORD002305,PRD0190,1,274.29,274.29
HITM0007294,HORD002305,PRD0898,1,272.18,272.18
HITM0007295,HORD002306,PRD0582,3,1854.66,5563.98
HITM0007296,HORD002306,PRD0611,1,1787.47,1787.47
HITM0007297,HORD002306,PRD0319,2,882.45,1764.9
HITM0007298,HORD002307,PRD0521,1,2581.65,2581.65
HITM0007299,HORD002307,PRD0904,1,1097.17,1097.17
HITM0007300,HORD002307,PRD0762,2,1038.24,2076.48
HITM0007301,HORD002307,PRD0668,2,982.03,1964.06
HITM0007302,HORD002308,PRD0187,1,1875.79,1875.79
HITM0007303,HORD002308,PRD0780,2,94.47,188.94
HITM0007304,HORD002309,PRD0389,2,452.02,904.04
HITM0007305,HORD002309,PRD0120,1,46.82,46.82
HITM0007306,HORD002309,PRD0633,1,1190.36,1190.36
HITM0007307,HORD002309,PRD0918,2,270.82,541.64
HITM0007308,HORD002309,PRD0851,1,3078.03,3078.03
HITM0007309,HORD002310,PRD0543,1,303.53,303.53
HITM0007310,HORD002310,PRD0028,3,831.06,2493.18
HITM0007311,HORD002311,PRD0106,1,40.68,40.68
HITM0007312,HORD002311,PRD0712,1,1402.88,1402.88
HITM0007313,HORD002311,PRD0943,1,862.72,862.72
HITM0007314,HORD002311,PRD0120,2,46.82,93.64
HITM0007315,HORD002312,PRD0820,1,135.5,135.5
HITM0007316,HORD002312,PRD0982,1,973.58,973.58
HITM0007317,HORD002313,PRD0067,1,1666.09,1666.09
HITM0007318,HORD002313,PRD0236,3,131.33,393.99
HITM0007319,HORD002313,PRD0676,1,499.99,499.99
HITM0007320,HORD002313,PRD0519,1,1464.8,1464.8
HITM0007321,HORD002314,PRD0841,1,2157.33,2157.33
HITM0007322,HORD002314,PRD0396,3,672.25,2016.75
HITM0007323,HORD002314,PRD0707,1,1182.83,1182.83
HITM0007324,HORD002314,PRD0027,1,615.88,615.88
HITM0007325,HORD002315,PRD0048,1,176.51,176.51
HITM0007326,HORD002315,PRD0976,1,838.03,838.03
HITM0007327,HORD002315,PRD0634,1,2121.75,2121.75
HITM0007328,HORD002316,PRD0965,1,1142.59,1142.59
HITM0007329,HORD002316,PRD0771,1,1105.04,1105.04
HITM0007330,HORD002317,PRD0988,1,236.45,236.45
HITM0007331,HORD002317,PRD0079,1,1319.99,1319.99
HITM0007332,HORD002317,PRD0954,1,848.21,848.21
HITM0007333,HORD002318,PRD0714,1,2934.49,2934.49
HITM0007334,HORD002318,PRD0234,1,1058.58,1058.58
HITM0007335,HORD002318,PRD0328,1,490.58,490.58
HITM0007336,HORD002319,PRD0188,1,936.44,936.44
HITM0007337,HORD002319,PRD0628,1,62.19,62.19
HITM0007338,HORD002319,PRD0803,1,585.93,585.93
HITM0007339,HORD002319,PRD0785,1,91.04,91.04
HITM0007340,HORD002319,PRD0440,1,57.41,57.41
HITM0007341,HORD002320,PRD0677,1,197.41,197.41
HITM0007342,HORD002320,PRD0943,1,862.72,862.72
HITM0007343,HORD002320,PRD0420,3,365.11,1095.33
HITM0007344,HORD002320,PRD0976,1,838.03,838.03
HITM0007345,HORD002320,PRD0972,1,690.82,690.82
HITM0007346,HORD002321,PRD0077,1,1748.69,1748.69
HITM0007347,HORD002321,PRD0346,1,291.88,291.88
HITM0007348,HORD002321,PRD0424,2,2256.09,4512.18
HITM0007349,HORD002322,PRD0267,2,657.53,1315.06
HITM0007350,HORD002322,PRD0396,1,672.25,672.25
HITM0007351,HORD002322,PRD0598,2,825.04,1650.08
HITM0007352,HORD002323,PRD0631,1,2823.87,2823.87
HITM0007353,HORD002324,PRD0527,1,2076.11,2076.11
HITM0007354,HORD002324,PRD0769,1,333.15,333.15
HITM0007355,HORD002325,PRD0106,1,40.68,40.68
HITM0007356,HORD002325,PRD0916,1,110.26,110.26
HITM0007357,HORD002325,PRD0909,1,167.36,167.36
HITM0007358,HORD002325,PRD0982,3,973.58,2920.74
HITM0007359,HORD002326,PRD0027,2,615.88,1231.76
HITM0007360,HORD002327,PRD0753,1,272.68,272.68
HITM0007361,HORD002327,PRD0350,1,175.83,175.83
HITM0007362,HORD002327,PRD0596,1,846.46,846.46
HITM0007363,HORD002327,PRD0858,1,188.42,188.42
HITM0007364,HORD002327,PRD0211,1,2355.83,2355.83
HITM0007365,HORD002328,PRD0380,1,370.74,370.74
HITM0007366,HORD002328,PRD0580,1,180.48,180.48
HITM0007367,HORD002328,PRD0135,1,1054.93,1054.93
HITM0007368,HORD002329,PRD0322,1,1333.07,1333.07
HITM0007369,HORD002329,PRD0237,1,2383.14,2383.14
HITM0007370,HORD002329,PRD0611,1,1787.47,1787.47
HITM0007371,HORD002330,PRD0755,2,417.76,835.52
HITM0007372,HORD002331,PRD0675,1,98.97,98.97
HITM0007373,HORD002331,PRD0750,1,181.18,181.18
HITM0007374,HORD002331,PRD0813,2,772.8,1545.6
HITM0007375,HORD002331,PRD0632,1,1826.27,1826.27
HITM0007376,HORD002332,PRD0905,1,951.23,951.23
HITM0007377,HORD002332,PRD0552,1,1741.06,1741.06
HITM0007378,HORD002333,PRD0355,1,412.17,412.17
HITM0007379,HORD002333,PRD0229,2,963.55,1927.1
HITM0007380,HORD002334,PRD0887,2,159.97,319.94
HITM0007381,HORD002334,PRD0215,1,273.66,273.66
HITM0007382,HORD002334,PRD0027,1,615.88,615.88
HITM0007383,HORD002335,PRD0369,1,123.0,123.0
HITM0007384,HORD002335,PRD0627,1,869.77,869.77
HITM0007385,HORD002335,PRD0362,1,1217.27,1217.27
HITM0007386,HORD002335,PRD0334,2,2155.76,4311.52
HITM0007387,HORD002335,PRD0061,1,1070.18,1070.18
HITM0007388,HORD002336,PRD0162,1,1783.95,1783.95
HITM0007389,HORD002336,PRD0775,1,545.51,545.51
HITM0007390,HORD002336,PRD0886,1,529.82,529.82
HITM0007391,HORD002337,PRD0858,1,188.42,188.42
HITM0007392,HORD002337,PRD0068,1,331.71,331.71
HITM0007393,HORD002337,PRD0699,1,508.79,508.79
HITM0007394,HORD002338,PRD0624,1,588.21,588.21
HITM0007395,HORD002338,PRD0990,1,268.68,268.68
HITM0007396,HORD002338,PRD0692,1,488.18,488.18
HITM0007397,HORD002339,PRD0182,1,680.44,680.44
HITM0007398,HORD002340,PRD0400,1,158.67,158.67
HITM0007399,HORD002340,PRD0036,1,120.39,120.39
HITM0007400,HORD002340,PRD0450,1,210.74,210.74
HITM0007401,HORD002341,PRD0215,1,273.66,273.66
HITM0007402,HORD002341,PRD0068,1,331.71,331.71
HITM0007403,HORD002342,PRD0257,1,1869.6,1869.6
HITM0007404,HORD002343,PRD0744,1,2051.82,2051.82
HITM0007405,HORD002343,PRD0639,1,912.42,912.42
HITM0007406,HORD002343,PRD0937,1,2275.76,2275.76
HITM0007407,HORD002343,PRD0832,1,1257.86,1257.86
HITM0007408,HORD002344,PRD0608,1,607.93,607.93
HITM0007409,HORD002345,PRD0080,3,15.23,45.69
HITM0007410,HORD002345,PRD0528,1,386.06,386.06
HITM0007411,HORD002345,PRD0735,1,557.24,557.24
HITM0007412,HORD002346,PRD0549,1,290.7,290.7
HITM0007413,HORD002346,PRD0685,1,963.7,963.7
HITM0007414,HORD002347,PRD0133,1,772.02,772.02
HITM0007415,HORD002347,PRD0801,2,1009.09,2018.18
HITM0007416,HORD002348,PRD0909,2,167.36,334.72
HITM0007417,HORD002348,PRD0148,2,457.28,914.56
HITM0007418,HORD002348,PRD0615,1,965.84,965.84
HITM0007419,HORD002348,PRD0596,1,846.46,846.46
HITM0007420,HORD002349,PRD0057,2,768.67,1537.34
HITM0007421,HORD002349,PRD0566,1,665.53,665.53
HITM0007422,HORD002349,PRD0482,1,1511.77,1511.77
HITM0007423,HORD002349,PRD0492,1,961.25,961.25
HITM0007424,HORD002349,PRD0173,1,1519.14,1519.14
HITM0007425,HORD002350,PRD0618,2,421.89,843.78
HITM0007426,HORD002350,PRD0046,3,355.51,1066.53
HITM0007427,HORD002350,PRD0169,2,1449.49,2898.98
HITM0007428,HORD002350,PRD0747,1,619.18,619.18
HITM0007429,HORD002350,PRD0695,2,980.37,1960.74
HITM0007430,HORD002351,PRD0780,1,94.47,94.47
HITM0007431,HORD002351,PRD0370,1,285.36,285.36
HITM0007432,HORD002351,PRD0329,1,320.22,320.22
HITM0007433,HORD002351,PRD0757,2,1258.09,2516.18
HITM0007434,HORD002351,PRD0197,1,179.71,179.71
HITM0007435,HORD002352,PRD0769,2,333.15,666.3
HITM0007436,HORD002352,PRD0405,1,146.11,146.11
HITM0007437,HORD002352,PRD0325,1,926.64,926.64
HITM0007438,HORD002352,PRD0305,3,260.29,780.87
HITM0007439,HORD002353,PRD0273,1,697.23,697.23
HITM0007440,HORD002353,PRD0517,2,466.6,933.2
HITM0007441,HORD002353,PRD0060,1,147.43,147.43
HITM0007442,HORD002354,PRD0715,1,61.65,61.65
HITM0007443,HORD002354,PRD0387,1,2307.58,2307.58
HITM0007444,HORD002354,PRD0842,1,1418.63,1418.63
HITM0007445,HORD002354,PRD0608,1,607.93,607.93
HITM0007446,HORD002354,PRD0354,2,2902.62,5805.24
HITM0007447,HORD002355,PRD0348,3,340.62,1021.86
HITM0007448,HORD002355,PRD0215,1,273.66,273.66
HITM0007449,HORD002356,PRD0760,2,145.6,291.2
HITM0007450,HORD002356,PRD0205,1,864.54,864.54
HITM0007451,HORD002356,PRD0597,1,1647.12,1647.12
HITM0007452,HORD002356,PRD0906,1,150.8,150.8
HITM0007453,HORD002356,PRD0412,2,383.4,766.8
HITM0007454,HORD002357,PRD0740,1,326.46,326.46
HITM0007455,HORD002357,PRD0683,2,609.14,1218.28
HITM0007456,HORD002358,PRD0794,3,464.13,1392.39
HITM0007457,HORD002358,PRD0509,1,306.02,306.02
HITM0007458,HORD002358,PRD0291,1,2517.39,2517.39
HITM0007459,HORD002359,PRD0529,3,915.61,2746.83
HITM0007460,HORD002359,PRD0070,1,376.35,376.35
HITM0007461,HORD002359,PRD0696,1,137.51,137.51
HITM0007462,HORD002360,PRD0846,2,427.97,855.94
HITM0007463,HORD002360,PRD0488,1,658.75,658.75
HITM0007464,HORD002360,PRD0955,1,56.91,56.91
HITM0007465,HORD002360,PRD0350,2,175.83,351.66
HITM0007466,HORD002361,PRD0712,1,1402.88,1402.88
HITM0007467,HORD002361,PRD0586,2,110.38,220.76
HITM0007468,HORD002361,PRD0101,1,1188.71,1188.71
HITM0007469,HORD002362,PRD0110,2,110.2,220.4
HITM0007470,HORD002362,PRD0586,1,110.38,110.38
HITM0007471,HORD002362,PRD0340,1,244.07,244.07
HITM0007472,HORD002363,PRD0603,1,851.99,851.99
HITM0007473,HORD002363,PRD0246,1,674.8,674.8
HITM0007474,HORD002363,PRD0690,1,30.42,30.42
HITM0007475,HORD002364,PRD0758,2,282.47,564.94
HITM0007476,HORD002364,PRD0580,1,180.48,180.48
HITM0007477,HORD002364,PRD0619,3,394.74,1184.22
HITM0007478,HORD002364,PRD0094,2,627.77,1255.54
HITM0007479,HORD002365,PRD0443,2,393.59,787.18
HITM0007480,HORD002365,PRD0086,2,747.25,1494.5
HITM0007481,HORD002365,PRD0928,2,302.59,605.18
HITM0007482,HORD002365,PRD0203,1,1327.73,1327.73
HITM0007483,HORD002366,PRD0614,1,2379.02,2379.02
HITM0007484,HORD002367,PRD0424,1,2256.09,2256.09
HITM0007485,HORD002367,PRD0389,1,452.02,452.02
HITM0007486,HORD002368,PRD0555,1,1183.16,1183.16
HITM0007487,HORD002368,PRD0760,2,145.6,291.2
HITM0007488,HORD002368,PRD0164,2,1650.2,3300.4
HITM0007489,HORD002369,PRD0698,1,445.24,445.24
HITM0007490,HORD002369,PRD0124,1,659.93,659.93
HITM0007491,HORD002370,PRD0659,1,1247.76,1247.76
HITM0007492,HORD002370,PRD0182,1,680.44,680.44
HITM0007493,HORD002370,PRD0008,1,146.16,146.16
HITM0007494,HORD002370,PRD0929,1,897.78,897.78
HITM0007495,HORD002371,PRD0662,1,808.63,808.63
HITM0007496,HORD002371,PRD0822,2,1374.65,2749.3
HITM0007497,HORD002371,PRD0910,1,19.2,19.2
HITM0007498,HORD002372,PRD0055,3,534.13,1602.39
HITM0007499,HORD002372,PRD0806,1,351.54,351.54
HITM0007500,HORD002372,PRD0612,1,1688.14,1688.14
HITM0007501,HORD002373,PRD0860,3,359.33,1077.99
HITM0007502,HORD002373,PRD0875,1,1168.64,1168.64
HITM0007503,HORD002374,PRD0755,1,417.76,417.76
HITM0007504,HORD002374,PRD0500,1,250.29,250.29
HITM0007505,HORD002374,PRD0826,2,402.15,804.3
HITM0007506,HORD002374,PRD0194,1,537.22,537.22
HITM0007507,HORD002375,PRD0407,1,607.64,607.64
HITM0007508,HORD002375,PRD0316,1,640.98,640.98
HITM0007509,HORD002375,PRD0582,1,1854.66,1854.66
HITM0007510,HORD002375,PRD0616,1,480.04,480.04
HITM0007511,HORD002375,PRD0338,1,925.26,925.26
HITM0007512,HORD002376,PRD0653,1,608.0,608.0
HITM0007513,HORD002376,PRD0613,1,644.35,644.35
HITM0007514,HORD002377,PRD0838,1,904.43,904.43
HITM0007515,HORD002377,PRD0134,1,1214.25,1214.25
HITM0007516,HORD002377,PRD0660,1,15.31,15.31
HITM0007517,HORD002378,PRD0748,1,147.02,147.02
HITM0007518,HORD002378,PRD0761,2,2207.59,4415.18
HITM0007519,HORD002379,PRD0894,1,2968.01,2968.01
HITM0007520,HORD002379,PRD0610,2,159.67,319.34
HITM0007521,HORD002379,PRD0757,1,1258.09,1258.09
HITM0007522,HORD002379,PRD0305,1,260.29,260.29
HITM0007523,HORD002380,PRD0320,1,190.98,190.98
HITM0007524,HORD002381,PRD0255,1,718.45,718.45
HITM0007525,HORD002381,PRD0149,1,427.78,427.78
HITM0007526,HORD002381,PRD0110,1,110.2,110.2
HITM0007527,HORD002381,PRD0301,1,1027.91,1027.91
HITM0007528,HORD002381,PRD0028,2,831.06,1662.12
HITM0007529,HORD002382,PRD0096,1,327.95,327.95
HITM0007530,HORD002382,PRD0032,1,581.78,581.78
HITM0007531,HORD002383,PRD0790,1,110.86,110.86
HITM0007532,HORD002383,PRD0115,2,678.71,1357.42
HITM0007533,HORD002384,PRD0335,1,439.66,439.66
HITM0007534,HORD002384,PRD0445,2,1026.22,2052.44
HITM0007535,HORD002384,PRD0896,1,810.67,810.67
HITM0007536,HORD002384,PRD0367,2,179.97,359.94
HITM0007537,HORD002384,PRD0090,1,223.82,223.82
HITM0007538,HORD002385,PRD0316,1,640.98,640.98
HITM0007539,HORD002385,PRD0898,1,272.18,272.18
HITM0007540,HORD002385,PRD0125,1,517.12,517.12
HITM0007541,HORD002386,PRD0594,1,2046.58,2046.58
HITM0007542,HORD002386,PRD0403,1,615.54,615.54
HITM0007543,HORD002386,PRD0999,1,1457.06,1457.06
HITM0007544,HORD002386,PRD0149,1,427.78,427.78
HITM0007545,HORD002386,PRD0297,1,2214.14,2214.14
HITM0007546,HORD002387,PRD0436,1,525.13,525.13
HITM0007547,HORD002387,PRD0430,2,126.46,252.92
HITM0007548,HORD002387,PRD0946,1,643.19,643.19
HITM0007549,HORD002387,PRD0531,2,2292.33,4584.66
HITM0007550,HORD002387,PRD0576,1,30.87,30.87
HITM0007551,HORD002388,PRD0683,2,609.14,1218.28
HITM0007552,HORD002388,PRD0089,1,1041.14,1041.14
HITM0007553,HORD002388,PRD0359,3,597.95,1793.85
HITM0007554,HORD002389,PRD0719,1,836.38,836.38
HITM0007555,HORD002389,PRD0096,2,327.95,655.9
HITM0007556,HORD002389,PRD0397,2,1333.88,2667.76
HITM0007557,HORD002389,PRD0062,1,1491.83,1491.83
HITM0007558,HORD002390,PRD0111,1,2227.8,2227.8
HITM0007559,HORD002390,PRD0357,1,2299.18,2299.18
HITM0007560,HORD002390,PRD0384,1,2615.99,2615.99
HITM0007561,HORD002391,PRD0502,1,1737.87,1737.87
HITM0007562,HORD002391,PRD0014,1,953.24,953.24
HITM0007563,HORD002391,PRD0645,1,206.79,206.79
HITM0007564,HORD002391,PRD0103,1,619.16,619.16
HITM0007565,HORD002392,PRD0186,1,280.16,280.16
HITM0007566,HORD002393,PRD0079,1,1319.99,1319.99
HITM0007567,HORD002393,PRD0543,1,303.53,303.53
HITM0007568,HORD002393,PRD0694,2,1984.32,3968.64
HITM0007569,HORD002393,PRD0606,1,556.12,556.12
HITM0007570,HORD002393,PRD0806,1,351.54,351.54
HITM0007571,HORD002394,PRD0646,1,155.12,155.12
HITM0007572,HORD002394,PRD0675,1,98.97,98.97
HITM0007573,HORD002394,PRD0848,1,522.45,522.45
HITM0007574,HORD002395,PRD0220,1,144.35,144.35
HITM0007575,HORD002395,PRD0514,1,1035.93,1035.93
HITM0007576,HORD002396,PRD0706,1,173.61,173.61
HITM0007577,HORD002396,PRD0960,2,155.66,311.32
HITM0007578,HORD002396,PRD0129,3,1446.26,4338.78
HITM0007579,HORD002397,PRD0756,2,238.54,477.08
HITM0007580,HORD002397,PRD0561,1,951.61,951.61
HITM0007581,HORD002398,PRD0181,2,2410.31,4820.62
HITM0007582,HORD002398,PRD0417,1,1281.86,1281.86
HITM0007583,HORD002398,PRD0480,2,379.33,758.66
HITM0007584,HORD002398,PRD0437,2,2082.66,4165.32
HITM0007585,HORD002399,PRD0685,2,963.7,1927.4
HITM0007586,HORD002399,PRD0361,1,1242.28,1242.28
HITM0007587,HORD002399,PRD0345,1,437.36,437.36
HITM0007588,HORD002399,PRD0863,1,774.62,774.62
HITM0007589,HORD002399,PRD0265,1,94.03,94.03
HITM0007590,HORD002400,PRD0745,1,882.2,882.2
HITM0007591,HORD002400,PRD0748,1,147.02,147.02
HITM0007592,HORD002400,PRD0635,1,140.41,140.41
HITM0007593,HORD002401,PRD0347,2,2438.33,4876.66
HITM0007594,HORD002401,PRD0909,1,167.36,167.36
HITM0007595,HORD002401,PRD0228,1,121.94,121.94
HITM0007596,HORD002401,PRD0906,1,150.8,150.8
HITM0007597,HORD002401,PRD0120,1,46.82,46.82
HITM0007598,HORD002402,PRD0411,1,2843.11,2843.11
HITM0007599,HORD002402,PRD0760,1,145.6,145.6
HITM0007600,HORD002402,PRD0308,1,1088.84,1088.84
HITM0007601,HORD002402,PRD0239,1,761.02,761.02
HITM0007602,HORD002402,PRD0383,2,1128.0,2256.0
HITM0007603,HORD002403,PRD0003,1,316.95,316.95
HITM0007604,HORD002403,PRD0047,1,425.59,425.59
HITM0007605,HORD002404,PRD0147,1,1002.37,1002.37
HITM0007606,HORD002404,PRD0850,1,312.03,312.03
HITM0007607,HORD002405,PRD0228,1,121.94,121.94
HITM0007608,HORD002405,PRD0700,1,105.41,105.41
HITM0007609,HORD002406,PRD0279,1,165.58,165.58
HITM0007610,HORD002406,PRD0912,1,752.42,752.42
HITM0007611,HORD002406,PRD0520,3,298.12,894.36
HITM0007612,HORD002406,PRD0190,1,274.29,274.29
HITM0007613,HORD002407,PRD0249,1,1193.82,1193.82
HITM0007614,HORD002407,PRD0233,2,804.27,1608.54
HITM0007615,HORD002408,PRD0067,1,1666.09,1666.09
HITM0007616,HORD002408,PRD0894,1,2968.01,2968.01
HITM0007617,HORD002408,PRD0103,1,619.16,619.16
HITM0007618,HORD002408,PRD0653,1,608.0,608.0
HITM0007619,HORD002409,PRD0600,1,198.56,198.56
HITM0007620,HORD002410,PRD0083,1,1563.94,1563.94
HITM0007621,HORD002410,PRD0665,2,758.8,1517.6
HITM0007622,HORD002410,PRD0494,1,1961.68,1961.68
HITM0007623,HORD002410,PRD0173,3,1519.14,4557.42
HITM0007624,HORD002411,PRD0586,2,110.38,220.76
HITM0007625,HORD002411,PRD0583,1,1333.03,1333.03
HITM0007626,HORD002411,PRD0690,1,30.42,30.42
HITM0007627,HORD002412,PRD0803,1,585.93,585.93
HITM0007628,HORD002412,PRD0708,2,545.08,1090.16
HITM0007629,HORD002413,PRD0618,1,421.89,421.89
HITM0007630,HORD002413,PRD0548,1,957.21,957.21
HITM0007631,HORD002413,PRD0991,1,1900.16,1900.16
HITM0007632,HORD002413,PRD0566,1,665.53,665.53
HITM0007633,HORD002413,PRD0983,1,854.84,854.84
HITM0007634,HORD002414,PRD0006,2,319.31,638.62
HITM0007635,HORD002414,PRD0582,2,1854.66,3709.32
HITM0007636,HORD002414,PRD0268,1,395.01,395.01
HITM0007637,HORD002415,PRD0841,1,2157.33,2157.33
HITM0007638,HORD002415,PRD0246,2,674.8,1349.6
HITM0007639,HORD002415,PRD0271,1,2076.99,2076.99
HITM0007640,HORD002415,PRD0887,1,159.97,159.97
HITM0007641,HORD002416,PRD0414,1,1024.71,1024.71
HITM0007642,HORD002416,PRD0858,1,188.42,188.42
HITM0007643,HORD002416,PRD0575,1,177.67,177.67
HITM0007644,HORD002416,PRD0690,3,30.42,91.26
HITM0007645,HORD002417,PRD0273,1,697.23,697.23
HITM0007646,HORD002417,PRD0050,1,56.24,56.24
HITM0007647,HORD002417,PRD0826,1,402.15,402.15
HITM0007648,HORD002418,PRD0248,1,451.1,451.1
HITM0007649,HORD002418,PRD0701,1,3133.77,3133.77
HITM0007650,HORD002418,PRD0423,1,1099.29,1099.29
HITM0007651,HORD002418,PRD0739,1,947.5,947.5
HITM0007652,HORD002419,PRD0030,1,360.75,360.75
HITM0007653,HORD002419,PRD0905,2,951.23,1902.46
HITM0007654,HORD002419,PRD0022,1,1385.01,1385.01
HITM0007655,HORD002420,PRD0636,2,801.41,1602.82
HITM0007656,HORD002420,PRD0952,1,550.92,550.92
HITM0007657,HORD002420,PRD0040,1,239.17,239.17
HITM0007658,HORD002421,PRD0870,1,370.25,370.25
HITM0007659,HORD002421,PRD0048,1,176.51,176.51
HITM0007660,HORD002422,PRD0879,2,1214.72,2429.44
HITM0007661,HORD002422,PRD0170,1,202.15,202.15
HITM0007662,HORD002422,PRD0565,1,294.27,294.27
HITM0007663,HORD002423,PRD0968,1,409.17,409.17
HITM0007664,HORD002423,PRD0263,1,590.67,590.67
HITM0007665,HORD002423,PRD0846,1,427.97,427.97
HITM0007666,HORD002424,PRD0135,1,1054.93,1054.93
HITM0007667,HORD002424,PRD0750,1,181.18,181.18
HITM0007668,HORD002424,PRD0655,1,261.66,261.66
HITM0007669,HORD002425,PRD0080,1,15.23,15.23
HITM0007670,HORD002425,PRD0183,2,442.77,885.54
HITM0007671,HORD002426,PRD0280,1,149.57,149.57
HITM0007672,HORD002426,PRD0005,1,503.71,503.71
HITM0007673,HORD002427,PRD0058,1,137.85,137.85
HITM0007674,HORD002427,PRD0568,1,237.73,237.73
HITM0007675,HORD002428,PRD0928,1,302.59,302.59
HITM0007676,HORD002428,PRD0034,2,797.09,1594.18
HITM0007677,HORD002429,PRD0167,1,2514.98,2514.98
HITM0007678,HORD002429,PRD0265,1,94.03,94.03
HITM0007679,HORD002429,PRD0767,1,2003.56,2003.56
HITM0007680,HORD002429,PRD0003,1,316.95,316.95
HITM0007681,HORD002430,PRD0398,1,567.86,567.86
HITM0007682,HORD002430,PRD0585,1,81.84,81.84
HITM0007683,HORD002430,PRD0960,1,155.66,155.66
HITM0007684,HORD002430,PRD0812,1,972.39,972.39
HITM0007685,HORD002431,PRD0265,1,94.03,94.03
HITM0007686,HORD002431,PRD0663,1,337.29,337.29
HITM0007687,HORD002431,PRD0408,1,1038.75,1038.75
HITM0007688,HORD002432,PRD0996,1,643.77,643.77
HITM0007689,HORD002432,PRD0905,2,951.23,1902.46
HITM0007690,HORD002433,PRD0705,1,200.18,200.18
HITM0007691,HORD002433,PRD0587,1,1683.8,1683.8
HITM0007692,HORD002433,PRD0482,1,1511.77,1511.77
HITM0007693,HORD002433,PRD0712,2,1402.88,2805.76
HITM0007694,HORD002434,PRD0848,2,522.45,1044.9
HITM0007695,HORD002434,PRD0802,1,593.98,593.98
HITM0007696,HORD002434,PRD0026,1,841.05,841.05
HITM0007697,HORD002435,PRD0673,1,1159.13,1159.13
HITM0007698,HORD002435,PRD0599,2,854.55,1709.1
HITM0007699,HORD002435,PRD0369,1,123.0,123.0
HITM0007700,HORD002436,PRD0587,1,1683.8,1683.8
HITM0007701,HORD002436,PRD0955,2,56.91,113.82
HITM0007702,HORD002436,PRD0387,2,2307.58,4615.16
HITM0007703,HORD002437,PRD0610,1,159.67,159.67
HITM0007704,HORD002437,PRD0269,1,236.51,236.51
HITM0007705,HORD002437,PRD0478,1,948.58,948.58
HITM0007706,HORD002437,PRD0928,1,302.59,302.59
HITM0007707,HORD002438,PRD0343,2,1104.21,2208.42
HITM0007708,HORD002438,PRD0485,1,178.75,178.75
HITM0007709,HORD002438,PRD0006,2,319.31,638.62
HITM0007710,HORD002439,PRD0139,1,1416.61,1416.61
HITM0007711,HORD002439,PRD0911,1,2044.96,2044.96
HITM0007712,HORD002439,PRD0369,1,123.0,123.0
HITM0007713,HORD002439,PRD0903,1,805.15,805.15
HITM0007714,HORD002439,PRD0357,1,2299.18,2299.18
HITM0007715,HORD002440,PRD0540,1,369.8,369.8
HITM0007716,HORD002440,PRD0154,2,3096.85,6193.7
HITM0007717,HORD002440,PRD0319,1,882.45,882.45
HITM0007718,HORD002440,PRD0369,1,123.0,123.0
HITM0007719,HORD002441,PRD0983,1,854.84,854.84
HITM0007720,HORD002441,PRD0341,1,2657.98,2657.98
HITM0007721,HORD002442,PRD0542,1,1746.75,1746.75
HITM0007722,HORD002442,PRD0375,1,901.8,901.8
HITM0007723,HORD002443,PRD0951,1,1391.02,1391.02
HITM0007724,HORD002443,PRD0250,1,79.79,79.79
HITM0007725,HORD002444,PRD0206,1,633.94,633.94
HITM0007726,HORD002444,PRD0626,1,529.21,529.21
HITM0007727,HORD002445,PRD0239,1,761.02,761.02
HITM0007728,HORD002445,PRD0234,1,1058.58,1058.58
HITM0007729,HORD002445,PRD0418,1,301.4,301.4
HITM0007730,HORD002445,PRD0758,1,282.47,282.47
HITM0007731,HORD002446,PRD0782,1,452.61,452.61
HITM0007732,HORD002446,PRD0290,1,151.92,151.92
HITM0007733,HORD002446,PRD0725,1,107.02,107.02
HITM0007734,HORD002446,PRD0011,2,1160.31,2320.62
HITM0007735,HORD002446,PRD0002,1,1391.38,1391.38
HITM0007736,HORD002447,PRD0326,1,62.48,62.48
HITM0007737,HORD002447,PRD0010,1,386.41,386.41
HITM0007738,HORD002447,PRD0455,3,679.95,2039.85
HITM0007739,HORD002448,PRD0904,1,1097.17,1097.17
HITM0007740,HORD002448,PRD0569,1,238.57,238.57
HITM0007741,HORD002448,PRD0699,1,508.79,508.79
HITM0007742,HORD002448,PRD0824,1,3509.94,3509.94
HITM0007743,HORD002449,PRD0512,1,1057.04,1057.04
HITM0007744,HORD002449,PRD0310,1,83.71,83.71
HITM0007745,HORD002450,PRD0340,1,244.07,244.07
HITM0007746,HORD002450,PRD0225,1,1060.36,1060.36
HITM0007747,HORD002450,PRD0446,1,132.64,132.64
HITM0007748,HORD002450,PRD0115,1,678.71,678.71
HITM0007749,HORD002451,PRD0464,1,3820.07,3820.07
HITM0007750,HORD002451,PRD0910,1,19.2,19.2
HITM0007751,HORD002451,PRD0812,1,972.39,972.39
HITM0007752,HORD002451,PRD0775,1,545.51,545.51
HITM0007753,HORD002451,PRD0352,2,1200.9,2401.8
HITM0007754,HORD002452,PRD0412,2,383.4,766.8
HITM0007755,HORD002452,PRD0196,1,483.11,483.11
HITM0007756,HORD002452,PRD0515,1,1139.31,1139.31
HITM0007757,HORD002452,PRD0484,1,1093.53,1093.53
HITM0007758,HORD002453,PRD0171,1,2618.35,2618.35
HITM0007759,HORD002453,PRD0957,1,1732.9,1732.9
HITM0007760,HORD002453,PRD0446,2,132.64,265.28
HITM0007761,HORD002454,PRD0352,1,1200.9,1200.9
HITM0007762,HORD002454,PRD0136,1,360.6,360.6
HITM0007763,HORD002454,PRD0955,2,56.91,113.82
HITM0007764,HORD002455,PRD0065,1,515.94,515.94
HITM0007765,HORD002455,PRD0672,1,1330.59,1330.59
HITM0007766,HORD002455,PRD0261,1,1185.43,1185.43
HITM0007767,HORD002456,PRD0416,1,420.25,420.25
HITM0007768,HORD002456,PRD0650,1,233.76,233.76
HITM0007769,HORD002457,PRD1000,1,120.72,120.72
HITM0007770,HORD002458,PRD0586,1,110.38,110.38
HITM0007771,HORD002458,PRD0407,1,607.64,607.64
HITM0007772,HORD002458,PRD0935,1,41.85,41.85
HITM0007773,HORD002459,PRD0033,1,884.6,884.6
HITM0007774,HORD002459,PRD0651,1,2713.88,2713.88
HITM0007775,HORD002459,PRD0303,1,1580.3,1580.3
HITM0007776,HORD002459,PRD0722,1,373.93,373.93
HITM0007777,HORD002460,PRD0294,1,2659.23,2659.23
HITM0007778,HORD002460,PRD0655,1,261.66,261.66
HITM0007779,HORD002460,PRD0952,3,550.92,1652.76
HITM0007780,HORD002460,PRD0429,1,1195.52,1195.52
HITM0007781,HORD002461,PRD0470,1,116.53,116.53
HITM0007782,HORD002461,PRD0041,1,3199.1,3199.1
HITM0007783,HORD002461,PRD0615,1,965.84,965.84
HITM0007784,HORD002461,PRD0743,1,1557.24,1557.24
HITM0007785,HORD002461,PRD0066,3,66.71,200.13
HITM0007786,HORD002462,PRD0990,3,268.68,806.04
HITM0007787,HORD002462,PRD0190,1,274.29,274.29
HITM0007788,HORD002463,PRD0797,1,850.77,850.77
HITM0007789,HORD002463,PRD0685,1,963.7,963.7
HITM0007790,HORD002463,PRD0580,2,180.48,360.96
HITM0007791,HORD002464,PRD0350,1,175.83,175.83
HITM0007792,HORD002464,PRD0726,1,479.51,479.51
HITM0007793,HORD002464,PRD0407,1,607.64,607.64
HITM0007794,HORD002465,PRD0601,1,2323.87,2323.87
HITM0007795,HORD002466,PRD0725,1,107.02,107.02
HITM0007796,HORD002466,PRD0810,1,325.73,325.73
HITM0007797,HORD002467,PRD0258,3,649.82,1949.46
HITM0007798,HORD002467,PRD0325,1,926.64,926.64
HITM0007799,HORD002468,PRD0400,1,158.67,158.67
HITM0007800,HORD002468,PRD0676,1,499.99,499.99
HITM0007801,HORD002468,PRD0463,2,1498.56,2997.12
HITM0007802,HORD002469,PRD0870,1,370.25,370.25
HITM0007803,HORD002469,PRD0004,1,468.81,468.81
HITM0007804,HORD002469,PRD0685,3,963.7,2891.1
HITM0007805,HORD002470,PRD0818,1,1065.11,1065.11
HITM0007806,HORD002470,PRD0592,2,471.73,943.46
HITM0007807,HORD002470,PRD0357,1,2299.18,2299.18
HITM0007808,HORD002470,PRD0901,1,1092.12,1092.12
HITM0007809,HORD002471,PRD0980,1,286.55,286.55
HITM0007810,HORD002471,PRD0356,1,215.96,215.96
HITM0007811,HORD002472,PRD0108,1,462.45,462.45
HITM0007812,HORD002472,PRD0612,1,1688.14,1688.14
HITM0007813,HORD002472,PRD0644,1,2975.58,2975.58
HITM0007814,HORD002473,PRD1000,1,120.72,120.72
HITM0007815,HORD002473,PRD0673,2,1159.13,2318.26
HITM0007816,HORD002473,PRD0735,1,557.24,557.24
HITM0007817,HORD002474,PRD0162,1,1783.95,1783.95
HITM0007818,HORD002474,PRD0430,1,126.46,126.46
HITM0007819,HORD002474,PRD0967,1,530.38,530.38
HITM0007820,HORD002475,PRD0644,1,2975.58,2975.58
HITM0007821,HORD002475,PRD0032,2,581.78,1163.56
HITM0007822,HORD002475,PRD0685,1,963.7,963.7
HITM0007823,HORD002476,PRD0440,1,57.41,57.41
HITM0007824,HORD002476,PRD0727,1,1874.18,1874.18
HITM0007825,HORD002476,PRD0052,1,1050.73,1050.73
HITM0007826,HORD002476,PRD0258,2,649.82,1299.64
HITM0007827,HORD002477,PRD0862,3,1164.81,3494.43
HITM0007828,HORD002477,PRD0458,1,960.04,960.04
HITM0007829,HORD002478,PRD0072,1,713.12,713.12
HITM0007830,HORD002478,PRD0988,2,236.45,472.9
HITM0007831,HORD002479,PRD0759,1,1012.36,1012.36
HITM0007832,HORD002479,PRD0133,1,772.02,772.02
HITM0007833,HORD002480,PRD0925,1,327.94,327.94
HITM0007834,HORD002480,PRD0079,1,1319.99,1319.99
HITM0007835,HORD002480,PRD0017,1,1611.29,1611.29
HITM0007836,HORD002480,PRD0433,1,983.68,983.68
HITM0007837,HORD002481,PRD0346,2,291.88,583.76
HITM0007838,HORD002481,PRD0844,2,1595.23,3190.46
HITM0007839,HORD002481,PRD0446,1,132.64,132.64
HITM0007840,HORD002481,PRD0493,1,1091.53,1091.53
HITM0007841,HORD002481,PRD0201,1,2237.43,2237.43
HITM0007842,HORD002482,PRD0142,2,1647.71,3295.42
HITM0007843,HORD002482,PRD0696,1,137.51,137.51
HITM0007844,HORD002482,PRD0620,2,220.61,441.22
HITM0007845,HORD002482,PRD0868,3,956.14,2868.42
HITM0007846,HORD002483,PRD0548,1,957.21,957.21
HITM0007847,HORD002483,PRD0536,1,274.78,274.78
HITM0007848,HORD002484,PRD0885,3,689.68,2069.04
HITM0007849,HORD002484,PRD0168,1,654.31,654.31
HITM0007850,HORD002484,PRD0359,1,597.95,597.95
HITM0007851,HORD002484,PRD0986,3,445.06,1335.18
HITM0007852,HORD002485,PRD0058,1,137.85,137.85
HITM0007853,HORD002485,PRD0182,1,680.44,680.44
HITM0007854,HORD002485,PRD0909,1,167.36,167.36
HITM0007855,HORD002485,PRD0305,1,260.29,260.29
HITM0007856,HORD002485,PRD0079,1,1319.99,1319.99
HITM0007857,HORD002486,PRD0210,1,389.28,389.28
HITM0007858,HORD002486,PRD0268,2,395.01,790.02
HITM0007859,HORD002486,PRD0164,1,1650.2,1650.2
HITM0007860,HORD002486,PRD0576,2,30.87,61.74
HITM0007861,HORD002487,PRD0444,1,617.76,617.76
HITM0007862,HORD002487,PRD0650,1,233.76,233.76
HITM0007863,HORD002487,PRD0697,1,2301.55,2301.55
HITM0007864,HORD002488,PRD0599,1,854.55,854.55
HITM0007865,HORD002489,PRD0531,1,2292.33,2292.33
HITM0007866,HORD002489,PRD0440,1,57.41,57.41
HITM0007867,HORD002490,PRD0980,3,286.55,859.65
HITM0007868,HORD002490,PRD0373,1,664.52,664.52
HITM0007869,HORD002490,PRD0640,1,415.26,415.26
HITM0007870,HORD002490,PRD0971,2,2276.46,4552.92
HITM0007871,HORD002491,PRD0446,1,132.64,132.64
HITM0007872,HORD002492,PRD0139,1,1416.61,1416.61
HITM0007873,HORD002492,PRD0251,2,2656.31,5312.62
HITM0007874,HORD002492,PRD0359,2,597.95,1195.9
HITM0007875,HORD002492,PRD0099,1,245.95,245.95
HITM0007876,HORD002493,PRD0540,2,369.8,739.6
HITM0007877,HORD002493,PRD0184,1,685.26,685.26
HITM0007878,HORD002493,PRD0792,3,1199.37,3598.11
HITM0007879,HORD002493,PRD0029,1,476.78,476.78
HITM0007880,HORD002494,PRD0936,1,214.36,214.36
HITM0007881,HORD002494,PRD0867,1,500.96,500.96
HITM0007882,HORD002495,PRD0461,1,1664.1,1664.1
HITM0007883,HORD002495,PRD0588,1,828.34,828.34
HITM0007884,HORD002495,PRD0316,2,640.98,1281.96
HITM0007885,HORD002495,PRD0495,1,1086.82,1086.82
HITM0007886,HORD002496,PRD0210,2,389.28,778.56
HITM0007887,HORD002496,PRD0645,3,206.79,620.37
HITM0007888,HORD002496,PRD0558,1,1044.96,1044.96
HITM0007889,HORD002496,PRD0596,2,846.46,1692.92
HITM0007890,HORD002497,PRD0161,1,1855.03,1855.03
HITM0007891,HORD002497,PRD0066,1,66.71,66.71
HITM0007892,HORD002498,PRD0554,1,2812.01,2812.01
HITM0007893,HORD002498,PRD0675,2,98.97,197.94
HITM0007894,HORD002499,PRD0244,1,847.84,847.84
HITM0007895,HORD002499,PRD0700,2,105.41,210.82
HITM0007896,HORD002499,PRD0761,1,2207.59,2207.59
HITM0007897,HORD002499,PRD0608,1,607.93,607.93
HITM0007898,HORD002500,PRD0794,1,464.13,464.13
HITM0007899,HORD002500,PRD0440,3,57.41,172.23
HITM0007900,HORD002500,PRD0731,2,1026.14,2052.28
HITM0007901,HORD002501,PRD0935,1,41.85,41.85
HITM0007902,HORD002501,PRD0027,1,615.88,615.88
HITM0007903,HORD002501,PRD0580,1,180.48,180.48
HITM0007904,HORD002501,PRD0460,1,250.7,250.7
HITM0007905,HORD002502,PRD0652,1,1180.91,1180.91
HITM0007906,HORD002502,PRD0842,1,1418.63,1418.63
HITM0007907,HORD002502,PRD0533,1,367.95,367.95
HITM0007908,HORD002502,PRD0822,1,1374.65,1374.65
HITM0007909,HORD002503,PRD0346,1,291.88,291.88
HITM0007910,HORD002503,PRD0817,1,2143.54,2143.54
HITM0007911,HORD002503,PRD0679,1,1370.51,1370.51
HITM0007912,HORD002504,PRD0044,1,2873.82,2873.82
HITM0007913,HORD002504,PRD0759,1,1012.36,1012.36
HITM0007914,HORD002504,PRD0156,2,402.17,804.34
HITM0007915,HORD002505,PRD0332,1,896.69,896.69
HITM0007916,HORD002505,PRD0290,2,151.92,303.84
HITM0007917,HORD002506,PRD0481,2,2924.28,5848.56
HITM0007918,HORD002506,PRD0612,1,1688.14,1688.14
HITM0007919,HORD002506,PRD0144,1,2737.49,2737.49
HITM0007920,HORD002507,PRD0996,2,643.77,1287.54
HITM0007921,HORD002507,PRD0292,1,1683.43,1683.43
HITM0007922,HORD002507,PRD0354,2,2902.62,5805.24
HITM0007923,HORD002508,PRD0830,1,57.62,57.62
HITM0007924,HORD002509,PRD0647,3,818.2,2454.6
HITM0007925,HORD002510,PRD0215,1,273.66,273.66
HITM0007926,HORD002510,PRD0689,2,1230.12,2460.24
HITM0007927,HORD002510,PRD0717,1,550.74,550.74
HITM0007928,HORD002511,PRD0023,3,620.72,1862.16
HITM0007929,HORD002511,PRD0029,1,476.78,476.78
HITM0007930,HORD002512,PRD0940,1,200.38,200.38
HITM0007931,HORD002512,PRD0037,1,1207.21,1207.21
HITM0007932,HORD002512,PRD0686,1,654.4,654.4
HITM0007933,HORD002512,PRD0876,1,61.28,61.28
HITM0007934,HORD002513,PRD0115,1,678.71,678.71
HITM0007935,HORD002513,PRD0935,2,41.85,83.7
HITM0007936,HORD002513,PRD0870,1,370.25,370.25
HITM0007937,HORD002513,PRD0842,1,1418.63,1418.63
HITM0007938,HORD002514,PRD0934,2,4104.95,8209.9
HITM0007939,HORD002514,PRD0015,1,828.91,828.91
HITM0007940,HORD002514,PRD0250,1,79.79,79.79
HITM0007941,HORD002515,PRD0489,1,1207.96,1207.96
HITM0007942,HORD002515,PRD0898,1,272.18,272.18
HITM0007943,HORD002515,PRD0660,2,15.31,30.62
HITM0007944,HORD002516,PRD0236,2,131.33,262.66
HITM0007945,HORD002516,PRD0520,2,298.12,596.24
HITM0007946,HORD002516,PRD0653,2,608.0,1216.0
HITM0007947,HORD002517,PRD0008,1,146.16,146.16
HITM0007948,HORD002517,PRD0790,1,110.86,110.86
HITM0007949,HORD002518,PRD0913,1,570.08,570.08
HITM0007950,HORD002519,PRD0162,1,1783.95,1783.95
HITM0007951,HORD002520,PRD0520,1,298.12,298.12
HITM0007952,HORD002520,PRD0358,1,1013.74,1013.74
HITM0007953,HORD002520,PRD0492,1,961.25,961.25
HITM0007954,HORD002521,PRD0696,1,137.51,137.51
HITM0007955,HORD002521,PRD0391,1,1914.32,1914.32
HITM0007956,HORD002521,PRD0374,2,1846.98,3693.96
HITM0007957,HORD002521,PRD0740,1,326.46,326.46
HITM0007958,HORD002522,PRD0909,2,167.36,334.72
HITM0007959,HORD002522,PRD0696,1,137.51,137.51
HITM0007960,HORD002523,PRD0386,1,703.44,703.44
HITM0007961,HORD002523,PRD0155,1,372.71,372.71
HITM0007962,HORD002523,PRD0074,1,587.22,587.22
HITM0007963,HORD002524,PRD0758,1,282.47,282.47
HITM0007964,HORD002524,PRD0749,1,529.95,529.95
HITM0007965,HORD002524,PRD0509,1,306.02,306.02
HITM0007966,HORD002525,PRD0481,2,2924.28,5848.56
HITM0007967,HORD002525,PRD0772,1,1357.22,1357.22
HITM0007968,HORD002526,PRD0935,1,41.85,41.85
HITM0007969,HORD002526,PRD0266,2,667.96,1335.92
HITM0007970,HORD002526,PRD0955,1,56.91,56.91
HITM0007971,HORD002527,PRD0919,1,202.1,202.1
HITM0007972,HORD002527,PRD0776,1,143.41,143.41
HITM0007973,HORD002528,PRD0164,1,1650.2,1650.2
HITM0007974,HORD002528,PRD0636,1,801.41,801.41
HITM0007975,HORD002528,PRD0176,1,408.12,408.12
HITM0007976,HORD002529,PRD0650,2,233.76,467.52
HITM0007977,HORD002529,PRD0542,1,1746.75,1746.75
HITM0007978,HORD002530,PRD0131,1,2047.43,2047.43
HITM0007979,HORD002530,PRD0188,2,936.44,1872.88
HITM0007980,HORD002530,PRD0414,2,1024.71,2049.42
HITM0007981,HORD002531,PRD0684,1,2250.74,2250.74
HITM0007982,HORD002531,PRD0592,1,471.73,471.73
HITM0007983,HORD002532,PRD0184,1,685.26,685.26
HITM0007984,HORD002532,PRD0177,1,1856.25,1856.25
HITM0007985,HORD002532,PRD0853,1,1558.78,1558.78
HITM0007986,HORD002533,PRD0700,2,105.41,210.82
HITM0007987,HORD002533,PRD0738,1,778.08,778.08
HITM0007988,HORD002533,PRD0082,1,1853.06,1853.06
HITM0007989,HORD002533,PRD0130,1,234.4,234.4
HITM0007990,HORD002534,PRD0409,1,178.56,178.56
HITM0007991,HORD002534,PRD0556,1,177.48,177.48
HITM0007992,HORD002535,PRD0378,1,472.12,472.12
HITM0007993,HORD002536,PRD0518,1,365.35,365.35
HITM0007994,HORD002536,PRD0602,1,1093.07,1093.07
HITM0007995,HORD002536,PRD0081,1,1506.97,1506.97
HITM0007996,HORD002536,PRD0029,2,476.78,953.56
HITM0007997,HORD002537,PRD0125,1,517.12,517.12
HITM0007998,HORD002537,PRD0176,1,408.12,408.12
HITM0007999,HORD002537,PRD0336,1,657.61,657.61
HITM0008000,HORD002537,PRD0702,1,1587.86,1587.86
HITM0008001,HORD002538,PRD0212,1,369.65,369.65
HITM0008002,HORD002538,PRD0313,2,1109.77,2219.54
HITM0008003,HORD002538,PRD0796,2,214.68,429.36
HITM0008004,HORD002539,PRD0529,1,915.61,915.61
HITM0008005,HORD002539,PRD0512,1,1057.04,1057.04
HITM0008006,HORD002539,PRD0186,1,280.16,280.16
HITM0008007,HORD002540,PRD0876,1,61.28,61.28
HITM0008008,HORD002540,PRD0918,1,270.82,270.82
HITM0008009,HORD002540,PRD0005,1,503.71,503.71
HITM0008010,HORD002540,PRD0295,1,1095.89,1095.89
HITM0008011,HORD002541,PRD0236,1,131.33,131.33
HITM0008012,HORD002541,PRD0682,1,1238.87,1238.87
HITM0008013,HORD002542,PRD0144,1,2737.49,2737.49
HITM0008014,HORD002542,PRD0858,1,188.42,188.42
HITM0008015,HORD002542,PRD0010,2,386.41,772.82
HITM0008016,HORD002542,PRD0148,1,457.28,457.28
HITM0008017,HORD002542,PRD0585,2,81.84,163.68
HITM0008018,HORD002543,PRD0226,1,497.16,497.16
HITM0008019,HORD002543,PRD0957,1,1732.9,1732.9
HITM0008020,HORD002543,PRD0102,1,1075.3,1075.3
HITM0008021,HORD002544,PRD0904,3,1097.17,3291.51
HITM0008022,HORD002544,PRD0699,1,508.79,508.79
HITM0008023,HORD002544,PRD0287,2,2324.3,4648.6
HITM0008024,HORD002545,PRD0300,1,305.18,305.18
HITM0008025,HORD002545,PRD0378,1,472.12,472.12
HITM0008026,HORD002545,PRD0117,1,684.24,684.24
HITM0008027,HORD002545,PRD0992,2,1671.9,3343.8
HITM0008028,HORD002546,PRD0139,1,1416.61,1416.61
HITM0008029,HORD002546,PRD0363,1,554.22,554.22
HITM0008030,HORD002547,PRD0195,2,89.95,179.9
HITM0008031,HORD002547,PRD0104,1,1407.8,1407.8
HITM0008032,HORD002547,PRD0346,1,291.88,291.88
HITM0008033,HORD002548,PRD0325,1,926.64,926.64
HITM0008034,HORD002549,PRD0923,1,819.32,819.32
HITM0008035,HORD002549,PRD0235,1,452.44,452.44
HITM0008036,HORD002549,PRD0219,1,227.25,227.25
HITM0008037,HORD002550,PRD0342,2,771.91,1543.82
HITM0008038,HORD002550,PRD0014,1,953.24,953.24
HITM0008039,HORD002550,PRD0400,1,158.67,158.67
HITM0008040,HORD002551,PRD0504,1,3043.58,3043.58
HITM0008041,HORD002551,PRD0576,2,30.87,61.74
HITM0008042,HORD002551,PRD0481,1,2924.28,2924.28
HITM0008043,HORD002551,PRD0867,3,500.96,1502.88
HITM0008044,HORD002552,PRD0072,1,713.12,713.12
HITM0008045,HORD002553,PRD0115,2,678.71,1357.42
HITM0008046,HORD002553,PRD0422,2,1345.12,2690.24
HITM0008047,HORD002553,PRD0876,2,61.28,122.56
HITM0008048,HORD002554,PRD0278,1,623.42,623.42
HITM0008049,HORD002554,PRD0440,1,57.41,57.41
HITM0008050,HORD002554,PRD0315,1,197.15,197.15
HITM0008051,HORD002555,PRD0410,2,212.08,424.16
HITM0008052,HORD002555,PRD0562,1,1226.97,1226.97
HITM0008053,HORD002555,PRD0850,1,312.03,312.03
HITM0008054,HORD002556,PRD0242,2,390.52,781.04
HITM0008055,HORD002556,PRD0228,1,121.94,121.94
HITM0008056,HORD002556,PRD0145,3,564.49,1693.47
HITM0008057,HORD002557,PRD0648,1,469.36,469.36
HITM0008058,HORD002557,PRD0186,2,280.16,560.32
HITM0008059,HORD002557,PRD0251,1,2656.31,2656.31
HITM0008060,HORD002558,PRD0910,2,19.2,38.4
HITM0008061,HORD002558,PRD0994,1,916.4,916.4
HITM0008062,HORD002559,PRD0231,1,1674.19,1674.19
HITM0008063,HORD002559,PRD0384,1,2615.99,2615.99
HITM0008064,HORD002560,PRD0490,3,337.69,1013.07
HITM0008065,HORD002560,PRD0606,1,556.12,556.12
HITM0008066,HORD002560,PRD0509,1,306.02,306.02
HITM0008067,HORD002560,PRD0106,1,40.68,40.68
HITM0008068,HORD002561,PRD0897,1,368.24,368.24
HITM0008069,HORD002561,PRD0654,1,2311.57,2311.57
HITM0008070,HORD002561,PRD0942,1,500.96,500.96
HITM0008071,HORD002561,PRD0660,1,15.31,15.31
HITM0008072,HORD002562,PRD0466,1,520.19,520.19
HITM0008073,HORD002562,PRD0811,1,1099.78,1099.78
HITM0008074,HORD002562,PRD0775,1,545.51,545.51
HITM0008075,HORD002562,PRD0793,1,476.45,476.45
HITM0008076,HORD002562,PRD0715,1,61.65,61.65
HITM0008077,HORD002563,PRD0236,1,131.33,131.33
HITM0008078,HORD002563,PRD0188,1,936.44,936.44
HITM0008079,HORD002563,PRD0493,2,1091.53,2183.06
HITM0008080,HORD002563,PRD0442,1,1331.04,1331.04
HITM0008081,HORD002564,PRD0193,2,596.94,1193.88
HITM0008082,HORD002564,PRD0417,1,1281.86,1281.86
HITM0008083,HORD002565,PRD0469,1,710.35,710.35
HITM0008084,HORD002565,PRD0378,1,472.12,472.12
HITM0008085,HORD002565,PRD0455,1,679.95,679.95
HITM0008086,HORD002566,PRD0009,1,1213.1,1213.1
HITM0008087,HORD002566,PRD0046,1,355.51,355.51
HITM0008088,HORD002566,PRD0274,1,2425.87,2425.87
HITM0008089,HORD002567,PRD0029,2,476.78,953.56
HITM0008090,HORD002567,PRD0448,1,974.99,974.99
HITM0008091,HORD002567,PRD0667,1,1136.29,1136.29
HITM0008092,HORD002568,PRD0895,1,1012.5,1012.5
HITM0008093,HORD002568,PRD0287,2,2324.3,4648.6
HITM0008094,HORD002568,PRD0524,1,3613.52,3613.52
HITM0008095,HORD002568,PRD0218,1,637.83,637.83
HITM0008096,HORD002569,PRD0029,1,476.78,476.78
HITM0008097,HORD002569,PRD0467,1,1381.47,1381.47
HITM0008098,HORD002569,PRD0746,1,683.7,683.7
HITM0008099,HORD002569,PRD0405,1,146.11,146.11
HITM0008100,HORD002570,PRD0769,1,333.15,333.15
HITM0008101,HORD002570,PRD0944,1,2849.2,2849.2
HITM0008102,HORD002570,PRD0909,1,167.36,167.36
HITM0008103,HORD002571,PRD0405,2,146.11,292.22
HITM0008104,HORD002571,PRD0414,1,1024.71,1024.71
HITM0008105,HORD002571,PRD0439,1,1460.48,1460.48
HITM0008106,HORD002572,PRD0839,1,1311.55,1311.55
HITM0008107,HORD002572,PRD0042,1,1502.85,1502.85
HITM0008108,HORD002573,PRD0976,1,838.03,838.03
HITM0008109,HORD002573,PRD0686,2,654.4,1308.8
HITM0008110,HORD002573,PRD0799,1,246.05,246.05
HITM0008111,HORD002573,PRD0373,1,664.52,664.52
HITM0008112,HORD002574,PRD0823,1,631.56,631.56
HITM0008113,HORD002574,PRD0218,1,637.83,637.83
HITM0008114,HORD002574,PRD0830,1,57.62,57.62
HITM0008115,HORD002574,PRD0968,1,409.17,409.17
HITM0008116,HORD002575,PRD0215,3,273.66,820.98
HITM0008117,HORD002575,PRD0921,1,2084.12,2084.12
HITM0008118,HORD002575,PRD0760,1,145.6,145.6
HITM0008119,HORD002575,PRD0409,1,178.56,178.56
HITM0008120,HORD002576,PRD0692,1,488.18,488.18
HITM0008121,HORD002577,PRD0425,1,615.94,615.94
HITM0008122,HORD002577,PRD0898,1,272.18,272.18
HITM0008123,HORD002577,PRD0287,1,2324.3,2324.3
HITM0008124,HORD002577,PRD0929,1,897.78,897.78
HITM0008125,HORD002577,PRD0416,2,420.25,840.5
HITM0008126,HORD002578,PRD0298,1,724.89,724.89
HITM0008127,HORD002578,PRD0422,1,1345.12,1345.12
HITM0008128,HORD002578,PRD0913,1,570.08,570.08
HITM0008129,HORD002579,PRD0433,2,983.68,1967.36
HITM0008130,HORD002579,PRD0880,1,148.01,148.01
HITM0008131,HORD002579,PRD0822,1,1374.65,1374.65
HITM0008132,HORD002579,PRD0936,1,214.36,214.36
HITM0008133,HORD002580,PRD0011,1,1160.31,1160.31
HITM0008134,HORD002580,PRD0847,2,370.04,740.08
HITM0008135,HORD002580,PRD0134,3,1214.25,3642.75
HITM0008136,HORD002580,PRD0893,1,739.92,739.92
HITM0008137,HORD002581,PRD0236,1,131.33,131.33
HITM0008138,HORD002581,PRD0097,1,2221.25,2221.25
HITM0008139,HORD002581,PRD0126,1,273.65,273.65
HITM0008140,HORD002582,PRD0780,2,94.47,188.94
HITM0008141,HORD002582,PRD0490,2,337.69,675.38
HITM0008142,HORD002583,PRD0438,1,185.01,185.01
HITM0008143,HORD002583,PRD0085,1,477.42,477.42
HITM0008144,HORD002583,PRD0618,3,421.89,1265.67
HITM0008145,HORD002583,PRD0800,2,274.87,549.74
HITM0008146,HORD002584,PRD0517,1,466.6,466.6
HITM0008147,HORD002584,PRD0819,2,282.56,565.12
HITM0008148,HORD002585,PRD0463,2,1498.56,2997.12
HITM0008149,HORD002585,PRD0066,1,66.71,66.71
HITM0008150,HORD002586,PRD0433,1,983.68,983.68
HITM0008151,HORD002587,PRD0242,1,390.52,390.52
HITM0008152,HORD002587,PRD0605,1,903.46,903.46
HITM0008153,HORD002587,PRD0197,1,179.71,179.71
HITM0008154,HORD002587,PRD0260,1,386.46,386.46
HITM0008155,HORD002588,PRD0650,1,233.76,233.76
HITM0008156,HORD002588,PRD0882,1,404.51,404.51
HITM0008157,HORD002588,PRD0486,2,297.99,595.98
HITM0008158,HORD002589,PRD0982,1,973.58,973.58
HITM0008159,HORD002589,PRD0148,1,457.28,457.28
HITM0008160,HORD002589,PRD0818,1,1065.11,1065.11
HITM0008161,HORD002589,PRD0910,2,19.2,38.4
HITM0008162,HORD002590,PRD0745,1,882.2,882.2
HITM0008163,HORD002590,PRD0105,1,431.76,431.76
HITM0008164,HORD002590,PRD0990,2,268.68,537.36
HITM0008165,HORD002590,PRD0362,1,1217.27,1217.27
HITM0008166,HORD002590,PRD0473,1,1395.59,1395.59
HITM0008167,HORD002591,PRD0586,3,110.38,331.14
HITM0008168,HORD002591,PRD0614,1,2379.02,2379.02
HITM0008169,HORD002591,PRD0158,1,561.62,561.62
HITM0008170,HORD002591,PRD0690,1,30.42,30.42
HITM0008171,HORD002592,PRD0327,1,1792.58,1792.58
HITM0008172,HORD002592,PRD0510,1,176.33,176.33
HITM0008173,HORD002592,PRD0116,1,333.11,333.11
HITM0008174,HORD002593,PRD0197,1,179.71,179.71
HITM0008175,HORD002593,PRD0868,1,956.14,956.14
HITM0008176,HORD002593,PRD0717,1,550.74,550.74
HITM0008177,HORD002594,PRD0149,1,427.78,427.78
HITM0008178,HORD002594,PRD0317,2,2234.93,4469.86
HITM0008179,HORD002594,PRD0987,1,1413.83,1413.83
HITM0008180,HORD002595,PRD0467,1,1381.47,1381.47
HITM0008181,HORD002595,PRD0890,1,279.59,279.59
HITM0008182,HORD002596,PRD0478,1,948.58,948.58
HITM0008183,HORD002596,PRD0151,1,3024.81,3024.81
HITM0008184,HORD002596,PRD0430,1,126.46,126.46
HITM0008185,HORD002597,PRD0080,2,15.23,30.46
HITM0008186,HORD002597,PRD0753,1,272.68,272.68
HITM0008187,HORD002597,PRD0658,1,471.69,471.69
HITM0008188,HORD002598,PRD0358,1,1013.74,1013.74
HITM0008189,HORD002598,PRD0923,2,819.32,1638.64
HITM0008190,HORD002598,PRD0011,1,1160.31,1160.31
HITM0008191,HORD002599,PRD0030,1,360.75,360.75
HITM0008192,HORD002600,PRD0779,1,621.7,621.7
HITM0008193,HORD002600,PRD0247,1,694.04,694.04
HITM0008194,HORD002601,PRD0009,1,1213.1,1213.1
HITM0008195,HORD002601,PRD0741,1,1525.47,1525.47
HITM0008196,HORD002601,PRD0455,1,679.95,679.95
HITM0008197,HORD002602,PRD0335,1,439.66,439.66
HITM0008198,HORD002602,PRD0156,1,402.17,402.17
HITM0008199,HORD002603,PRD0589,1,241.6,241.6
HITM0008200,HORD002603,PRD0947,1,451.51,451.51
HITM0008201,HORD002603,PRD0575,1,177.67,177.67
HITM0008202,HORD002604,PRD0224,1,3534.57,3534.57
HITM0008203,HORD002604,PRD1000,1,120.72,120.72
HITM0008204,HORD002604,PRD0490,1,337.69,337.69
HITM0008205,HORD002604,PRD0343,1,1104.21,1104.21
HITM0008206,HORD002604,PRD0162,2,1783.95,3567.9
HITM0008207,HORD002605,PRD0178,2,184.26,368.52
HITM0008208,HORD002605,PRD0030,2,360.75,721.5
HITM0008209,HORD002605,PRD0457,1,1014.79,1014.79
HITM0008210,HORD002606,PRD0532,1,1430.86,1430.86
HITM0008211,HORD002606,PRD0505,1,967.54,967.54
HITM0008212,HORD002606,PRD0309,1,1023.7,1023.7
HITM0008213,HORD002606,PRD0676,1,499.99,499.99
HITM0008214,HORD002606,PRD0588,1,828.34,828.34
HITM0008215,HORD002607,PRD0873,1,343.79,343.79
HITM0008216,HORD002607,PRD0229,1,963.55,963.55
HITM0008217,HORD002607,PRD0699,1,508.79,508.79
HITM0008218,HORD002607,PRD0495,1,1086.82,1086.82
HITM0008219,HORD002608,PRD0212,2,369.65,739.3
HITM0008220,HORD002608,PRD0255,1,718.45,718.45
HITM0008221,HORD002608,PRD0488,1,658.75,658.75
HITM0008222,HORD002609,PRD0594,1,2046.58,2046.58
HITM0008223,HORD002609,PRD0558,1,1044.96,1044.96
HITM0008224,HORD002609,PRD0279,1,165.58,165.58
HITM0008225,HORD002610,PRD0409,1,178.56,178.56
HITM0008226,HORD002610,PRD0668,1,982.03,982.03
HITM0008227,HORD002610,PRD0212,1,369.65,369.65
HITM0008228,HORD002610,PRD0857,1,998.5,998.5
HITM0008229,HORD002611,PRD0609,1,510.8,510.8
HITM0008230,HORD002611,PRD0624,1,588.21,588.21
HITM0008231,HORD002612,PRD0541,2,3125.61,6251.22
HITM0008232,HORD002613,PRD0569,1,238.57,238.57
HITM0008233,HORD002613,PRD0905,3,951.23,2853.69
HITM0008234,HORD002613,PRD0282,1,641.72,641.72
HITM0008235,HORD002614,PRD0654,1,2311.57,2311.57
HITM0008236,HORD002614,PRD0066,1,66.71,66.71
HITM0008237,HORD002615,PRD0096,1,327.95,327.95
HITM0008238,HORD002616,PRD0812,1,972.39,972.39
HITM0008239,HORD002616,PRD0725,1,107.02,107.02
HITM0008240,HORD002616,PRD0809,1,217.32,217.32
HITM0008241,HORD002617,PRD0304,1,966.94,966.94
HITM0008242,HORD002617,PRD0132,1,1616.97,1616.97
HITM0008243,HORD002617,PRD0226,1,497.16,497.16
HITM0008244,HORD002617,PRD0104,1,1407.8,1407.8
HITM0008245,HORD002618,PRD0332,2,896.69,1793.38
HITM0008246,HORD002618,PRD0510,2,176.33,352.66
HITM0008247,HORD002619,PRD0250,1,79.79,79.79
HITM0008248,HORD002619,PRD0700,1,105.41,105.41
HITM0008249,HORD002619,PRD0436,3,525.13,1575.39
HITM0008250,HORD002619,PRD0466,1,520.19,520.19
HITM0008251,HORD002619,PRD0066,1,66.71,66.71
HITM0008252,HORD002620,PRD0589,1,241.6,241.6
HITM0008253,HORD002620,PRD0179,1,769.0,769.0
HITM0008254,HORD002620,PRD0050,1,56.24,56.24
HITM0008255,HORD002620,PRD0008,1,146.16,146.16
HITM0008256,HORD002620,PRD0032,1,581.78,581.78
HITM0008257,HORD002621,PRD0289,1,553.34,553.34
HITM0008258,HORD002621,PRD0405,1,146.11,146.11
HITM0008259,HORD002621,PRD0545,1,219.94,219.94
HITM0008260,HORD002621,PRD0543,1,303.53,303.53
HITM0008261,HORD002622,PRD0748,1,147.02,147.02
HITM0008262,HORD002622,PRD0670,1,152.13,152.13
HITM0008263,HORD002623,PRD0789,2,776.9,1553.8
HITM0008264,HORD002623,PRD0308,1,1088.84,1088.84
HITM0008265,HORD002623,PRD0296,1,767.13,767.13
HITM0008266,HORD002623,PRD0447,1,388.49,388.49
HITM0008267,HORD002624,PRD0851,2,3078.03,6156.06
HITM0008268,HORD002624,PRD0948,1,583.21,583.21
HITM0008269,HORD002625,PRD0929,1,897.78,897.78
HITM0008270,HORD002625,PRD0692,1,488.18,488.18
HITM0008271,HORD002625,PRD0111,2,2227.8,4455.6
HITM0008272,HORD002626,PRD0415,1,78.5,78.5
HITM0008273,HORD002627,PRD0335,2,439.66,879.32
HITM0008274,HORD002627,PRD0956,2,86.17,172.34
HITM0008275,HORD002627,PRD0596,1,846.46,846.46
HITM0008276,HORD002628,PRD0889,1,893.76,893.76
HITM0008277,HORD002628,PRD0228,1,121.94,121.94
HITM0008278,HORD002628,PRD0681,1,963.93,963.93
HITM0008279,HORD002628,PRD0170,1,202.15,202.15
HITM0008280,HORD002629,PRD0778,2,769.84,1539.68
HITM0008281,HORD002629,PRD0079,1,1319.99,1319.99
HITM0008282,HORD002629,PRD0926,1,315.02,315.02
HITM0008283,HORD002629,PRD0180,2,270.59,541.18
HITM0008284,HORD002630,PRD0663,1,337.29,337.29
HITM0008285,HORD002630,PRD0947,1,451.51,451.51
HITM0008286,HORD002630,PRD0412,1,383.4,383.4
HITM0008287,HORD002631,PRD0962,3,1496.58,4489.74
HITM0008288,HORD002632,PRD0258,1,649.82,649.82
HITM0008289,HORD002632,PRD0440,1,57.41,57.41
HITM0008290,HORD002633,PRD0230,1,290.53,290.53
HITM0008291,HORD002633,PRD0440,1,57.41,57.41
HITM0008292,HORD002634,PRD0690,1,30.42,30.42
HITM0008293,HORD002634,PRD0908,1,826.2,826.2
HITM0008294,HORD002634,PRD0950,1,71.67,71.67
HITM0008295,HORD002635,PRD0094,1,627.77,627.77
HITM0008296,HORD002635,PRD0360,1,362.06,362.06
HITM0008297,HORD002635,PRD0590,2,320.53,641.06
HITM0008298,HORD002635,PRD0878,2,453.39,906.78
HITM0008299,HORD002635,PRD0092,1,1139.05,1139.05
HITM0008300,HORD002636,PRD0943,1,862.72,862.72
HITM0008301,HORD002637,PRD0822,1,1374.65,1374.65
HITM0008302,HORD002638,PRD0202,1,1282.0,1282.0
HITM0008303,HORD002638,PRD0827,1,1290.81,1290.81
HITM0008304,HORD002638,PRD0748,1,147.02,147.02
HITM0008305,HORD002638,PRD0066,1,66.71,66.71
HITM0008306,HORD002639,PRD0528,1,386.06,386.06
HITM0008307,HORD002639,PRD0118,1,578.97,578.97
HITM0008308,HORD002639,PRD0612,2,1688.14,3376.28
HITM0008309,HORD002640,PRD0393,1,728.35,728.35
HITM0008310,HORD002641,PRD0832,1,1257.86,1257.86
HITM0008311,HORD002641,PRD0762,2,1038.24,2076.48
HITM0008312,HORD002642,PRD0210,1,389.28,389.28
HITM0008313,HORD002642,PRD0847,1,370.04,370.04
HITM0008314,HORD002642,PRD0269,1,236.51,236.51
HITM0008315,HORD002642,PRD0714,1,2934.49,2934.49
HITM0008316,HORD002643,PRD0914,1,1089.48,1089.48
HITM0008317,HORD002644,PRD0049,1,917.1,917.1
HITM0008318,HORD002644,PRD0592,2,471.73,943.46
HITM0008319,HORD002644,PRD0095,1,697.69,697.69
HITM0008320,HORD002645,PRD0141,1,2256.8,2256.8
HITM0008321,HORD002645,PRD0590,1,320.53,320.53
HITM0008322,HORD002646,PRD0886,1,529.82,529.82
HITM0008323,HORD002647,PRD0091,1,2959.54,2959.54
HITM0008324,HORD002647,PRD0483,1,998.58,998.58
HITM0008325,HORD002647,PRD0918,1,270.82,270.82
HITM0008326,HORD002647,PRD0262,1,973.33,973.33
HITM0008327,HORD002648,PRD0237,3,2383.14,7149.42
HITM0008328,HORD002648,PRD0725,1,107.02,107.02
HITM0008329,HORD002648,PRD0699,1,508.79,508.79
HITM0008330,HORD002649,PRD0788,1,319.54,319.54
HITM0008331,HORD002649,PRD0725,1,107.02,107.02
HITM0008332,HORD002649,PRD0098,1,848.52,848.52
HITM0008333,HORD002649,PRD0801,1,1009.09,1009.09
HITM0008334,HORD002650,PRD0649,1,1306.2,1306.2
HITM0008335,HORD002650,PRD0752,1,1395.28,1395.28
HITM0008336,HORD002650,PRD0610,2,159.67,319.34
HITM0008337,HORD002650,PRD0268,2,395.01,790.02
HITM0008338,HORD002651,PRD0820,2,135.5,271.0
HITM0008339,HORD002651,PRD0021,1,1229.32,1229.32
HITM0008340,HORD002651,PRD0994,3,916.4,2749.2
HITM0008341,HORD002652,PRD0118,3,578.97,1736.91
HITM0008342,HORD002652,PRD0590,1,320.53,320.53
HITM0008343,HORD002653,PRD0960,3,155.66,466.98
HITM0008344,HORD002653,PRD0702,1,1587.86,1587.86
HITM0008345,HORD002654,PRD0653,1,608.0,608.0
HITM0008346,HORD002654,PRD0008,1,146.16,146.16
HITM0008347,HORD002654,PRD0118,2,578.97,1157.94
HITM0008348,HORD002654,PRD0935,1,41.85,41.85
HITM0008349,HORD002655,PRD0217,1,648.29,648.29
HITM0008350,HORD002655,PRD0392,1,647.54,647.54
HITM0008351,HORD002655,PRD0388,2,981.72,1963.44
HITM0008352,HORD002656,PRD0141,1,2256.8,2256.8
HITM0008353,HORD002656,PRD0045,1,124.62,124.62
HITM0008354,HORD002656,PRD0734,2,3509.26,7018.52
HITM0008355,HORD002656,PRD0767,1,2003.56,2003.56
HITM0008356,HORD002657,PRD0249,3,1193.82,3581.46
HITM0008357,HORD002657,PRD0942,1,500.96,500.96
HITM0008358,HORD002657,PRD0156,1,402.17,402.17
HITM0008359,HORD002657,PRD0735,2,557.24,1114.48
HITM0008360,HORD002658,PRD0219,1,227.25,227.25
HITM0008361,HORD002658,PRD0830,1,57.62,57.62
HITM0008362,HORD002658,PRD0798,1,647.08,647.08
HITM0008363,HORD002658,PRD0600,2,198.56,397.12
HITM0008364,HORD002659,PRD0025,1,399.48,399.48
HITM0008365,HORD002659,PRD0568,2,237.73,475.46
HITM0008366,HORD002659,PRD0149,2,427.78,855.56
HITM0008367,HORD002659,PRD0520,1,298.12,298.12
HITM0008368,HORD002659,PRD0436,1,525.13,525.13
HITM0008369,HORD002660,PRD0625,1,1034.61,1034.61
HITM0008370,HORD002660,PRD0595,1,758.18,758.18
HITM0008371,HORD002660,PRD0529,2,915.61,1831.22
HITM0008372,HORD002661,PRD0627,1,869.77,869.77
HITM0008373,HORD002661,PRD0562,1,1226.97,1226.97
HITM0008374,HORD002661,PRD0550,1,178.21,178.21
HITM0008375,HORD002662,PRD0585,1,81.84,81.84
HITM0008376,HORD002662,PRD0749,1,529.95,529.95
HITM0008377,HORD002662,PRD0909,2,167.36,334.72
HITM0008378,HORD002662,PRD0149,1,427.78,427.78
HITM0008379,HORD002663,PRD0152,1,575.19,575.19
HITM0008380,HORD002663,PRD0751,2,2931.11,5862.22
HITM0008381,HORD002663,PRD0676,1,499.99,499.99
HITM0008382,HORD002663,PRD0198,1,736.33,736.33
HITM0008383,HORD002663,PRD0012,1,711.13,711.13
HITM0008384,HORD002664,PRD0256,1,297.13,297.13
HITM0008385,HORD002665,PRD0054,1,2814.02,2814.02
HITM0008386,HORD002665,PRD1000,1,120.72,120.72
HITM0008387,HORD002665,PRD0020,1,254.09,254.09
HITM0008388,HORD002666,PRD0580,1,180.48,180.48
HITM0008389,HORD002667,PRD0333,1,1274.3,1274.3
HITM0008390,HORD002667,PRD0025,1,399.48,399.48
HITM0008391,HORD002667,PRD0429,1,1195.52,1195.52
HITM0008392,HORD002668,PRD0108,1,462.45,462.45
HITM0008393,HORD002668,PRD0988,1,236.45,236.45
HITM0008394,HORD002668,PRD0831,1,2373.29,2373.29
HITM0008395,HORD002668,PRD0787,1,527.32,527.32
HITM0008396,HORD002669,PRD0460,2,250.7,501.4
HITM0008397,HORD002669,PRD0685,1,963.7,963.7
HITM0008398,HORD002669,PRD0894,1,2968.01,2968.01
HITM0008399,HORD002670,PRD0910,1,19.2,19.2
HITM0008400,HORD002670,PRD0222,1,1210.33,1210.33
HITM0008401,HORD002670,PRD0218,2,637.83,1275.66
HITM0008402,HORD002671,PRD0058,1,137.85,137.85
HITM0008403,HORD002672,PRD0677,1,197.41,197.41
HITM0008404,HORD002673,PRD0634,2,2121.75,4243.5
HITM0008405,HORD002673,PRD0711,1,2949.82,2949.82
HITM0008406,HORD002673,PRD0111,2,2227.8,4455.6
HITM0008407,HORD002674,PRD0100,1,206.02,206.02
HITM0008408,HORD002674,PRD0020,1,254.09,254.09
HITM0008409,HORD002674,PRD0219,1,227.25,227.25
HITM0008410,HORD002675,PRD0505,1,967.54,967.54
HITM0008411,HORD002675,PRD0369,1,123.0,123.0
HITM0008412,HORD002675,PRD0192,1,796.68,796.68
HITM0008413,HORD002675,PRD0096,1,327.95,327.95
HITM0008414,HORD002676,PRD0086,1,747.25,747.25
HITM0008415,HORD002676,PRD0548,1,957.21,957.21
HITM0008416,HORD002676,PRD0464,1,3820.07,3820.07
HITM0008417,HORD002676,PRD0438,1,185.01,185.01
HITM0008418,HORD002677,PRD0170,1,202.15,202.15
HITM0008419,HORD002678,PRD0915,1,682.13,682.13
HITM0008420,HORD002678,PRD0623,2,1221.11,2442.22
HITM0008421,HORD002678,PRD0890,1,279.59,279.59
HITM0008422,HORD002678,PRD0838,1,904.43,904.43
HITM0008423,HORD002679,PRD0319,1,882.45,882.45
HITM0008424,HORD002679,PRD0187,1,1875.79,1875.79
HITM0008425,HORD002679,PRD0444,2,617.76,1235.52
HITM0008426,HORD002680,PRD0746,2,683.7,1367.4
HITM0008427,HORD002680,PRD0882,1,404.51,404.51
HITM0008428,HORD002681,PRD0727,1,1874.18,1874.18
HITM0008429,HORD002681,PRD0416,3,420.25,1260.75
HITM0008430,HORD002681,PRD0047,2,425.59,851.18
HITM0008431,HORD002682,PRD0518,2,365.35,730.7
HITM0008432,HORD002682,PRD0940,1,200.38,200.38
HITM0008433,HORD002683,PRD0600,1,198.56,198.56
HITM0008434,HORD002683,PRD0698,1,445.24,445.24
HITM0008435,HORD002683,PRD0357,1,2299.18,2299.18
HITM0008436,HORD002683,PRD0332,1,896.69,896.69
HITM0008437,HORD002684,PRD0277,1,1740.27,1740.27
HITM0008438,HORD002684,PRD0557,2,743.48,1486.96
HITM0008439,HORD002684,PRD0606,1,556.12,556.12
HITM0008440,HORD002684,PRD0422,1,1345.12,1345.12
HITM0008441,HORD002684,PRD0486,1,297.99,297.99
HITM0008442,HORD002685,PRD0710,1,221.52,221.52
HITM0008443,HORD002685,PRD0316,1,640.98,640.98
HITM0008444,HORD002685,PRD0392,1,647.54,647.54
HITM0008445,HORD002686,PRD0357,1,2299.18,2299.18
HITM0008446,HORD002686,PRD0737,2,540.55,1081.1
HITM0008447,HORD002686,PRD0242,1,390.52,390.52
HITM0008448,HORD002687,PRD0630,1,399.15,399.15
HITM0008449,HORD002687,PRD0562,1,1226.97,1226.97
HITM0008450,HORD002687,PRD0580,1,180.48,180.48
HITM0008451,HORD002687,PRD0379,2,722.92,1445.84
HITM0008452,HORD002688,PRD0919,1,202.1,202.1
HITM0008453,HORD002689,PRD0268,1,395.01,395.01
HITM0008454,HORD002690,PRD0109,1,326.84,326.84
HITM0008455,HORD002690,PRD0499,1,253.73,253.73
HITM0008456,HORD002691,PRD0798,1,647.08,647.08
HITM0008457,HORD002691,PRD0408,1,1038.75,1038.75
HITM0008458,HORD002691,PRD0036,1,120.39,120.39
HITM0008459,HORD002692,PRD0710,1,221.52,221.52
HITM0008460,HORD002692,PRD0639,1,912.42,912.42
HITM0008461,HORD002692,PRD0910,1,19.2,19.2
HITM0008462,HORD002693,PRD0961,1,1295.76,1295.76
HITM0008463,HORD002693,PRD0116,1,333.11,333.11
HITM0008464,HORD002694,PRD0265,1,94.03,94.03
HITM0008465,HORD002694,PRD0140,1,394.57,394.57
HITM0008466,HORD002694,PRD0034,2,797.09,1594.18
HITM0008467,HORD002695,PRD0130,1,234.4,234.4
HITM0008468,HORD002695,PRD0394,1,1051.66,1051.66
HITM0008469,HORD002696,PRD0426,1,571.98,571.98
HITM0008470,HORD002696,PRD0706,2,173.61,347.22
HITM0008471,HORD002696,PRD0315,1,197.15,197.15
HITM0008472,HORD002696,PRD0585,2,81.84,163.68
HITM0008473,HORD002697,PRD0912,1,752.42,752.42
HITM0008474,HORD002697,PRD0068,1,331.71,331.71
HITM0008475,HORD002698,PRD0136,1,360.6,360.6
HITM0008476,HORD002698,PRD0337,1,2341.34,2341.34
HITM0008477,HORD002699,PRD0415,1,78.5,78.5
HITM0008478,HORD002699,PRD0531,1,2292.33,2292.33
HITM0008479,HORD002699,PRD0267,1,657.53,657.53
HITM0008480,HORD002699,PRD0748,1,147.02,147.02
HITM0008481,HORD002700,PRD0242,2,390.52,781.04
HITM0008482,HORD002700,PRD0089,1,1041.14,1041.14
HITM0008483,HORD002700,PRD0612,1,1688.14,1688.14
HITM0008484,HORD002701,PRD0737,1,540.55,540.55
HITM0008485,HORD002702,PRD0301,1,1027.91,1027.91
HITM0008486,HORD002702,PRD0748,1,147.02,147.02
HITM0008487,HORD002702,PRD0389,3,452.02,1356.06
HITM0008488,HORD002702,PRD0104,1,1407.8,1407.8
HITM0008489,HORD002702,PRD0491,1,1885.4,1885.4
HITM0008490,HORD002703,PRD0383,1,1128.0,1128.0
HITM0008491,HORD002703,PRD0732,1,1280.4,1280.4
HITM0008492,HORD002703,PRD0431,3,1519.4,4558.2
HITM0008493,HORD002704,PRD0548,2,957.21,1914.42
HITM0008494,HORD002704,PRD0868,1,956.14,956.14
HITM0008495,HORD002704,PRD0867,1,500.96,500.96
HITM0008496,HORD002705,PRD0961,1,1295.76,1295.76
HITM0008497,HORD002705,PRD0188,1,936.44,936.44
HITM0008498,HORD002705,PRD0591,1,2122.13,2122.13
HITM0008499,HORD002705,PRD0193,1,596.94,596.94
HITM0008500,HORD002705,PRD0431,2,1519.4,3038.8
HITM0008501,HORD002706,PRD0456,1,111.78,111.78
HITM0008502,HORD002706,PRD0767,1,2003.56,2003.56
HITM0008503,HORD002706,PRD0014,1,953.24,953.24
HITM0008504,HORD002706,PRD0263,1,590.67,590.67
HITM0008505,HORD002706,PRD0234,2,1058.58,2117.16
HITM0008506,HORD002707,PRD0235,1,452.44,452.44
HITM0008507,HORD002707,PRD0106,2,40.68,81.36
HITM0008508,HORD002707,PRD0446,1,132.64,132.64
HITM0008509,HORD002708,PRD0632,1,1826.27,1826.27
HITM0008510,HORD002708,PRD0463,1,1498.56,1498.56
HITM0008511,HORD002708,PRD0758,1,282.47,282.47
HITM0008512,HORD002708,PRD0186,1,280.16,280.16
HITM0008513,HORD002709,PRD0649,3,1306.2,3918.6
HITM0008514,HORD002709,PRD0885,1,689.68,689.68
HITM0008515,HORD002710,PRD0457,1,1014.79,1014.79
HITM0008516,HORD002710,PRD0361,1,1242.28,1242.28
HITM0008517,HORD002710,PRD0702,1,1587.86,1587.86
HITM0008518,HORD002710,PRD0036,2,120.39,240.78
HITM0008519,HORD002710,PRD0840,1,48.65,48.65
HITM0008520,HORD002711,PRD0257,1,1869.6,1869.6
HITM0008521,HORD002711,PRD0734,1,3509.26,3509.26
HITM0008522,HORD002711,PRD0332,1,896.69,896.69
HITM0008523,HORD002712,PRD0209,2,767.93,1535.86
HITM0008524,HORD002712,PRD0046,1,355.51,355.51
HITM0008525,HORD002712,PRD0298,1,724.89,724.89
HITM0008526,HORD002713,PRD0099,1,245.95,245.95
HITM0008527,HORD002713,PRD0237,1,2383.14,2383.14
HITM0008528,HORD002713,PRD0433,1,983.68,983.68
HITM0008529,HORD002713,PRD0469,1,710.35,710.35
HITM0008530,HORD002714,PRD0870,1,370.25,370.25
HITM0008531,HORD002714,PRD0627,1,869.77,869.77
HITM0008532,HORD002715,PRD0820,2,135.5,271.0
HITM0008533,HORD002715,PRD0976,1,838.03,838.03
HITM0008534,HORD002716,PRD0150,1,338.38,338.38
HITM0008535,HORD002717,PRD0050,1,56.24,56.24
HITM0008536,HORD002717,PRD0537,1,669.66,669.66
HITM0008537,HORD002717,PRD0942,1,500.96,500.96
HITM0008538,HORD002718,PRD0780,1,94.47,94.47
HITM0008539,HORD002719,PRD0651,1,2713.88,2713.88
HITM0008540,HORD002719,PRD0080,1,15.23,15.23
HITM0008541,HORD002720,PRD0275,1,928.24,928.24
HITM0008542,HORD002720,PRD0666,1,703.13,703.13
HITM0008543,HORD002720,PRD0416,2,420.25,840.5
HITM0008544,HORD002721,PRD0120,2,46.82,93.64
HITM0008545,HORD002721,PRD0876,2,61.28,122.56
HITM0008546,HORD002721,PRD0442,1,1331.04,1331.04
HITM0008547,HORD002721,PRD0026,2,841.05,1682.1
HITM0008548,HORD002722,PRD0859,1,530.9,530.9
HITM0008549,HORD002722,PRD0731,2,1026.14,2052.28
HITM0008550,HORD002722,PRD0626,2,529.21,1058.42
HITM0008551,HORD002722,PRD0770,2,144.73,289.46
HITM0008552,HORD002722,PRD0631,1,2823.87,2823.87
HITM0008553,HORD002723,PRD0788,1,319.54,319.54
HITM0008554,HORD002723,PRD0279,1,165.58,165.58
HITM0008555,HORD002724,PRD0186,1,280.16,280.16
HITM0008556,HORD002724,PRD0590,1,320.53,320.53
HITM0008557,HORD002724,PRD0195,2,89.95,179.9
HITM0008558,HORD002725,PRD0441,1,2838.69,2838.69
HITM0008559,HORD002725,PRD0560,1,414.95,414.95
HITM0008560,HORD002726,PRD0024,2,3386.44,6772.88
HITM0008561,HORD002726,PRD0910,1,19.2,19.2
HITM0008562,HORD002726,PRD0670,1,152.13,152.13
HITM0008563,HORD002726,PRD0804,1,2829.97,2829.97
HITM0008564,HORD002727,PRD0816,1,213.13,213.13
HITM0008565,HORD002728,PRD0589,1,241.6,241.6
HITM0008566,HORD002728,PRD0568,1,237.73,237.73
HITM0008567,HORD002729,PRD0909,1,167.36,167.36
HITM0008568,HORD002729,PRD0080,1,15.23,15.23
HITM0008569,HORD002730,PRD0203,1,1327.73,1327.73
HITM0008570,HORD002730,PRD0650,1,233.76,233.76
HITM0008571,HORD002731,PRD0373,1,664.52,664.52
HITM0008572,HORD002731,PRD0975,1,1104.47,1104.47
HITM0008573,HORD002731,PRD0336,2,657.61,1315.22
HITM0008574,HORD002731,PRD0671,1,1480.66,1480.66
HITM0008575,HORD002732,PRD0180,1,270.59,270.59
HITM0008576,HORD002732,PRD0950,2,71.67,143.34
HITM0008577,HORD002733,PRD0513,1,532.33,532.33
HITM0008578,HORD002733,PRD0305,1,260.29,260.29
HITM0008579,HORD002733,PRD0827,1,1290.81,1290.81
HITM0008580,HORD002733,PRD0439,2,1460.48,2920.96
HITM0008581,HORD002734,PRD0713,1,1024.63,1024.63
HITM0008582,HORD002734,PRD0758,1,282.47,282.47
HITM0008583,HORD002734,PRD0389,1,452.02,452.02
HITM0008584,HORD002734,PRD0304,1,966.94,966.94
HITM0008585,HORD002735,PRD0533,1,367.95,367.95
HITM0008586,HORD002735,PRD0384,1,2615.99,2615.99
HITM0008587,HORD002736,PRD0211,2,2355.83,4711.66
HITM0008588,HORD002736,PRD0460,1,250.7,250.7
HITM0008589,HORD002737,PRD0717,1,550.74,550.74
HITM0008590,HORD002737,PRD0216,1,503.39,503.39
HITM0008591,HORD002738,PRD0821,1,1235.41,1235.41
HITM0008592,HORD002738,PRD0991,2,1900.16,3800.32
HITM0008593,HORD002739,PRD0272,1,830.69,830.69
HITM0008594,HORD002739,PRD0612,2,1688.14,3376.28
HITM0008595,HORD002739,PRD0215,1,273.66,273.66
HITM0008596,HORD002740,PRD0892,1,602.8,602.8
HITM0008597,HORD002740,PRD1000,1,120.72,120.72
HITM0008598,HORD002740,PRD0261,1,1185.43,1185.43
HITM0008599,HORD002741,PRD0855,1,316.87,316.87
HITM0008600,HORD002741,PRD0357,2,2299.18,4598.36
HITM0008601,HORD002741,PRD0748,1,147.02,147.02
HITM0008602,HORD002742,PRD0457,2,1014.79,2029.58
HITM0008603,HORD002742,PRD0938,1,929.59,929.59
HITM0008604,HORD002742,PRD0889,1,893.76,893.76
HITM0008605,HORD002743,PRD0344,2,2796.46,5592.92
HITM0008606,HORD002743,PRD0154,2,3096.85,6193.7
HITM0008607,HORD002744,PRD0974,2,701.83,1403.66
HITM0008608,HORD002744,PRD0330,2,222.78,445.56
HITM0008609,HORD002744,PRD0670,1,152.13,152.13
HITM0008610,HORD002745,PRD0267,1,657.53,657.53
HITM0008611,HORD002745,PRD0922,2,905.58,1811.16
HITM0008612,HORD002745,PRD0087,2,164.58,329.16
HITM0008613,HORD002745,PRD0417,1,1281.86,1281.86
HITM0008614,HORD002746,PRD0059,1,748.03,748.03
HITM0008615,HORD002747,PRD0876,1,61.28,61.28
HITM0008616,HORD002748,PRD0076,1,729.89,729.89
HITM0008617,HORD002748,PRD0118,1,578.97,578.97
HITM0008618,HORD002748,PRD0719,2,836.38,1672.76
HITM0008619,HORD002748,PRD0830,1,57.62,57.62
HITM0008620,HORD002748,PRD0495,1,1086.82,1086.82
HITM0008621,HORD002749,PRD0208,2,425.89,851.78
HITM0008622,HORD002749,PRD0084,2,1560.4,3120.8
HITM0008623,HORD002749,PRD0190,1,274.29,274.29
HITM0008624,HORD002750,PRD0075,1,649.4,649.4
HITM0008625,HORD002751,PRD0653,1,608.0,608.0
HITM0008626,HORD002751,PRD0922,1,905.58,905.58
HITM0008627,HORD002751,PRD0144,1,2737.49,2737.49
HITM0008628,HORD002751,PRD0369,1,123.0,123.0
HITM0008629,HORD002752,PRD0788,1,319.54,319.54
HITM0008630,HORD002753,PRD0110,1,110.2,110.2
HITM0008631,HORD002753,PRD0324,1,632.08,632.08
HITM0008632,HORD002753,PRD0067,1,1666.09,1666.09
HITM0008633,HORD002754,PRD0671,2,1480.66,2961.32
HITM0008634,HORD002754,PRD0756,1,238.54,238.54
HITM0008635,HORD002755,PRD0449,1,483.76,483.76
HITM0008636,HORD002755,PRD0673,1,1159.13,1159.13
HITM0008637,HORD002755,PRD0304,3,966.94,2900.82
HITM0008638,HORD002756,PRD0044,1,2873.82,2873.82
HITM0008639,HORD002756,PRD0260,1,386.46,386.46
HITM0008640,HORD002756,PRD0206,1,633.94,633.94
HITM0008641,HORD002756,PRD0142,1,1647.71,1647.71
HITM0008642,HORD002756,PRD0020,1,254.09,254.09
HITM0008643,HORD002757,PRD0732,1,1280.4,1280.4
HITM0008644,HORD002757,PRD0103,1,619.16,619.16
HITM0008645,HORD002757,PRD0129,1,1446.26,1446.26
HITM0008646,HORD002757,PRD0081,1,1506.97,1506.97
HITM0008647,HORD002757,PRD0790,1,110.86,110.86
HITM0008648,HORD002758,PRD0228,1,121.94,121.94
HITM0008649,HORD002758,PRD0241,1,2265.52,2265.52
HITM0008650,HORD002758,PRD0909,1,167.36,167.36
HITM0008651,HORD002759,PRD0623,1,1221.11,1221.11
HITM0008652,HORD002759,PRD0219,1,227.25,227.25
HITM0008653,HORD002760,PRD0517,2,466.6,933.2
HITM0008654,HORD002760,PRD0844,1,1595.23,1595.23
HITM0008655,HORD002760,PRD0911,1,2044.96,2044.96
HITM0008656,HORD002760,PRD0819,1,282.56,282.56
HITM0008657,HORD002760,PRD0500,1,250.29,250.29
HITM0008658,HORD002761,PRD0395,1,366.66,366.66
HITM0008659,HORD002762,PRD0205,1,864.54,864.54
HITM0008660,HORD002762,PRD0244,1,847.84,847.84
HITM0008661,HORD002762,PRD0453,1,1232.3,1232.3
HITM0008662,HORD002762,PRD0596,1,846.46,846.46
HITM0008663,HORD002763,PRD0053,1,884.08,884.08
HITM0008664,HORD002763,PRD0976,1,838.03,838.03
HITM0008665,HORD002763,PRD0153,1,718.81,718.81
HITM0008666,HORD002764,PRD0761,1,2207.59,2207.59
HITM0008667,HORD002764,PRD0384,1,2615.99,2615.99
HITM0008668,HORD002764,PRD0326,1,62.48,62.48
HITM0008669,HORD002764,PRD0972,1,690.82,690.82
HITM0008670,HORD002764,PRD0467,2,1381.47,2762.94
HITM0008671,HORD002765,PRD0468,2,523.04,1046.08
HITM0008672,HORD002765,PRD0740,1,326.46,326.46
HITM0008673,HORD002765,PRD0856,1,734.6,734.6
HITM0008674,HORD002765,PRD0197,1,179.71,179.71
HITM0008675,HORD002766,PRD0910,1,19.2,19.2
HITM0008676,HORD002766,PRD0950,1,71.67,71.67
HITM0008677,HORD002767,PRD0116,1,333.11,333.11
HITM0008678,HORD002767,PRD0725,1,107.02,107.02
HITM0008679,HORD002767,PRD0326,1,62.48,62.48
HITM0008680,HORD002768,PRD0311,2,1369.17,2738.34
HITM0008681,HORD002768,PRD0709,1,928.13,928.13
HITM0008682,HORD002768,PRD0955,1,56.91,56.91
HITM0008683,HORD002769,PRD0335,1,439.66,439.66
HITM0008684,HORD002769,PRD0609,1,510.8,510.8
HITM0008685,HORD002770,PRD0776,2,143.41,286.82
HITM0008686,HORD002770,PRD0602,1,1093.07,1093.07
HITM0008687,HORD002770,PRD0959,1,631.82,631.82
HITM0008688,HORD002771,PRD0429,1,1195.52,1195.52
HITM0008689,HORD002771,PRD0326,1,62.48,62.48
HITM0008690,HORD002771,PRD0020,1,254.09,254.09
HITM0008691,HORD002772,PRD0336,1,657.61,657.61
HITM0008692,HORD002772,PRD0940,2,200.38,400.76
HITM0008693,HORD002772,PRD0703,1,289.3,289.3
HITM0008694,HORD002773,PRD0023,1,620.72,620.72
HITM0008695,HORD002773,PRD0952,1,550.92,550.92
HITM0008696,HORD002773,PRD0750,1,181.18,181.18
HITM0008697,HORD002773,PRD0047,2,425.59,851.18
HITM0008698,HORD002774,PRD0066,1,66.71,66.71
HITM0008699,HORD002774,PRD0904,2,1097.17,2194.34
HITM0008700,HORD002774,PRD0118,1,578.97,578.97
HITM0008701,HORD002775,PRD0763,1,485.63,485.63
HITM0008702,HORD002776,PRD0806,1,351.54,351.54
HITM0008703,HORD002776,PRD0935,2,41.85,83.7
HITM0008704,HORD002776,PRD0496,1,223.21,223.21
HITM0008705,HORD002776,PRD0332,2,896.69,1793.38
HITM0008706,HORD002776,PRD0750,2,181.18,362.36
HITM0008707,HORD002777,PRD0300,2,305.18,610.36
HITM0008708,HORD002777,PRD0887,2,159.97,319.94
HITM0008709,HORD002777,PRD0817,1,2143.54,2143.54
HITM0008710,HORD002777,PRD0415,1,78.5,78.5
HITM0008711,HORD002778,PRD0583,1,1333.03,1333.03
HITM0008712,HORD002778,PRD0481,1,2924.28,2924.28
HITM0008713,HORD002778,PRD0451,3,2851.18,8553.54
HITM0008714,HORD002778,PRD0749,1,529.95,529.95
HITM0008715,HORD002778,PRD0978,1,897.68,897.68
HITM0008716,HORD002779,PRD0806,3,351.54,1054.62
HITM0008717,HORD002779,PRD0947,2,451.51,903.02
HITM0008718,HORD002779,PRD0975,1,1104.47,1104.47
HITM0008719,HORD002779,PRD0880,1,148.01,148.01
HITM0008720,HORD002779,PRD0254,2,952.39,1904.78
HITM0008721,HORD002780,PRD0659,1,1247.76,1247.76
HITM0008722,HORD002780,PRD0566,1,665.53,665.53
HITM0008723,HORD002780,PRD0007,1,1073.56,1073.56
HITM0008724,HORD002780,PRD0500,2,250.29,500.58
HITM0008725,HORD002781,PRD0690,1,30.42,30.42
HITM0008726,HORD002781,PRD0328,1,490.58,490.58
HITM0008727,HORD002781,PRD0104,2,1407.8,2815.6
HITM0008728,HORD002781,PRD0626,1,529.21,529.21
HITM0008729,HORD002782,PRD0249,1,1193.82,1193.82
HITM0008730,HORD002782,PRD0302,1,1005.45,1005.45
HITM0008731,HORD002782,PRD0412,1,383.4,383.4
HITM0008732,HORD002783,PRD0888,1,735.67,735.67
HITM0008733,HORD002783,PRD0806,1,351.54,351.54
HITM0008734,HORD002783,PRD0389,1,452.02,452.02
HITM0008735,HORD002784,PRD0080,2,15.23,30.46
HITM0008736,HORD002784,PRD0040,1,239.17,239.17
HITM0008737,HORD002784,PRD0813,1,772.8,772.8
HITM0008738,HORD002785,PRD0931,2,2472.47,4944.94
HITM0008739,HORD002785,PRD0756,2,238.54,477.08
HITM0008740,HORD002785,PRD0438,1,185.01,185.01
HITM0008741,HORD002786,PRD0748,2,147.02,294.04
HITM0008742,HORD002786,PRD0158,1,561.62,561.62
HITM0008743,HORD002786,PRD0481,2,2924.28,5848.56
HITM0008744,HORD002787,PRD0057,1,768.67,768.67
HITM0008745,HORD002787,PRD0454,1,1098.4,1098.4
HITM0008746,HORD002787,PRD0873,1,343.79,343.79
HITM0008747,HORD002787,PRD0711,1,2949.82,2949.82
HITM0008748,HORD002788,PRD0492,1,961.25,961.25
HITM0008749,HORD002788,PRD0015,1,828.91,828.91
HITM0008750,HORD002788,PRD0356,1,215.96,215.96
HITM0008751,HORD002788,PRD0429,1,1195.52,1195.52
HITM0008752,HORD002789,PRD0284,2,4182.34,8364.68
HITM0008753,HORD002789,PRD0710,2,221.52,443.04
HITM0008754,HORD002789,PRD0888,1,735.67,735.67
HITM0008755,HORD002790,PRD0735,1,557.24,557.24
HITM0008756,HORD002790,PRD0441,1,2838.69,2838.69
HITM0008757,HORD002790,PRD0358,1,1013.74,1013.74
HITM0008758,HORD002791,PRD0828,1,457.81,457.81
HITM0008759,HORD002791,PRD0478,1,948.58,948.58
HITM0008760,HORD002791,PRD0377,2,941.97,1883.94
HITM0008761,HORD002792,PRD0697,1,2301.55,2301.55
HITM0008762,HORD002792,PRD0651,3,2713.88,8141.64
HITM0008763,HORD002792,PRD0340,1,244.07,244.07
HITM0008764,HORD002793,PRD0796,1,214.68,214.68
HITM0008765,HORD002793,PRD0918,1,270.82,270.82
HITM0008766,HORD002794,PRD0456,3,111.78,335.34
HITM0008767,HORD002795,PRD0428,1,844.51,844.51
HITM0008768,HORD002795,PRD0375,1,901.8,901.8
HITM0008769,HORD002795,PRD0518,1,365.35,365.35
HITM0008770,HORD002796,PRD0301,1,1027.91,1027.91
HITM0008771,HORD002796,PRD0302,1,1005.45,1005.45
HITM0008772,HORD002796,PRD0247,3,694.04,2082.12
HITM0008773,HORD002796,PRD0171,1,2618.35,2618.35
HITM0008774,HORD002797,PRD0150,1,338.38,338.38
HITM0008775,HORD002797,PRD0963,2,464.21,928.42
HITM0008776,HORD002797,PRD0055,2,534.13,1068.26
HITM0008777,HORD002798,PRD0296,1,767.13,767.13
HITM0008778,HORD002798,PRD0794,1,464.13,464.13
HITM0008779,HORD002798,PRD0048,1,176.51,176.51
HITM0008780,HORD002799,PRD0586,3,110.38,331.14
HITM0008781,HORD002799,PRD0196,1,483.11,483.11
HITM0008782,HORD002799,PRD0522,1,1323.78,1323.78
HITM0008783,HORD002799,PRD0460,1,250.7,250.7
HITM0008784,HORD002799,PRD0511,1,2672.61,2672.61
HITM0008785,HORD002800,PRD0968,1,409.17,409.17
HITM0008786,HORD002800,PRD0780,1,94.47,94.47
HITM0008787,HORD002800,PRD0400,1,158.67,158.67
HITM0008788,HORD002800,PRD0037,1,1207.21,1207.21
HITM0008789,HORD002801,PRD0275,1,928.24,928.24
HITM0008790,HORD002801,PRD0341,1,2657.98,2657.98
HITM0008791,HORD002802,PRD0468,2,523.04,1046.08
HITM0008792,HORD002802,PRD0309,1,1023.7,1023.7
HITM0008793,HORD002802,PRD0405,1,146.11,146.11
HITM0008794,HORD002802,PRD0268,1,395.01,395.01
HITM0008795,HORD002802,PRD0770,2,144.73,289.46
HITM0008796,HORD002803,PRD0195,1,89.95,89.95
HITM0008797,HORD002803,PRD0958,1,997.87,997.87
HITM0008798,HORD002804,PRD0460,1,250.7,250.7
HITM0008799,HORD002804,PRD0660,3,15.31,45.93
HITM0008800,HORD002804,PRD0704,1,3699.65,3699.65
HITM0008801,HORD002805,PRD0108,1,462.45,462.45
HITM0008802,HORD002805,PRD0230,1,290.53,290.53
HITM0008803,HORD002806,PRD0229,3,963.55,2890.65
HITM0008804,HORD002806,PRD0184,1,685.26,685.26
HITM0008805,HORD002806,PRD0180,1,270.59,270.59
HITM0008806,HORD002806,PRD0450,1,210.74,210.74
HITM0008807,HORD002806,PRD0876,1,61.28,61.28
HITM0008808,HORD002807,PRD0662,2,808.63,1617.26
HITM0008809,HORD002807,PRD0369,2,123.0,246.0
HITM0008810,HORD002808,PRD0308,2,1088.84,2177.68
HITM0008811,HORD002808,PRD0369,1,123.0,123.0
HITM0008812,HORD002808,PRD0501,1,2831.58,2831.58
HITM0008813,HORD002809,PRD0412,2,383.4,766.8
HITM0008814,HORD002809,PRD0036,1,120.39,120.39
HITM0008815,HORD002809,PRD0470,1,116.53,116.53
HITM0008816,HORD002809,PRD0456,1,111.78,111.78
HITM0008817,HORD002810,PRD0589,1,241.6,241.6
HITM0008818,HORD002810,PRD0462,2,595.57,1191.14
HITM0008819,HORD002810,PRD0198,2,736.33,1472.66
HITM0008820,HORD002811,PRD0529,2,915.61,1831.22
HITM0008821,HORD002811,PRD0082,1,1853.06,1853.06
HITM0008822,HORD002811,PRD0146,1,508.56,508.56
HITM0008823,HORD002812,PRD0964,1,449.57,449.57
HITM0008824,HORD002812,PRD0598,1,825.04,825.04
HITM0008825,HORD002813,PRD0077,1,1748.69,1748.69
HITM0008826,HORD002813,PRD0709,1,928.13,928.13
HITM0008827,HORD002814,PRD0790,1,110.86,110.86
HITM0008828,HORD002814,PRD0670,1,152.13,152.13
HITM0008829,HORD002814,PRD0325,1,926.64,926.64
HITM0008830,HORD002815,PRD0823,2,631.56,1263.12
HITM0008831,HORD002815,PRD0901,1,1092.12,1092.12
HITM0008832,HORD002815,PRD0650,2,233.76,467.52
HITM0008833,HORD002815,PRD0477,1,1488.86,1488.86
HITM0008834,HORD002815,PRD0243,1,1176.42,1176.42
HITM0008835,HORD002816,PRD0600,2,198.56,397.12
HITM0008836,HORD002816,PRD0035,2,215.11,430.22
HITM0008837,HORD002816,PRD0500,1,250.29,250.29
HITM0008838,HORD002816,PRD0559,1,1357.1,1357.1
HITM0008839,HORD002817,PRD0980,1,286.55,286.55
HITM0008840,HORD002817,PRD0106,1,40.68,40.68
HITM0008841,HORD002818,PRD0629,1,925.23,925.23
HITM0008842,HORD002818,PRD0472,2,658.25,1316.5
HITM0008843,HORD002818,PRD0880,1,148.01,148.01
HITM0008844,HORD002818,PRD0576,1,30.87,30.87
HITM0008845,HORD002818,PRD0858,1,188.42,188.42
HITM0008846,HORD002819,PRD0407,1,607.64,607.64
HITM0008847,HORD002820,PRD0686,1,654.4,654.4
HITM0008848,HORD002820,PRD0428,2,844.51,1689.02
HITM0008849,HORD002820,PRD0536,1,274.78,274.78
HITM0008850,HORD002821,PRD0727,1,1874.18,1874.18
HITM0008851,HORD002821,PRD0060,1,147.43,147.43
HITM0008852,HORD002821,PRD0566,1,665.53,665.53
HITM0008853,HORD002821,PRD0439,1,1460.48,1460.48
HITM0008854,HORD002822,PRD0521,1,2581.65,2581.65
HITM0008855,HORD002822,PRD0213,1,1091.55,1091.55
HITM0008856,HORD002822,PRD0882,1,404.51,404.51
HITM0008857,HORD002823,PRD0066,1,66.71,66.71
HITM0008858,HORD002823,PRD0718,1,214.61,214.61
HITM0008859,HORD002823,PRD0250,1,79.79,79.79
HITM0008860,HORD002824,PRD0159,1,1223.4,1223.4
HITM0008861,HORD002825,PRD0306,2,487.14,974.28
HITM0008862,HORD002825,PRD0120,1,46.82,46.82
HITM0008863,HORD002826,PRD0427,1,1212.42,1212.42
HITM0008864,HORD002826,PRD0331,2,1007.66,2015.32
HITM0008865,HORD002827,PRD0754,2,2331.9,4663.8
HITM0008866,HORD002827,PRD0249,2,1193.82,2387.64
HITM0008867,HORD002827,PRD0495,2,1086.82,2173.64
HITM0008868,HORD002828,PRD0251,1,2656.31,2656.31
HITM0008869,HORD002828,PRD0392,1,647.54,647.54
HITM0008870,HORD002828,PRD0970,2,403.08,806.16
HITM0008871,HORD002828,PRD0705,2,200.18,400.36
HITM0008872,HORD002829,PRD0305,1,260.29,260.29
HITM0008873,HORD002829,PRD0528,2,386.06,772.12
HITM0008874,HORD002830,PRD0430,1,126.46,126.46
HITM0008875,HORD002830,PRD0048,1,176.51,176.51
HITM0008876,HORD002830,PRD0482,1,1511.77,1511.77
HITM0008877,HORD002830,PRD0715,2,61.65,123.3
HITM0008878,HORD002831,PRD0792,1,1199.37,1199.37
HITM0008879,HORD002831,PRD0268,1,395.01,395.01
HITM0008880,HORD002831,PRD0549,1,290.7,290.7
HITM0008881,HORD002831,PRD0918,2,270.82,541.64
HITM0008882,HORD002832,PRD0452,1,1619.46,1619.46
HITM0008883,HORD002833,PRD0761,1,2207.59,2207.59
HITM0008884,HORD002833,PRD0744,2,2051.82,4103.64
HITM0008885,HORD002833,PRD0350,3,175.83,527.49
HITM0008886,HORD002833,PRD0191,1,2181.41,2181.41
HITM0008887,HORD002834,PRD0624,1,588.21,588.21
HITM0008888,HORD002834,PRD0027,1,615.88,615.88
HITM0008889,HORD002834,PRD0147,1,1002.37,1002.37
HITM0008890,HORD002834,PRD0475,1,1049.43,1049.43
HITM0008891,HORD002835,PRD0252,3,457.51,1372.53
HITM0008892,HORD002835,PRD0528,1,386.06,386.06
HITM0008893,HORD002836,PRD0071,2,1342.48,2684.96
HITM0008894,HORD002836,PRD0685,1,963.7,963.7
HITM0008895,HORD002836,PRD0828,1,457.81,457.81
HITM0008896,HORD002836,PRD0584,1,2264.13,2264.13
HITM0008897,HORD002837,PRD0315,1,197.15,197.15
HITM0008898,HORD002837,PRD0922,1,905.58,905.58
HITM0008899,HORD002837,PRD0726,1,479.51,479.51
HITM0008900,HORD002837,PRD0289,1,553.34,553.34
HITM0008901,HORD002838,PRD0167,2,2514.98,5029.96
HITM0008902,HORD002838,PRD0301,3,1027.91,3083.73
HITM0008903,HORD002838,PRD0375,1,901.8,901.8
HITM0008904,HORD002839,PRD0580,1,180.48,180.48
HITM0008905,HORD002839,PRD0588,1,828.34,828.34
HITM0008906,HORD002839,PRD0847,1,370.04,370.04
HITM0008907,HORD002839,PRD0291,1,2517.39,2517.39
HITM0008908,HORD002839,PRD0520,1,298.12,298.12
HITM0008909,HORD002840,PRD0023,1,620.72,620.72
HITM0008910,HORD002840,PRD0019,1,1020.41,1020.41
HITM0008911,HORD002841,PRD0480,1,379.33,379.33
HITM0008912,HORD002841,PRD0226,2,497.16,994.32
HITM0008913,HORD002841,PRD0576,1,30.87,30.87
HITM0008914,HORD002842,PRD0465,1,276.29,276.29
HITM0008915,HORD002842,PRD0387,1,2307.58,2307.58
HITM0008916,HORD002842,PRD0196,1,483.11,483.11
HITM0008917,HORD002843,PRD0336,1,657.61,657.61
HITM0008918,HORD002843,PRD0623,1,1221.11,1221.11
HITM0008919,HORD002843,PRD0918,1,270.82,270.82
HITM0008920,HORD002844,PRD0761,1,2207.59,2207.59
HITM0008921,HORD002844,PRD0019,1,1020.41,1020.41
HITM0008922,HORD002844,PRD0360,2,362.06,724.12
HITM0008923,HORD002845,PRD0159,1,1223.4,1223.4
HITM0008924,HORD002845,PRD0402,2,335.07,670.14
HITM0008925,HORD002845,PRD0358,1,1013.74,1013.74
HITM0008926,HORD002845,PRD0537,2,669.66,1339.32
HITM0008927,HORD002846,PRD0385,1,272.03,272.03
HITM0008928,HORD002847,PRD0935,1,41.85,41.85
HITM0008929,HORD002847,PRD0362,2,1217.27,2434.54
HITM0008930,HORD002847,PRD0579,2,1153.54,2307.08
HITM0008931,HORD002848,PRD0660,1,15.31,15.31
HITM0008932,HORD002848,PRD0016,2,255.89,511.78
HITM0008933,HORD002848,PRD0934,1,4104.95,4104.95
HITM0008934,HORD002849,PRD0510,1,176.33,176.33
HITM0008935,HORD002850,PRD0999,1,1457.06,1457.06
HITM0008936,HORD002850,PRD0345,1,437.36,437.36
HITM0008937,HORD002850,PRD0256,2,297.13,594.26
HITM0008938,HORD002850,PRD0472,1,658.25,658.25
HITM0008939,HORD002851,PRD0964,1,449.57,449.57
HITM0008940,HORD002851,PRD0029,1,476.78,476.78
HITM0008941,HORD002851,PRD0690,2,30.42,60.84
HITM0008942,HORD002852,PRD0422,1,1345.12,1345.12
HITM0008943,HORD002852,PRD0415,2,78.5,157.0
HITM0008944,HORD002852,PRD0256,1,297.13,297.13
HITM0008945,HORD002852,PRD0440,1,57.41,57.41
HITM0008946,HORD002852,PRD0109,1,326.84,326.84
HITM0008947,HORD002853,PRD0905,2,951.23,1902.46
HITM0008948,HORD002853,PRD0707,1,1182.83,1182.83
HITM0008949,HORD002853,PRD0867,2,500.96,1001.92
HITM0008950,HORD002853,PRD0434,1,388.26,388.26
HITM0008951,HORD002854,PRD0884,1,1847.69,1847.69
HITM0008952,HORD002854,PRD0856,1,734.6,734.6
HITM0008953,HORD002854,PRD0216,1,503.39,503.39
HITM0008954,HORD002855,PRD0480,1,379.33,379.33
HITM0008955,HORD002855,PRD0395,1,366.66,366.66
HITM0008956,HORD002856,PRD0583,2,1333.03,2666.06
HITM0008957,HORD002857,PRD0135,1,1054.93,1054.93
HITM0008958,HORD002857,PRD0685,2,963.7,1927.4
HITM0008959,HORD002857,PRD0301,1,1027.91,1027.91
HITM0008960,HORD002858,PRD0635,1,140.41,140.41
HITM0008961,HORD002858,PRD0164,2,1650.2,3300.4
HITM0008962,HORD002858,PRD0747,1,619.18,619.18
HITM0008963,HORD002858,PRD0232,2,1634.96,3269.92
HITM0008964,HORD002859,PRD0486,2,297.99,595.98
HITM0008965,HORD002859,PRD0228,1,121.94,121.94
HITM0008966,HORD002859,PRD0618,1,421.89,421.89
HITM0008967,HORD002859,PRD0474,2,1387.31,2774.62
HITM0008968,HORD002860,PRD0615,1,965.84,965.84
HITM0008969,HORD002860,PRD0645,1,206.79,206.79
HITM0008970,HORD002861,PRD0109,1,326.84,326.84
HITM0008971,HORD002861,PRD0428,1,844.51,844.51
HITM0008972,HORD002862,PRD0075,2,649.4,1298.8
HITM0008973,HORD002863,PRD0830,1,57.62,57.62
HITM0008974,HORD002863,PRD0224,1,3534.57,3534.57
HITM0008975,HORD002863,PRD0189,1,325.61,325.61
HITM0008976,HORD002863,PRD0295,1,1095.89,1095.89
HITM0008977,HORD002864,PRD0491,2,1885.4,3770.8
HITM0008978,HORD002864,PRD0100,1,206.02,206.02
HITM0008979,HORD002864,PRD0999,1,1457.06,1457.06
HITM0008980,HORD002865,PRD0453,1,1232.3,1232.3
HITM0008981,HORD002865,PRD0625,1,1034.61,1034.61
HITM0008982,HORD002866,PRD0940,1,200.38,200.38
HITM0008983,HORD002866,PRD0862,1,1164.81,1164.81
HITM0008984,HORD002866,PRD0645,1,206.79,206.79
HITM0008985,HORD002867,PRD0871,1,3102.51,3102.51
HITM0008986,HORD002867,PRD0700,1,105.41,105.41
HITM0008987,HORD002867,PRD0197,1,179.71,179.71
HITM0008988,HORD002868,PRD0789,1,776.9,776.9
HITM0008989,HORD002868,PRD0428,1,844.51,844.51
HITM0008990,HORD002868,PRD0678,1,597.3,597.3
HITM0008991,HORD002868,PRD0394,1,1051.66,1051.66
HITM0008992,HORD002868,PRD0095,2,697.69,1395.38
HITM0008993,HORD002869,PRD0255,1,718.45,718.45
HITM0008994,HORD002870,PRD0879,2,1214.72,2429.44
HITM0008995,HORD002870,PRD0829,1,964.04,964.04
HITM0008996,HORD002871,PRD0996,1,643.77,643.77
HITM0008997,HORD002871,PRD0127,1,415.41,415.41
HITM0008998,HORD002871,PRD0453,1,1232.3,1232.3
HITM0008999,HORD002872,PRD0343,1,1104.21,1104.21
HITM0009000,HORD002872,PRD0650,1,233.76,233.76
HITM0009001,HORD002872,PRD0251,1,2656.31,2656.31
HITM0009002,HORD002873,PRD0415,1,78.5,78.5
HITM0009003,HORD002873,PRD0985,2,602.55,1205.1
HITM0009004,HORD002873,PRD0879,1,1214.72,1214.72
HITM0009005,HORD002874,PRD0020,2,254.09,508.18
HITM0009006,HORD002874,PRD0186,1,280.16,280.16
HITM0009007,HORD002874,PRD0285,1,709.46,709.46
HITM0009008,HORD002875,PRD0985,2,602.55,1205.1
HITM0009009,HORD002875,PRD0572,1,1821.3,1821.3
HITM0009010,HORD002876,PRD0713,1,1024.63,1024.63
HITM0009011,HORD002876,PRD0082,1,1853.06,1853.06
HITM0009012,HORD002876,PRD0866,2,684.58,1369.16
HITM0009013,HORD002877,PRD0008,1,146.16,146.16
HITM0009014,HORD002877,PRD0303,1,1580.3,1580.3
HITM0009015,HORD002877,PRD0281,2,1296.1,2592.2
HITM0009016,HORD002877,PRD0035,3,215.11,645.33
HITM0009017,HORD002878,PRD0056,2,485.36,970.72
HITM0009018,HORD002878,PRD0880,1,148.01,148.01
HITM0009019,HORD002878,PRD0468,1,523.04,523.04
HITM0009020,HORD002879,PRD0368,1,372.64,372.64
HITM0009021,HORD002879,PRD0198,2,736.33,1472.66
HITM0009022,HORD002879,PRD0100,1,206.02,206.02
HITM0009023,HORD002879,PRD0293,1,1414.37,1414.37
HITM0009024,HORD002879,PRD0122,1,1652.29,1652.29
HITM0009025,HORD002880,PRD0782,1,452.61,452.61
HITM0009026,HORD002880,PRD0397,1,1333.88,1333.88
HITM0009027,HORD002880,PRD0583,1,1333.03,1333.03
HITM0009028,HORD002881,PRD0851,1,3078.03,3078.03
HITM0009029,HORD002881,PRD0076,1,729.89,729.89
HITM0009030,HORD002881,PRD0048,2,176.51,353.02
HITM0009031,HORD002881,PRD0782,1,452.61,452.61
HITM0009032,HORD002882,PRD0966,3,539.91,1619.73
HITM0009033,HORD002882,PRD0032,1,581.78,581.78
HITM0009034,HORD002883,PRD0851,1,3078.03,3078.03
HITM0009035,HORD002883,PRD0526,1,84.58,84.58
HITM0009036,HORD002883,PRD0457,1,1014.79,1014.79
HITM0009037,HORD002884,PRD0004,1,468.81,468.81
HITM0009038,HORD002884,PRD0629,1,925.23,925.23
HITM0009039,HORD002884,PRD0587,1,1683.8,1683.8
HITM0009040,HORD002884,PRD0627,1,869.77,869.77
HITM0009041,HORD002885,PRD0095,1,697.69,697.69
HITM0009042,HORD002885,PRD0341,1,2657.98,2657.98
HITM0009043,HORD002885,PRD0157,1,1654.35,1654.35
HITM0009044,HORD002885,PRD0301,2,1027.91,2055.82
HITM0009045,HORD002886,PRD0360,1,362.06,362.06
HITM0009046,HORD002886,PRD0925,1,327.94,327.94
HITM0009047,HORD002887,PRD0290,1,151.92,151.92
HITM0009048,HORD002887,PRD0767,3,2003.56,6010.68
HITM0009049,HORD002887,PRD0806,1,351.54,351.54
HITM0009050,HORD002887,PRD0717,2,550.74,1101.48
HITM0009051,HORD002888,PRD0673,1,1159.13,1159.13
HITM0009052,HORD002888,PRD0815,1,748.08,748.08
HITM0009053,HORD002888,PRD0177,1,1856.25,1856.25
HITM0009054,HORD002889,PRD0916,2,110.26,220.52
HITM0009055,HORD002889,PRD0438,1,185.01,185.01
HITM0009056,HORD002889,PRD0016,1,255.89,255.89
HITM0009057,HORD002890,PRD0194,1,537.22,537.22
HITM0009058,HORD002890,PRD0553,1,1464.9,1464.9
HITM0009059,HORD002890,PRD0222,1,1210.33,1210.33
HITM0009060,HORD002890,PRD0678,2,597.3,1194.6
HITM0009061,HORD002891,PRD0467,1,1381.47,1381.47
HITM0009062,HORD002891,PRD0182,1,680.44,680.44
HITM0009063,HORD002891,PRD0440,1,57.41,57.41
HITM0009064,HORD002892,PRD0675,1,98.97,98.97
HITM0009065,HORD002892,PRD0688,1,921.64,921.64
HITM0009066,HORD002892,PRD0379,2,722.92,1445.84
HITM0009067,HORD002893,PRD0369,1,123.0,123.0
HITM0009068,HORD002893,PRD0979,1,1164.08,1164.08
HITM0009069,HORD002893,PRD0510,1,176.33,176.33
HITM0009070,HORD002893,PRD0070,1,376.35,376.35
HITM0009071,HORD002894,PRD0745,1,882.2,882.2
HITM0009072,HORD002894,PRD0360,1,362.06,362.06
HITM0009073,HORD002894,PRD0925,1,327.94,327.94
HITM0009074,HORD002894,PRD0518,1,365.35,365.35
HITM0009075,HORD002895,PRD0286,1,159.28,159.28
HITM0009076,HORD002895,PRD0938,1,929.59,929.59
HITM0009077,HORD002896,PRD0547,1,2316.63,2316.63
HITM0009078,HORD002896,PRD0578,1,718.33,718.33
HITM0009079,HORD002896,PRD0463,1,1498.56,1498.56
HITM0009080,HORD002897,PRD0582,1,1854.66,1854.66
HITM0009081,HORD002897,PRD0356,1,215.96,215.96
HITM0009082,HORD002897,PRD0764,1,3198.68,3198.68
HITM0009083,HORD002897,PRD0278,1,623.42,623.42
HITM0009084,HORD002898,PRD0536,1,274.78,274.78
HITM0009085,HORD002899,PRD0823,1,631.56,631.56
HITM0009086,HORD002899,PRD0744,3,2051.82,6155.46
HITM0009087,HORD002900,PRD0460,1,250.7,250.7
HITM0009088,HORD002900,PRD0810,1,325.73,325.73
HITM0009089,HORD002900,PRD0206,1,633.94,633.94
HITM0009090,HORD002900,PRD0045,1,124.62,124.62
HITM0009091,HORD002901,PRD0586,1,110.38,110.38
HITM0009092,HORD002901,PRD0558,1,1044.96,1044.96
HITM0009093,HORD002901,PRD0542,2,1746.75,3493.5
HITM0009094,HORD002902,PRD0409,1,178.56,178.56
HITM0009095,HORD002902,PRD0170,1,202.15,202.15
HITM0009096,HORD002903,PRD0426,1,571.98,571.98
HITM0009097,HORD002903,PRD0560,1,414.95,414.95
HITM0009098,HORD002903,PRD0118,1,578.97,578.97
HITM0009099,HORD002904,PRD0851,2,3078.03,6156.06
HITM0009100,HORD002904,PRD0921,1,2084.12,2084.12
HITM0009101,HORD002904,PRD0968,1,409.17,409.17
HITM0009102,HORD002904,PRD0330,1,222.78,222.78
HITM0009103,HORD002905,PRD0962,1,1496.58,1496.58
HITM0009104,HORD002905,PRD0700,2,105.41,210.82
HITM0009105,HORD002905,PRD0510,1,176.33,176.33
HITM0009106,HORD002905,PRD0412,1,383.4,383.4
HITM0009107,HORD002906,PRD0302,2,1005.45,2010.9
HITM0009108,HORD002906,PRD0179,2,769.0,1538.0
HITM0009109,HORD002906,PRD0661,2,1048.18,2096.36
HITM0009110,HORD002907,PRD0237,1,2383.14,2383.14
HITM0009111,HORD002907,PRD0467,1,1381.47,1381.47
HITM0009112,HORD002907,PRD0722,1,373.93,373.93
HITM0009113,HORD002908,PRD0236,1,131.33,131.33
HITM0009114,HORD002908,PRD0216,2,503.39,1006.78
HITM0009115,HORD002908,PRD0414,1,1024.71,1024.71
HITM0009116,HORD002909,PRD0653,1,608.0,608.0
HITM0009117,HORD002909,PRD0315,1,197.15,197.15
HITM0009118,HORD002909,PRD0812,1,972.39,972.39
HITM0009119,HORD002909,PRD0247,1,694.04,694.04
HITM0009120,HORD002910,PRD0938,1,929.59,929.59
HITM0009121,HORD002911,PRD0680,1,369.12,369.12
HITM0009122,HORD002911,PRD0233,1,804.27,804.27
HITM0009123,HORD002911,PRD0286,1,159.28,159.28
HITM0009124,HORD002912,PRD0465,2,276.29,552.58
HITM0009125,HORD002912,PRD0882,2,404.51,809.02
HITM0009126,HORD002913,PRD0716,1,197.99,197.99
HITM0009127,HORD002913,PRD0048,1,176.51,176.51
HITM0009128,HORD002913,PRD0897,3,368.24,1104.72
HITM0009129,HORD002914,PRD0950,2,71.67,143.34
HITM0009130,HORD002914,PRD0584,1,2264.13,2264.13
HITM0009131,HORD002914,PRD0968,2,409.17,818.34
HITM0009132,HORD002914,PRD0910,1,19.2,19.2
HITM0009133,HORD002915,PRD0049,1,917.1,917.1
HITM0009134,HORD002915,PRD0957,2,1732.9,3465.8
HITM0009135,HORD002916,PRD0156,2,402.17,804.34
HITM0009136,HORD002916,PRD0454,2,1098.4,2196.8
HITM0009137,HORD002916,PRD0316,1,640.98,640.98
HITM0009138,HORD002917,PRD0810,2,325.73,651.46
HITM0009139,HORD002917,PRD0646,1,155.12,155.12
HITM0009140,HORD002917,PRD0748,1,147.02,147.02
HITM0009141,HORD002917,PRD0447,1,388.49,388.49
HITM0009142,HORD002918,PRD0598,1,825.04,825.04
HITM0009143,HORD002918,PRD0443,1,393.59,393.59
HITM0009144,HORD002918,PRD0300,3,305.18,915.54
HITM0009145,HORD002919,PRD0844,1,1595.23,1595.23
HITM0009146,HORD002919,PRD0636,3,801.41,2404.23
HITM0009147,HORD002919,PRD0240,1,417.49,417.49
HITM0009148,HORD002919,PRD0910,1,19.2,19.2
HITM0009149,HORD002919,PRD0153,1,718.81,718.81
HITM0009150,HORD002920,PRD0768,1,1063.13,1063.13
HITM0009151,HORD002920,PRD0800,1,274.87,274.87
HITM0009152,HORD002920,PRD0312,1,1449.43,1449.43
HITM0009153,HORD002921,PRD0734,1,3509.26,3509.26
HITM0009154,HORD002921,PRD0634,1,2121.75,2121.75
HITM0009155,HORD002922,PRD0454,1,1098.4,1098.4
HITM0009156,HORD002922,PRD0815,1,748.08,748.08
HITM0009157,HORD002923,PRD0823,2,631.56,1263.12
HITM0009158,HORD002923,PRD0988,1,236.45,236.45
HITM0009159,HORD002924,PRD0236,1,131.33,131.33
HITM0009160,HORD002924,PRD0094,2,627.77,1255.54
HITM0009161,HORD002924,PRD0787,1,527.32,527.32
HITM0009162,HORD002924,PRD0328,1,490.58,490.58
HITM0009163,HORD002924,PRD0080,1,15.23,15.23
HITM0009164,HORD002925,PRD0761,3,2207.59,6622.77
HITM0009165,HORD002925,PRD0436,1,525.13,525.13
HITM0009166,HORD002925,PRD0302,1,1005.45,1005.45
HITM0009167,HORD002925,PRD0063,1,1461.12,1461.12
HITM0009168,HORD002925,PRD0573,2,281.0,562.0
HITM0009169,HORD002926,PRD0185,1,884.92,884.92
HITM0009170,HORD002926,PRD0660,1,15.31,15.31
HITM0009171,HORD002926,PRD0443,1,393.59,393.59
HITM0009172,HORD002926,PRD0576,1,30.87,30.87
HITM0009173,HORD002927,PRD0459,1,553.35,553.35
HITM0009174,HORD002928,PRD0696,1,137.51,137.51
HITM0009175,HORD002928,PRD0490,1,337.69,337.69
HITM0009176,HORD002929,PRD0302,1,1005.45,1005.45
HITM0009177,HORD002929,PRD0324,2,632.08,1264.16
HITM0009178,HORD002930,PRD0480,1,379.33,379.33
HITM0009179,HORD002931,PRD0221,1,1071.11,1071.11
HITM0009180,HORD002931,PRD0460,1,250.7,250.7
HITM0009181,HORD002931,PRD0127,1,415.41,415.41
HITM0009182,HORD002932,PRD0747,1,619.18,619.18
HITM0009183,HORD002932,PRD0073,1,1270.32,1270.32
HITM0009184,HORD002933,PRD0865,1,308.23,308.23
HITM0009185,HORD002933,PRD0792,1,1199.37,1199.37
HITM0009186,HORD002933,PRD0414,2,1024.71,2049.42
HITM0009187,HORD002933,PRD0657,1,1527.29,1527.29
HITM0009188,HORD002934,PRD0242,3,390.52,1171.56
HITM0009189,HORD002935,PRD0094,1,627.77,627.77
HITM0009190,HORD002935,PRD0450,2,210.74,421.48
HITM0009191,HORD002935,PRD0933,1,1394.64,1394.64
HITM0009192,HORD002935,PRD0520,1,298.12,298.12
HITM0009193,HORD002935,PRD0158,1,561.62,561.62
HITM0009194,HORD002936,PRD0400,2,158.67,317.34
HITM0009195,HORD002936,PRD0012,2,711.13,1422.26
HITM0009196,HORD002936,PRD0315,2,197.15,394.3
HITM0009197,HORD002937,PRD0746,2,683.7,1367.4
HITM0009198,HORD002937,PRD0226,2,497.16,994.32
HITM0009199,HORD002937,PRD0285,3,709.46,2128.38
HITM0009200,HORD002938,PRD0003,1,316.95,316.95
HITM0009201,HORD002938,PRD0490,1,337.69,337.69
HITM0009202,HORD002938,PRD0476,1,181.3,181.3
HITM0009203,HORD002938,PRD0581,1,2588.97,2588.97
HITM0009204,HORD002939,PRD0177,1,1856.25,1856.25
HITM0009205,HORD002939,PRD0826,1,402.15,402.15
HITM0009206,HORD002939,PRD0045,1,124.62,124.62
HITM0009207,HORD002939,PRD0713,1,1024.63,1024.63
HITM0009208,HORD002940,PRD0777,1,666.99,666.99
HITM0009209,HORD002940,PRD0984,1,1014.29,1014.29
HITM0009210,HORD002940,PRD0294,1,2659.23,2659.23
HITM0009211,HORD002940,PRD0296,1,767.13,767.13
HITM0009212,HORD002941,PRD0585,2,81.84,163.68
HITM0009213,HORD002941,PRD0715,2,61.65,123.3
HITM0009214,HORD002941,PRD0576,1,30.87,30.87
HITM0009215,HORD002941,PRD0811,1,1099.78,1099.78
HITM0009216,HORD002942,PRD0031,1,2841.2,2841.2
HITM0009217,HORD002942,PRD0395,2,366.66,733.32
HITM0009218,HORD002942,PRD0146,1,508.56,508.56
HITM0009219,HORD002942,PRD0511,1,2672.61,2672.61
HITM0009220,HORD002943,PRD0195,2,89.95,179.9
HITM0009221,HORD002943,PRD0890,1,279.59,279.59
HITM0009222,HORD002944,PRD0221,2,1071.11,2142.22
HITM0009223,HORD002944,PRD0404,2,1363.51,2727.02
HITM0009224,HORD002944,PRD0679,1,1370.51,1370.51
HITM0009225,HORD002945,PRD0250,3,79.79,239.37
HITM0009226,HORD002946,PRD0674,2,3423.74,6847.48
HITM0009227,HORD002946,PRD0862,2,1164.81,2329.62
HITM0009228,HORD002946,PRD0043,1,1487.36,1487.36
HITM0009229,HORD002947,PRD0923,1,819.32,819.32
HITM0009230,HORD002947,PRD0046,2,355.51,711.02
HITM0009231,HORD002948,PRD0486,1,297.99,297.99
HITM0009232,HORD002949,PRD0988,1,236.45,236.45
HITM0009233,HORD002949,PRD0721,1,2364.46,2364.46
HITM0009234,HORD002949,PRD0309,1,1023.7,1023.7
HITM0009235,HORD002950,PRD0512,1,1057.04,1057.04
HITM0009236,HORD002950,PRD0926,2,315.02,630.04
HITM0009237,HORD002951,PRD0245,1,616.59,616.59
HITM0009238,HORD002951,PRD0948,1,583.21,583.21
HITM0009239,HORD002952,PRD0278,2,623.42,1246.84
HITM0009240,HORD002952,PRD0556,1,177.48,177.48
HITM0009241,HORD002952,PRD0790,1,110.86,110.86
HITM0009242,HORD002952,PRD0140,1,394.57,394.57
HITM0009243,HORD002952,PRD0588,1,828.34,828.34
HITM0009244,HORD002953,PRD0369,1,123.0,123.0
HITM0009245,HORD002953,PRD0582,2,1854.66,3709.32
HITM0009246,HORD002953,PRD0417,1,1281.86,1281.86
HITM0009247,HORD002954,PRD0398,1,567.86,567.86
HITM0009248,HORD002954,PRD0955,1,56.91,56.91
HITM0009249,HORD002955,PRD0506,1,760.73,760.73
HITM0009250,HORD002956,PRD0606,1,556.12,556.12
HITM0009251,HORD002956,PRD0305,1,260.29,260.29
HITM0009252,HORD002956,PRD0576,1,30.87,30.87
HITM0009253,HORD002956,PRD0651,1,2713.88,2713.88
HITM0009254,HORD002957,PRD0459,1,553.35,553.35
HITM0009255,HORD002957,PRD0290,1,151.92,151.92
HITM0009256,HORD002957,PRD0400,1,158.67,158.67
HITM0009257,HORD002957,PRD0889,1,893.76,893.76
HITM0009258,HORD002958,PRD0549,1,290.7,290.7
HITM0009259,HORD002958,PRD0274,2,2425.87,4851.74
HITM0009260,HORD002958,PRD0483,1,998.58,998.58
HITM0009261,HORD002959,PRD0066,1,66.71,66.71
HITM0009262,HORD002959,PRD0098,1,848.52,848.52
HITM0009263,HORD002959,PRD0426,1,571.98,571.98
HITM0009264,HORD002960,PRD0403,1,615.54,615.54
HITM0009265,HORD002961,PRD0174,2,2319.35,4638.7
HITM0009266,HORD002961,PRD0308,1,1088.84,1088.84
HITM0009267,HORD002961,PRD0799,2,246.05,492.1
HITM0009268,HORD002961,PRD0022,1,1385.01,1385.01
HITM0009269,HORD002962,PRD0619,1,394.74,394.74
HITM0009270,HORD002962,PRD0322,2,1333.07,2666.14
HITM0009271,HORD002962,PRD0856,1,734.6,734.6
HITM0009272,HORD002963,PRD0269,1,236.51,236.51
HITM0009273,HORD002963,PRD0688,1,921.64,921.64
HITM0009274,HORD002963,PRD0730,2,241.01,482.02
HITM0009275,HORD002964,PRD0914,1,1089.48,1089.48
HITM0009276,HORD002964,PRD0367,1,179.97,179.97
HITM0009277,HORD002964,PRD0499,1,253.73,253.73
HITM0009278,HORD002964,PRD0541,2,3125.61,6251.22
HITM0009279,HORD002965,PRD0569,1,238.57,238.57
HITM0009280,HORD002965,PRD0785,1,91.04,91.04
HITM0009281,HORD002965,PRD0644,1,2975.58,2975.58
HITM0009282,HORD002965,PRD0511,1,2672.61,2672.61
HITM0009283,HORD002965,PRD0207,1,2221.73,2221.73
HITM0009284,HORD002966,PRD0184,3,685.26,2055.78
HITM0009285,HORD002966,PRD0663,2,337.29,674.58
HITM0009286,HORD002966,PRD0549,1,290.7,290.7
HITM0009287,HORD002966,PRD0030,1,360.75,360.75
HITM0009288,HORD002967,PRD0837,1,471.38,471.38
HITM0009289,HORD002967,PRD0048,1,176.51,176.51
HITM0009290,HORD002967,PRD0127,1,415.41,415.41
HITM0009291,HORD002967,PRD0592,2,471.73,943.46
HITM0009292,HORD002968,PRD0235,1,452.44,452.44
HITM0009293,HORD002968,PRD0318,1,930.52,930.52
HITM0009294,HORD002968,PRD0710,1,221.52,221.52
HITM0009295,HORD002969,PRD0487,1,136.07,136.07
HITM0009296,HORD002969,PRD0774,1,3381.71,3381.71
HITM0009297,HORD002969,PRD0510,1,176.33,176.33
HITM0009298,HORD002969,PRD0416,2,420.25,840.5
HITM0009299,HORD002970,PRD0970,1,403.08,403.08
HITM0009300,HORD002970,PRD0910,1,19.2,19.2
HITM0009301,HORD002970,PRD0283,2,427.47,854.94
HITM0009302,HORD002971,PRD0190,1,274.29,274.29
HITM0009303,HORD002971,PRD0477,2,1488.86,2977.72
HITM0009304,HORD002972,PRD0882,2,404.51,809.02
HITM0009305,HORD002972,PRD0718,2,214.61,429.22
HITM0009306,HORD002973,PRD0839,2,1311.55,2623.1
HITM0009307,HORD002973,PRD0070,1,376.35,376.35
HITM0009308,HORD002973,PRD0540,1,369.8,369.8
HITM0009309,HORD002974,PRD0619,1,394.74,394.74
HITM0009310,HORD002974,PRD0377,2,941.97,1883.94
HITM0009311,HORD002974,PRD0624,1,588.21,588.21
HITM0009312,HORD002974,PRD0224,3,3534.57,10603.71
HITM0009313,HORD002975,PRD0376,2,689.26,1378.52
HITM0009314,HORD002975,PRD0136,1,360.6,360.6
HITM0009315,HORD002976,PRD0552,1,1741.06,1741.06
HITM0009316,HORD002976,PRD0766,1,734.79,734.79
HITM0009317,HORD002977,PRD0666,1,703.13,703.13
HITM0009318,HORD002977,PRD0061,1,1070.18,1070.18
HITM0009319,HORD002978,PRD0293,2,1414.37,2828.74
HITM0009320,HORD002978,PRD0120,3,46.82,140.46
HITM0009321,HORD002978,PRD0108,2,462.45,924.9
HITM0009322,HORD002978,PRD0511,1,2672.61,2672.61
HITM0009323,HORD002978,PRD0663,1,337.29,337.29
HITM0009324,HORD002979,PRD0008,1,146.16,146.16
HITM0009325,HORD002979,PRD0566,1,665.53,665.53
HITM0009326,HORD002979,PRD0925,1,327.94,327.94
HITM0009327,HORD002980,PRD0628,1,62.19,62.19
HITM0009328,HORD002980,PRD0443,2,393.59,787.18
HITM0009329,HORD002980,PRD0598,1,825.04,825.04
HITM0009330,HORD002981,PRD0927,1,1547.06,1547.06
HITM0009331,HORD002981,PRD0549,2,290.7,581.4
HITM0009332,HORD002981,PRD0778,2,769.84,1539.68
HITM0009333,HORD002982,PRD0556,1,177.48,177.48
HITM0009334,HORD002982,PRD0017,1,1611.29,1611.29
HITM0009335,HORD002983,PRD0678,3,597.3,1791.9
HITM0009336,HORD002983,PRD0310,1,83.71,83.71
HITM0009337,HORD002983,PRD0274,3,2425.87,7277.61
HITM0009338,HORD002983,PRD0952,1,550.92,550.92
HITM0009339,HORD002984,PRD0390,1,391.31,391.31
HITM0009340,HORD002984,PRD0727,2,1874.18,3748.36
HITM0009341,HORD002985,PRD0907,1,1941.5,1941.5
HITM0009342,HORD002985,PRD0922,3,905.58,2716.74
HITM0009343,HORD002985,PRD0369,1,123.0,123.0
HITM0009344,HORD002986,PRD0461,1,1664.1,1664.1
HITM0009345,HORD002986,PRD0610,1,159.67,159.67
HITM0009346,HORD002986,PRD0052,1,1050.73,1050.73
HITM0009347,HORD002986,PRD0219,1,227.25,227.25
HITM0009348,HORD002986,PRD0093,1,1233.02,1233.02
HITM0009349,HORD002987,PRD0800,1,274.87,274.87
HITM0009350,HORD002987,PRD0215,1,273.66,273.66
HITM0009351,HORD002987,PRD0445,1,1026.22,1026.22
HITM0009352,HORD002988,PRD0665,2,758.8,1517.6
HITM0009353,HORD002988,PRD0418,1,301.4,301.4
HITM0009354,HORD002988,PRD0571,3,1263.4,3790.2
HITM0009355,HORD002989,PRD0113,1,418.73,418.73
HITM0009356,HORD002989,PRD0965,1,1142.59,1142.59
HITM0009357,HORD002989,PRD0631,1,2823.87,2823.87
HITM0009358,HORD002989,PRD0528,2,386.06,772.12
HITM0009359,HORD002990,PRD0161,2,1855.03,3710.06
HITM0009360,HORD002990,PRD0287,1,2324.3,2324.3
HITM0009361,HORD002991,PRD0823,1,631.56,631.56
HITM0009362,HORD002992,PRD0462,1,595.57,595.57
HITM0009363,HORD002992,PRD0178,1,184.26,184.26
HITM0009364,HORD002992,PRD0089,1,1041.14,1041.14
HITM0009365,HORD002992,PRD0725,1,107.02,107.02
HITM0009366,HORD002993,PRD0677,1,197.41,197.41
HITM0009367,HORD002993,PRD0518,1,365.35,365.35
HITM0009368,HORD002993,PRD0368,2,372.64,745.28
HITM0009369,HORD002994,PRD0331,1,1007.66,1007.66
HITM0009370,HORD002994,PRD0597,1,1647.12,1647.12
HITM0009371,HORD002994,PRD0748,1,147.02,147.02
HITM0009372,HORD002994,PRD0777,1,666.99,666.99
HITM0009373,HORD002995,PRD0627,1,869.77,869.77
HITM0009374,HORD002995,PRD0108,1,462.45,462.45
HITM0009375,HORD002995,PRD0888,3,735.67,2207.01
HITM0009376,HORD002995,PRD0660,2,15.31,30.62
HITM0009377,HORD002996,PRD0336,1,657.61,657.61
HITM0009378,HORD002996,PRD0949,2,541.69,1083.38
HITM0009379,HORD002996,PRD0488,1,658.75,658.75
HITM0009380,HORD002997,PRD0272,1,830.69,830.69
HITM0009381,HORD002997,PRD0764,2,3198.68,6397.36
HITM0009382,HORD002997,PRD0797,2,850.77,1701.54
HITM0009383,HORD002998,PRD0774,1,3381.71,3381.71
HITM0009384,HORD002998,PRD0832,1,1257.86,1257.86
HITM0009385,HORD002998,PRD0312,1,1449.43,1449.43
HITM0009386,HORD002998,PRD0825,1,606.92,606.92
HITM0009387,HORD002998,PRD0585,1,81.84,81.84
HITM0009388,HORD002999,PRD0527,2,2076.11,4152.22
HITM0009389,HORD002999,PRD0334,1,2155.76,2155.76
HITM0009390,HORD002999,PRD0629,1,925.23,925.23
HITM0009391,HORD002999,PRD0102,1,1075.3,1075.3
HITM0009392,HORD003000,PRD0094,1,627.77,627.77
HITM0009393,HORD003000,PRD0362,1,1217.27,1217.27
HITM0009394,HORD003000,PRD0742,1,1738.97,1738.97
HITM0009395,HORD003001,PRD0910,1,19.2,19.2
HITM0009396,HORD003001,PRD0920,2,393.44,786.88
HITM0009397,HORD003001,PRD0284,3,4182.34,12547.02
HITM0009398,HORD003002,PRD0860,1,359.33,359.33
HITM0009399,HORD003002,PRD0098,1,848.52,848.52
HITM0009400,HORD003003,PRD0698,1,445.24,445.24
HITM0009401,HORD003003,PRD0654,1,2311.57,2311.57
HITM0009402,HORD003003,PRD0864,1,3026.32,3026.32
HITM0009403,HORD003003,PRD0561,1,951.61,951.61
HITM0009404,HORD003004,PRD0356,1,215.96,215.96
HITM0009405,HORD003004,PRD0805,1,997.5,997.5
HITM0009406,HORD003004,PRD0395,2,366.66,733.32
HITM0009407,HORD003005,PRD0593,1,703.89,703.89
HITM0009408,HORD003005,PRD0521,1,2581.65,2581.65
HITM0009409,HORD003005,PRD0848,3,522.45,1567.35
HITM0009410,HORD003006,PRD0857,1,998.5,998.5
HITM0009411,HORD003006,PRD0425,1,615.94,615.94
HITM0009412,HORD003006,PRD0089,2,1041.14,2082.28
HITM0009413,HORD003007,PRD0956,1,86.17,86.17
HITM0009414,HORD003007,PRD0546,2,401.4,802.8
HITM0009415,HORD003007,PRD0660,1,15.31,15.31
HITM0009416,HORD003008,PRD0521,1,2581.65,2581.65
HITM0009417,HORD003008,PRD0036,1,120.39,120.39
HITM0009418,HORD003008,PRD0706,1,173.61,173.61
HITM0009419,HORD003008,PRD0745,2,882.2,1764.4
HITM0009420,HORD003009,PRD0357,2,2299.18,4598.36
HITM0009421,HORD003009,PRD0346,2,291.88,583.76
HITM0009422,HORD003009,PRD0871,1,3102.51,3102.51
HITM0009423,HORD003009,PRD0103,1,619.16,619.16
HITM0009424,HORD003009,PRD0225,1,1060.36,1060.36
HITM0009425,HORD003010,PRD0967,1,530.38,530.38
HITM0009426,HORD003010,PRD0619,1,394.74,394.74
HITM0009427,HORD003010,PRD0443,3,393.59,1180.77
HITM0009428,HORD003011,PRD0178,1,184.26,184.26
HITM0009429,HORD003011,PRD0062,1,1491.83,1491.83
HITM0009430,HORD003011,PRD0786,2,400.03,800.06
HITM0009431,HORD003012,PRD0011,1,1160.31,1160.31
HITM0009432,HORD003012,PRD0410,1,212.08,212.08
HITM0009433,HORD003012,PRD0909,1,167.36,167.36
HITM0009434,HORD003012,PRD0860,1,359.33,359.33
HITM0009435,HORD003013,PRD0145,1,564.49,564.49
HITM0009436,HORD003013,PRD0263,1,590.67,590.67
HITM0009437,HORD003013,PRD0906,2,150.8,301.6
HITM0009438,HORD003013,PRD0574,2,3665.3,7330.6
HITM0009439,HORD003014,PRD0326,1,62.48,62.48
HITM0009440,HORD003014,PRD0897,1,368.24,368.24
HITM0009441,HORD003015,PRD0437,2,2082.66,4165.32
HITM0009442,HORD003015,PRD0960,2,155.66,311.32
HITM0009443,HORD003015,PRD0228,1,121.94,121.94
HITM0009444,HORD003016,PRD0025,1,399.48,399.48
HITM0009445,HORD003016,PRD0384,1,2615.99,2615.99
HITM0009446,HORD003016,PRD0768,1,1063.13,1063.13
HITM0009447,HORD003017,PRD0102,1,1075.3,1075.3
HITM0009448,HORD003017,PRD0446,1,132.64,132.64
HITM0009449,HORD003017,PRD0501,1,2831.58,2831.58
HITM0009450,HORD003018,PRD0928,1,302.59,302.59
HITM0009451,HORD003018,PRD0061,1,1070.18,1070.18
HITM0009452,HORD003018,PRD0576,1,30.87,30.87
HITM0009453,HORD003019,PRD0720,1,313.84,313.84
HITM0009454,HORD003019,PRD0364,1,3680.48,3680.48
HITM0009455,HORD003019,PRD0677,1,197.41,197.41
HITM0009456,HORD003019,PRD0128,1,237.78,237.78
HITM0009457,HORD003020,PRD0247,1,694.04,694.04
HITM0009458,HORD003020,PRD0960,1,155.66,155.66
HITM0009459,HORD003020,PRD0471,1,1997.5,1997.5
HITM0009460,HORD003021,PRD0969,3,748.26,2244.78
HITM0009461,HORD003022,PRD0367,1,179.97,179.97
HITM0009462,HORD003022,PRD0465,1,276.29,276.29
HITM0009463,HORD003022,PRD0069,1,1370.67,1370.67
HITM0009464,HORD003023,PRD0927,3,1547.06,4641.18
HITM0009465,HORD003023,PRD0140,1,394.57,394.57
HITM0009466,HORD003023,PRD0686,1,654.4,654.4
HITM0009467,HORD003023,PRD0660,2,15.31,30.62
HITM0009468,HORD003024,PRD0270,1,381.87,381.87
HITM0009469,HORD003024,PRD0170,1,202.15,202.15
HITM0009470,HORD003024,PRD0356,1,215.96,215.96
HITM0009471,HORD003025,PRD0107,1,1780.98,1780.98
HITM0009472,HORD003025,PRD0522,2,1323.78,2647.56
HITM0009473,HORD003025,PRD0188,2,936.44,1872.88
HITM0009474,HORD003025,PRD0576,2,30.87,61.74
HITM0009475,HORD003026,PRD0200,1,160.69,160.69
HITM0009476,HORD003026,PRD0542,1,1746.75,1746.75
HITM0009477,HORD003027,PRD0868,2,956.14,1912.28
HITM0009478,HORD003027,PRD0710,3,221.52,664.56
HITM0009479,HORD003028,PRD0945,1,113.23,113.23
HITM0009480,HORD003028,PRD0359,1,597.95,597.95
HITM0009481,HORD003028,PRD0066,1,66.71,66.71
HITM0009482,HORD003028,PRD0204,1,2130.68,2130.68
HITM0009483,HORD003029,PRD0681,1,963.93,963.93
HITM0009484,HORD003029,PRD0576,1,30.87,30.87
HITM0009485,HORD003029,PRD0876,1,61.28,61.28
HITM0009486,HORD003030,PRD0063,1,1461.12,1461.12
HITM0009487,HORD003030,PRD0670,1,152.13,152.13
HITM0009488,HORD003030,PRD0241,1,2265.52,2265.52
HITM0009489,HORD003030,PRD0232,1,1634.96,1634.96
HITM0009490,HORD003031,PRD0845,1,1093.84,1093.84
HITM0009491,HORD003031,PRD0159,1,1223.4,1223.4
HITM0009492,HORD003031,PRD0855,1,316.87,316.87
HITM0009493,HORD003031,PRD0087,1,164.58,164.58
HITM0009494,HORD003032,PRD0288,1,324.08,324.08
HITM0009495,HORD003032,PRD0980,1,286.55,286.55
HITM0009496,HORD003032,PRD0585,1,81.84,81.84
HITM0009497,HORD003032,PRD0487,1,136.07,136.07
HITM0009498,HORD003032,PRD0275,1,928.24,928.24
HITM0009499,HORD003033,PRD0137,1,1138.46,1138.46
HITM0009500,HORD003033,PRD0074,2,587.22,1174.44
HITM0009501,HORD003033,PRD0050,1,56.24,56.24
HITM0009502,HORD003033,PRD0458,1,960.04,960.04
HITM0009503,HORD003033,PRD0136,1,360.6,360.6
HITM0009504,HORD003034,PRD0751,1,2931.11,2931.11
HITM0009505,HORD003034,PRD0744,1,2051.82,2051.82
HITM0009506,HORD003034,PRD0981,1,2016.47,2016.47
HITM0009507,HORD003034,PRD0200,1,160.69,160.69
HITM0009508,HORD003035,PRD0720,1,313.84,313.84
HITM0009509,HORD003035,PRD0802,1,593.98,593.98
HITM0009510,HORD003035,PRD0197,1,179.71,179.71
HITM0009511,HORD003036,PRD0636,1,801.41,801.41
HITM0009512,HORD003036,PRD0012,1,711.13,711.13
HITM0009513,HORD003036,PRD0660,1,15.31,15.31
HITM0009514,HORD003037,PRD0229,1,963.55,963.55
HITM0009515,HORD003037,PRD0071,1,1342.48,1342.48
HITM0009516,HORD003037,PRD0665,1,758.8,758.8
HITM0009517,HORD003038,PRD0728,1,649.9,649.9
HITM0009518,HORD003038,PRD0088,1,767.45,767.45
HITM0009519,HORD003038,PRD0374,2,1846.98,3693.96
HITM0009520,HORD003039,PRD0404,1,1363.51,1363.51
HITM0009521,HORD003039,PRD0957,2,1732.9,3465.8
HITM0009522,HORD003039,PRD0076,1,729.89,729.89
HITM0009523,HORD003039,PRD0248,2,451.1,902.2
HITM0009524,HORD003040,PRD0074,1,587.22,587.22
HITM0009525,HORD003040,PRD0548,1,957.21,957.21
HITM0009526,HORD003040,PRD0630,1,399.15,399.15
HITM0009527,HORD003040,PRD0939,2,866.1,1732.2
HITM0009528,HORD003041,PRD0699,1,508.79,508.79
HITM0009529,HORD003041,PRD0543,2,303.53,607.06
HITM0009530,HORD003041,PRD0911,3,2044.96,6134.88
HITM0009531,HORD003041,PRD0019,3,1020.41,3061.23
HITM0009532,HORD003041,PRD0003,3,316.95,950.85
HITM0009533,HORD003042,PRD0310,1,83.71,83.71
HITM0009534,HORD003042,PRD0407,1,607.64,607.64
HITM0009535,HORD003042,PRD0645,3,206.79,620.37
HITM0009536,HORD003043,PRD0315,1,197.15,197.15
HITM0009537,HORD003043,PRD0104,3,1407.8,4223.4
HITM0009538,HORD003044,PRD0530,2,210.45,420.9
HITM0009539,HORD003044,PRD0185,1,884.92,884.92
HITM0009540,HORD003044,PRD0217,2,648.29,1296.58
HITM0009541,HORD003044,PRD0687,1,729.09,729.09
HITM0009542,HORD003044,PRD0366,1,356.03,356.03
HITM0009543,HORD003045,PRD0720,1,313.84,313.84
HITM0009544,HORD003045,PRD0753,2,272.68,545.36
HITM0009545,HORD003045,PRD0196,1,483.11,483.11
HITM0009546,HORD003046,PRD0490,2,337.69,675.38
HITM0009547,HORD003046,PRD0878,1,453.39,453.39
HITM0009548,HORD003047,PRD0480,3,379.33,1137.99
HITM0009549,HORD003047,PRD0819,1,282.56,282.56
HITM0009550,HORD003047,PRD0350,1,175.83,175.83
HITM0009551,HORD003048,PRD0537,1,669.66,669.66
HITM0009552,HORD003048,PRD0288,1,324.08,324.08
HITM0009553,HORD003048,PRD0486,1,297.99,297.99
HITM0009554,HORD003048,PRD0612,1,1688.14,1688.14
HITM0009555,HORD003049,PRD0142,1,1647.71,1647.71
HITM0009556,HORD003049,PRD0405,2,146.11,292.22
HITM0009557,HORD003050,PRD0515,2,1139.31,2278.62
HITM0009558,HORD003050,PRD0462,1,595.57,595.57
HITM0009559,HORD003050,PRD0540,1,369.8,369.8
HITM0009560,HORD003050,PRD0595,3,758.18,2274.54
HITM0009561,HORD003050,PRD0801,2,1009.09,2018.18
HITM0009562,HORD003051,PRD0520,1,298.12,298.12
HITM0009563,HORD003051,PRD0145,1,564.49,564.49
HITM0009564,HORD003051,PRD0092,1,1139.05,1139.05
HITM0009565,HORD003052,PRD0428,2,844.51,1689.02
HITM0009566,HORD003052,PRD0576,1,30.87,30.87
HITM0009567,HORD003052,PRD0868,2,956.14,1912.28
HITM0009568,HORD003053,PRD0951,1,1391.02,1391.02
HITM0009569,HORD003054,PRD0450,2,210.74,421.48
HITM0009570,HORD003054,PRD0683,1,609.14,609.14
HITM0009571,HORD003054,PRD0496,3,223.21,669.63
HITM0009572,HORD003055,PRD0316,1,640.98,640.98
HITM0009573,HORD003055,PRD0619,2,394.74,789.48
HITM0009574,HORD003055,PRD0168,1,654.31,654.31
HITM0009575,HORD003055,PRD0664,1,3064.35,3064.35
HITM0009576,HORD003056,PRD0195,1,89.95,89.95
HITM0009577,HORD003057,PRD0276,1,443.22,443.22
HITM0009578,HORD003057,PRD0871,1,3102.51,3102.51
HITM0009579,HORD003057,PRD0044,1,2873.82,2873.82
HITM0009580,HORD003058,PRD0632,1,1826.27,1826.27
HITM0009581,HORD003058,PRD0732,2,1280.4,2560.8
HITM0009582,HORD003058,PRD0932,1,1610.28,1610.28
HITM0009583,HORD003058,PRD0015,1,828.91,828.91
HITM0009584,HORD003059,PRD0158,1,561.62,561.62
HITM0009585,HORD003059,PRD0037,1,1207.21,1207.21
HITM0009586,HORD003059,PRD0859,1,530.9,530.9
HITM0009587,HORD003059,PRD0425,1,615.94,615.94
HITM0009588,HORD003059,PRD0928,1,302.59,302.59
HITM0009589,HORD003060,PRD0106,1,40.68,40.68
HITM0009590,HORD003060,PRD0238,1,814.82,814.82
HITM0009591,HORD003060,PRD0857,1,998.5,998.5
HITM0009592,HORD003061,PRD0712,1,1402.88,1402.88
HITM0009593,HORD003062,PRD0726,1,479.51,479.51
HITM0009594,HORD003062,PRD0981,1,2016.47,2016.47
HITM0009595,HORD003062,PRD0954,1,848.21,848.21
HITM0009596,HORD003063,PRD0159,1,1223.4,1223.4
HITM0009597,HORD003063,PRD0706,1,173.61,173.61
HITM0009598,HORD003063,PRD0218,1,637.83,637.83
HITM0009599,HORD003063,PRD0351,1,1823.65,1823.65
HITM0009600,HORD003064,PRD0070,1,376.35,376.35
HITM0009601,HORD003064,PRD0117,1,684.24,684.24
HITM0009602,HORD003064,PRD0646,1,155.12,155.12
HITM0009603,HORD003064,PRD0906,1,150.8,150.8
HITM0009604,HORD003064,PRD0932,2,1610.28,3220.56
HITM0009605,HORD003065,PRD0542,1,1746.75,1746.75
HITM0009606,HORD003065,PRD0519,1,1464.8,1464.8
HITM0009607,HORD003065,PRD0158,1,561.62,561.62
HITM0009608,HORD003066,PRD0982,1,973.58,973.58
HITM0009609,HORD003066,PRD0375,2,901.8,1803.6
HITM0009610,HORD003067,PRD0950,1,71.67,71.67
HITM0009611,HORD003067,PRD0643,1,1556.87,1556.87
HITM0009612,HORD003067,PRD0275,2,928.24,1856.48
HITM0009613,HORD003067,PRD0680,3,369.12,1107.36
HITM0009614,HORD003067,PRD0179,1,769.0,769.0
HITM0009615,HORD003068,PRD0272,3,830.69,2492.07
HITM0009616,HORD003068,PRD0504,1,3043.58,3043.58
HITM0009617,HORD003068,PRD0345,2,437.36,874.72
HITM0009618,HORD003068,PRD0134,1,1214.25,1214.25
HITM0009619,HORD003069,PRD0409,2,178.56,357.12
HITM0009620,HORD003069,PRD0710,1,221.52,221.52
HITM0009621,HORD003070,PRD0969,1,748.26,748.26
HITM0009622,HORD003070,PRD0573,1,281.0,281.0
HITM0009623,HORD003071,PRD0036,3,120.39,361.17
HITM0009624,HORD003071,PRD0162,1,1783.95,1783.95
HITM0009625,HORD003071,PRD0509,1,306.02,306.02
HITM0009626,HORD003072,PRD0700,1,105.41,105.41
HITM0009627,HORD003072,PRD0308,3,1088.84,3266.52
HITM0009628,HORD003072,PRD0596,1,846.46,846.46
HITM0009629,HORD003073,PRD0175,2,883.13,1766.26
HITM0009630,HORD003073,PRD0519,1,1464.8,1464.8
HITM0009631,HORD003073,PRD0919,1,202.1,202.1
HITM0009632,HORD003074,PRD0372,1,943.73,943.73
HITM0009633,HORD003075,PRD0369,2,123.0,246.0
HITM0009634,HORD003075,PRD0431,1,1519.4,1519.4
HITM0009635,HORD003075,PRD0409,2,178.56,357.12
HITM0009636,HORD003075,PRD0700,1,105.41,105.41
HITM0009637,HORD003075,PRD0520,1,298.12,298.12
HITM0009638,HORD003076,PRD0367,2,179.97,359.94
HITM0009639,HORD003076,PRD0892,2,602.8,1205.6
HITM0009640,HORD003077,PRD0088,1,767.45,767.45
HITM0009641,HORD003077,PRD0624,1,588.21,588.21
HITM0009642,HORD003077,PRD0365,1,1165.16,1165.16
HITM0009643,HORD003077,PRD0698,1,445.24,445.24
HITM0009644,HORD003078,PRD0132,1,1616.97,1616.97
HITM0009645,HORD003078,PRD0156,1,402.17,402.17
HITM0009646,HORD003078,PRD0642,1,1399.48,1399.48
HITM0009647,HORD003078,PRD0332,2,896.69,1793.38
HITM0009648,HORD003079,PRD0194,2,537.22,1074.44
HITM0009649,HORD003079,PRD0487,3,136.07,408.21
HITM0009650,HORD003079,PRD0465,1,276.29,276.29
HITM0009651,HORD003079,PRD0404,1,1363.51,1363.51
HITM0009652,HORD003079,PRD0013,1,377.71,377.71
HITM0009653,HORD003080,PRD0363,1,554.22,554.22
HITM0009654,HORD003080,PRD0810,1,325.73,325.73
HITM0009655,HORD003080,PRD0600,1,198.56,198.56
HITM0009656,HORD003080,PRD0936,1,214.36,214.36
HITM0009657,HORD003081,PRD0996,1,643.77,643.77
HITM0009658,HORD003081,PRD0937,1,2275.76,2275.76
HITM0009659,HORD003081,PRD0548,1,957.21,957.21
HITM0009660,HORD003081,PRD0535,1,1030.78,1030.78
HITM0009661,HORD003081,PRD0468,1,523.04,523.04
HITM0009662,HORD003082,PRD0048,2,176.51,353.02
HITM0009663,HORD003082,PRD0650,1,233.76,233.76
HITM0009664,HORD003082,PRD0454,1,1098.4,1098.4
HITM0009665,HORD003083,PRD0179,1,769.0,769.0
HITM0009666,HORD003083,PRD0178,2,184.26,368.52
HITM0009667,HORD003084,PRD0558,2,1044.96,2089.92
HITM0009668,HORD003084,PRD0944,1,2849.2,2849.2
HITM0009669,HORD003084,PRD0537,1,669.66,669.66
HITM0009670,HORD003085,PRD0046,1,355.51,355.51
HITM0009671,HORD003085,PRD0183,3,442.77,1328.31
HITM0009672,HORD003085,PRD0843,2,676.52,1353.04
HITM0009673,HORD003085,PRD0539,1,968.63,968.63
HITM0009674,HORD003086,PRD0660,1,15.31,15.31
HITM0009675,HORD003086,PRD0033,2,884.6,1769.2
HITM0009676,HORD003086,PRD0094,1,627.77,627.77
HITM0009677,HORD003086,PRD0194,2,537.22,1074.44
HITM0009678,HORD003087,PRD0952,1,550.92,550.92
HITM0009679,HORD003088,PRD0052,1,1050.73,1050.73
HITM0009680,HORD003088,PRD0087,1,164.58,164.58
HITM0009681,HORD003088,PRD0703,1,289.3,289.3
HITM0009682,HORD003088,PRD0130,2,234.4,468.8
HITM0009683,HORD003089,PRD0073,2,1270.32,2540.64
HITM0009684,HORD003089,PRD0127,1,415.41,415.41
HITM0009685,HORD003089,PRD0302,1,1005.45,1005.45
HITM0009686,HORD003089,PRD0288,1,324.08,324.08
HITM0009687,HORD003090,PRD0402,1,335.07,335.07
HITM0009688,HORD003090,PRD0672,1,1330.59,1330.59
HITM0009689,HORD003090,PRD0468,1,523.04,523.04
HITM0009690,HORD003091,PRD0881,2,1901.2,3802.4
HITM0009691,HORD003091,PRD0818,1,1065.11,1065.11
HITM0009692,HORD003091,PRD0205,1,864.54,864.54
HITM0009693,HORD003092,PRD0913,1,570.08,570.08
HITM0009694,HORD003093,PRD0197,1,179.71,179.71
HITM0009695,HORD003093,PRD0787,1,527.32,527.32
HITM0009696,HORD003093,PRD0533,2,367.95,735.9
HITM0009697,HORD003093,PRD0736,1,828.82,828.82
HITM0009698,HORD003094,PRD0938,1,929.59,929.59
HITM0009699,HORD003094,PRD0186,3,280.16,840.48
HITM0009700,HORD003094,PRD0808,1,566.96,566.96
HITM0009701,HORD003094,PRD0470,1,116.53,116.53
HITM0009702,HORD003094,PRD0747,1,619.18,619.18
HITM0009703,HORD003095,PRD0728,1,649.9,649.9
HITM0009704,HORD003095,PRD0849,1,272.8,272.8
HITM0009705,HORD003096,PRD0528,1,386.06,386.06
HITM0009706,HORD003096,PRD0275,1,928.24,928.24
HITM0009707,HORD003097,PRD0050,2,56.24,112.48
HITM0009708,HORD003097,PRD0690,1,30.42,30.42
HITM0009709,HORD003097,PRD0645,2,206.79,413.58
HITM0009710,HORD003097,PRD0148,1,457.28,457.28
HITM0009711,HORD003098,PRD0392,1,647.54,647.54
HITM0009712,HORD003098,PRD0637,1,1722.59,1722.59
HITM0009713,HORD003098,PRD0878,1,453.39,453.39
HITM0009714,HORD003099,PRD0669,1,603.87,603.87
HITM0009715,HORD003099,PRD0590,2,320.53,641.06
HITM0009716,HORD003099,PRD0276,1,443.22,443.22
HITM0009717,HORD003099,PRD0190,1,274.29,274.29
HITM0009718,HORD003099,PRD0857,1,998.5,998.5
HITM0009719,HORD003100,PRD0606,1,556.12,556.12
HITM0009720,HORD003100,PRD0732,2,1280.4,2560.8
HITM0009721,HORD003100,PRD0059,2,748.03,1496.06
HITM0009722,HORD003100,PRD0837,1,471.38,471.38
HITM0009723,HORD003101,PRD0976,1,838.03,838.03
HITM0009724,HORD003101,PRD0176,1,408.12,408.12
HITM0009725,HORD003101,PRD0061,1,1070.18,1070.18
HITM0009726,HORD003101,PRD0245,1,616.59,616.59
HITM0009727,HORD003102,PRD0249,1,1193.82,1193.82
HITM0009728,HORD003102,PRD0945,1,113.23,113.23
HITM0009729,HORD003102,PRD0591,2,2122.13,4244.26
HITM0009730,HORD003102,PRD0365,1,1165.16,1165.16
HITM0009731,HORD003102,PRD0456,2,111.78,223.56
HITM0009732,HORD003103,PRD0916,3,110.26,330.78
HITM0009733,HORD003103,PRD0692,1,488.18,488.18
HITM0009734,HORD003103,PRD0167,1,2514.98,2514.98
HITM0009735,HORD003104,PRD0594,1,2046.58,2046.58
HITM0009736,HORD003104,PRD0547,1,2316.63,2316.63
HITM0009737,HORD003104,PRD0849,1,272.8,272.8
HITM0009738,HORD003105,PRD0969,1,748.26,748.26
HITM0009739,HORD003105,PRD0474,1,1387.31,1387.31
HITM0009740,HORD003106,PRD0267,1,657.53,657.53
HITM0009741,HORD003106,PRD0150,1,338.38,338.38
HITM0009742,HORD003106,PRD0802,1,593.98,593.98
HITM0009743,HORD003107,PRD0870,2,370.25,740.5
HITM0009744,HORD003107,PRD0916,1,110.26,110.26
HITM0009745,HORD003107,PRD0324,1,632.08,632.08
HITM0009746,HORD003107,PRD0612,1,1688.14,1688.14
HITM0009747,HORD003107,PRD0273,1,697.23,697.23
HITM0009748,HORD003108,PRD0235,1,452.44,452.44
HITM0009749,HORD003108,PRD0455,2,679.95,1359.9
HITM0009750,HORD003108,PRD0618,1,421.89,421.89
HITM0009751,HORD003109,PRD0598,1,825.04,825.04
HITM0009752,HORD003109,PRD0304,1,966.94,966.94
HITM0009753,HORD003109,PRD0763,1,485.63,485.63
HITM0009754,HORD003110,PRD0748,2,147.02,294.04
HITM0009755,HORD003110,PRD0077,1,1748.69,1748.69
HITM0009756,HORD003110,PRD0206,1,633.94,633.94
HITM0009757,HORD003111,PRD0385,1,272.03,272.03
HITM0009758,HORD003112,PRD0544,1,975.01,975.01
HITM0009759,HORD003112,PRD0088,1,767.45,767.45
HITM0009760,HORD003112,PRD0586,1,110.38,110.38
HITM0009761,HORD003113,PRD0435,1,721.05,721.05
HITM0009762,HORD003113,PRD0659,1,1247.76,1247.76
HITM0009763,HORD003114,PRD0870,2,370.25,740.5
HITM0009764,HORD003114,PRD0282,2,641.72,1283.44
HITM0009765,HORD003114,PRD0986,1,445.06,445.06
HITM0009766,HORD003115,PRD0645,1,206.79,206.79
HITM0009767,HORD003115,PRD0847,1,370.04,370.04
HITM0009768,HORD003115,PRD0455,1,679.95,679.95
HITM0009769,HORD003116,PRD0353,1,1349.93,1349.93
HITM0009770,HORD003116,PRD0897,1,368.24,368.24
HITM0009771,HORD003116,PRD0740,1,326.46,326.46
HITM0009772,HORD003116,PRD0677,1,197.41,197.41
HITM0009773,HORD003116,PRD0228,1,121.94,121.94
HITM0009774,HORD003117,PRD0011,1,1160.31,1160.31
HITM0009775,HORD003117,PRD0343,1,1104.21,1104.21
HITM0009776,HORD003118,PRD0876,1,61.28,61.28
HITM0009777,HORD003118,PRD0865,1,308.23,308.23
HITM0009778,HORD003118,PRD0678,1,597.3,597.3
HITM0009779,HORD003119,PRD0448,1,974.99,974.99
HITM0009780,HORD003119,PRD0721,1,2364.46,2364.46
HITM0009781,HORD003120,PRD0302,1,1005.45,1005.45
HITM0009782,HORD003120,PRD0058,1,137.85,137.85
HITM0009783,HORD003120,PRD0796,1,214.68,214.68
HITM0009784,HORD003121,PRD0616,1,480.04,480.04
HITM0009785,HORD003121,PRD0510,1,176.33,176.33
HITM0009786,HORD003121,PRD0132,1,1616.97,1616.97
HITM0009787,HORD003121,PRD0299,1,1325.19,1325.19
HITM0009788,HORD003122,PRD0221,1,1071.11,1071.11
HITM0009789,HORD003122,PRD0840,1,48.65,48.65
HITM0009790,HORD003122,PRD0242,1,390.52,390.52
HITM0009791,HORD003122,PRD0712,1,1402.88,1402.88
HITM0009792,HORD003123,PRD0803,1,585.93,585.93
HITM0009793,HORD003123,PRD0612,2,1688.14,3376.28
HITM0009794,HORD003123,PRD0691,1,2536.12,2536.12
HITM0009795,HORD003124,PRD0147,1,1002.37,1002.37
HITM0009796,HORD003124,PRD0084,1,1560.4,1560.4
HITM0009797,HORD003124,PRD0461,2,1664.1,3328.2
HITM0009798,HORD003124,PRD0946,1,643.19,643.19
HITM0009799,HORD003125,PRD0549,1,290.7,290.7
HITM0009800,HORD003125,PRD0696,1,137.51,137.51
HITM0009801,HORD003125,PRD0480,1,379.33,379.33
HITM0009802,HORD003126,PRD0808,1,566.96,566.96
HITM0009803,HORD003126,PRD0591,3,2122.13,6366.39
HITM0009804,HORD003126,PRD0996,1,643.77,643.77
HITM0009805,HORD003127,PRD0580,1,180.48,180.48
HITM0009806,HORD003127,PRD0810,1,325.73,325.73
HITM0009807,HORD003127,PRD0324,1,632.08,632.08
HITM0009808,HORD003127,PRD0375,1,901.8,901.8
HITM0009809,HORD003128,PRD0568,1,237.73,237.73
HITM0009810,HORD003128,PRD0272,3,830.69,2492.07
HITM0009811,HORD003128,PRD0889,1,893.76,893.76
HITM0009812,HORD003128,PRD0322,2,1333.07,2666.14
HITM0009813,HORD003128,PRD0227,1,1769.34,1769.34
HITM0009814,HORD003129,PRD0654,1,2311.57,2311.57
HITM0009815,HORD003129,PRD0236,1,131.33,131.33
HITM0009816,HORD003129,PRD0626,1,529.21,529.21
HITM0009817,HORD003130,PRD0570,1,394.68,394.68
HITM0009818,HORD003130,PRD0591,1,2122.13,2122.13
HITM0009819,HORD003130,PRD0036,2,120.39,240.78
HITM0009820,HORD003130,PRD0984,2,1014.29,2028.58
HITM0009821,HORD003130,PRD0508,1,652.45,652.45
HITM0009822,HORD003131,PRD0195,1,89.95,89.95
HITM0009823,HORD003132,PRD0479,1,527.96,527.96
HITM0009824,HORD003132,PRD0460,1,250.7,250.7
HITM0009825,HORD003133,PRD0627,1,869.77,869.77
HITM0009826,HORD003133,PRD0049,1,917.1,917.1
HITM0009827,HORD003133,PRD0456,2,111.78,223.56
HITM0009828,HORD003133,PRD0117,1,684.24,684.24
HITM0009829,HORD003134,PRD0842,1,1418.63,1418.63
HITM0009830,HORD003134,PRD0080,1,15.23,15.23
HITM0009831,HORD003134,PRD0288,1,324.08,324.08
HITM0009832,HORD003135,PRD0584,1,2264.13,2264.13
HITM0009833,HORD003135,PRD0918,1,270.82,270.82
HITM0009834,HORD003135,PRD0970,1,403.08,403.08
HITM0009835,HORD003135,PRD0690,2,30.42,60.84
HITM0009836,HORD003136,PRD0756,1,238.54,238.54
HITM0009837,HORD003136,PRD0237,2,2383.14,4766.28
HITM0009838,HORD003136,PRD0596,1,846.46,846.46
HITM0009839,HORD003136,PRD0683,1,609.14,609.14
HITM0009840,HORD003137,PRD0521,1,2581.65,2581.65
HITM0009841,HORD003137,PRD0586,2,110.38,220.76
HITM0009842,HORD003138,PRD0950,1,71.67,71.67
HITM0009843,HORD003139,PRD0412,1,383.4,383.4
HITM0009844,HORD003139,PRD0061,1,1070.18,1070.18
HITM0009845,HORD003140,PRD0946,1,643.19,643.19
HITM0009846,HORD003140,PRD0265,1,94.03,94.03
HITM0009847,HORD003141,PRD0660,1,15.31,15.31
HITM0009848,HORD003141,PRD0446,1,132.64,132.64
HITM0009849,HORD003141,PRD0888,1,735.67,735.67
HITM0009850,HORD003142,PRD0591,2,2122.13,4244.26
HITM0009851,HORD003142,PRD0649,1,1306.2,1306.2
HITM0009852,HORD003142,PRD0271,1,2076.99,2076.99
HITM0009853,HORD003143,PRD0797,2,850.77,1701.54
HITM0009854,HORD003143,PRD0258,1,649.82,649.82
HITM0009855,HORD003143,PRD0395,2,366.66,733.32
HITM0009856,HORD003143,PRD0187,1,1875.79,1875.79
HITM0009857,HORD003144,PRD0690,2,30.42,60.84
HITM0009858,HORD003144,PRD0565,1,294.27,294.27
HITM0009859,HORD003144,PRD0459,2,553.35,1106.7
HITM0009860,HORD003144,PRD0487,2,136.07,272.14
HITM0009861,HORD003145,PRD0265,1,94.03,94.03
HITM0009862,HORD003145,PRD0432,1,1426.65,1426.65
HITM0009863,HORD003145,PRD0057,1,768.67,768.67
HITM0009864,HORD003146,PRD0935,2,41.85,83.7
HITM0009865,HORD003147,PRD0769,2,333.15,666.3
HITM0009866,HORD003147,PRD0877,1,921.48,921.48
HITM0009867,HORD003147,PRD0265,1,94.03,94.03
HITM0009868,HORD003148,PRD0416,1,420.25,420.25
HITM0009869,HORD003149,PRD0790,1,110.86,110.86
HITM0009870,HORD003149,PRD0716,1,197.99,197.99
HITM0009871,HORD003149,PRD0065,1,515.94,515.94
HITM0009872,HORD003149,PRD0357,1,2299.18,2299.18
HITM0009873,HORD003150,PRD0286,1,159.28,159.28
HITM0009874,HORD003150,PRD0713,1,1024.63,1024.63
HITM0009875,HORD003150,PRD0441,1,2838.69,2838.69
HITM0009876,HORD003150,PRD0725,1,107.02,107.02
HITM0009877,HORD003150,PRD0236,1,131.33,131.33
HITM0009878,HORD003151,PRD0115,1,678.71,678.71
HITM0009879,HORD003151,PRD0580,1,180.48,180.48
HITM0009880,HORD003151,PRD0127,1,415.41,415.41
HITM0009881,HORD003152,PRD0619,1,394.74,394.74
HITM0009882,HORD003152,PRD0595,1,758.18,758.18
HITM0009883,HORD003152,PRD0127,1,415.41,415.41
HITM0009884,HORD003153,PRD0560,2,414.95,829.9
HITM0009885,HORD003153,PRD0447,2,388.49,776.98
HITM0009886,HORD003153,PRD0801,1,1009.09,1009.09
HITM0009887,HORD003153,PRD0308,2,1088.84,2177.68
HITM0009888,HORD003154,PRD0628,1,62.19,62.19
HITM0009889,HORD003154,PRD0690,2,30.42,60.84
HITM0009890,HORD003154,PRD0746,1,683.7,683.7
HITM0009891,HORD003154,PRD0058,1,137.85,137.85
HITM0009892,HORD003155,PRD0411,1,2843.11,2843.11
HITM0009893,HORD003155,PRD0050,1,56.24,56.24
HITM0009894,HORD003156,PRD0996,1,643.77,643.77
HITM0009895,HORD003157,PRD0033,2,884.6,1769.2
HITM0009896,HORD003157,PRD0269,1,236.51,236.51
HITM0009897,HORD003157,PRD0203,1,1327.73,1327.73
HITM0009898,HORD003157,PRD0432,1,1426.65,1426.65
HITM0009899,HORD003158,PRD0991,1,1900.16,1900.16
HITM0009900,HORD003159,PRD0702,1,1587.86,1587.86
HITM0009901,HORD003159,PRD0277,1,1740.27,1740.27
HITM0009902,HORD003160,PRD0228,1,121.94,121.94
HITM0009903,HORD003160,PRD0388,1,981.72,981.72
HITM0009904,HORD003160,PRD0218,1,637.83,637.83
HITM0009905,HORD003161,PRD0561,1,951.61,951.61
HITM0009906,HORD003161,PRD0309,1,1023.7,1023.7
HITM0009907,HORD003161,PRD0299,2,1325.19,2650.38
HITM0009908,HORD003162,PRD0155,1,372.71,372.71
HITM0009909,HORD003163,PRD0537,2,669.66,1339.32
HITM0009910,HORD003163,PRD0738,2,778.08,1556.16
HITM0009911,HORD003163,PRD0316,1,640.98,640.98
HITM0009912,HORD003163,PRD0451,1,2851.18,2851.18
HITM0009913,HORD003164,PRD0646,1,155.12,155.12
HITM0009914,HORD003164,PRD0361,1,1242.28,1242.28
HITM0009915,HORD003164,PRD0428,1,844.51,844.51
HITM0009916,HORD003165,PRD0596,1,846.46,846.46
HITM0009917,HORD003165,PRD0936,1,214.36,214.36
HITM0009918,HORD003165,PRD0227,1,1769.34,1769.34
HITM0009919,HORD003166,PRD0387,1,2307.58,2307.58
HITM0009920,HORD003166,PRD0551,1,2017.82,2017.82
HITM0009921,HORD003166,PRD0403,1,615.54,615.54
HITM0009922,HORD003167,PRD0952,1,550.92,550.92
HITM0009923,HORD003167,PRD0317,1,2234.93,2234.93
HITM0009924,HORD003167,PRD0363,1,554.22,554.22
HITM0009925,HORD003167,PRD0723,1,461.99,461.99
HITM0009926,HORD003168,PRD0610,1,159.67,159.67
HITM0009927,HORD003168,PRD0304,1,966.94,966.94
HITM0009928,HORD003168,PRD0592,1,471.73,471.73
HITM0009929,HORD003168,PRD0896,1,810.67,810.67
HITM0009930,HORD003169,PRD0310,2,83.71,167.42
HITM0009931,HORD003169,PRD0995,1,745.12,745.12
HITM0009932,HORD003169,PRD0048,1,176.51,176.51
HITM0009933,HORD003169,PRD0977,2,171.2,342.4
HITM0009934,HORD003170,PRD0624,1,588.21,588.21
HITM0009935,HORD003170,PRD0048,1,176.51,176.51
HITM0009936,HORD003170,PRD0187,2,1875.79,3751.58
HITM0009937,HORD003170,PRD0015,1,828.91,828.91
HITM0009938,HORD003171,PRD0426,1,571.98,571.98
HITM0009939,HORD003171,PRD0348,1,340.62,340.62
HITM0009940,HORD003171,PRD0672,1,1330.59,1330.59
HITM0009941,HORD003171,PRD0213,1,1091.55,1091.55
HITM0009942,HORD003171,PRD0590,1,320.53,320.53
HITM0009943,HORD003172,PRD0562,1,1226.97,1226.97
HITM0009944,HORD003173,PRD0767,1,2003.56,2003.56
HITM0009945,HORD003173,PRD0401,1,2421.46,2421.46
HITM0009946,HORD003174,PRD0695,1,980.37,980.37
HITM0009947,HORD003174,PRD0130,1,234.4,234.4
HITM0009948,HORD003174,PRD1000,1,120.72,120.72
HITM0009949,HORD003174,PRD0381,1,2583.59,2583.59
HITM0009950,HORD003175,PRD0644,1,2975.58,2975.58
HITM0009951,HORD003175,PRD0802,1,593.98,593.98
HITM0009952,HORD003175,PRD0767,1,2003.56,2003.56
HITM0009953,HORD003175,PRD0455,1,679.95,679.95
HITM0009954,HORD003175,PRD0909,1,167.36,167.36
HITM0009955,HORD003176,PRD0416,1,420.25,420.25
HITM0009956,HORD003176,PRD0551,1,2017.82,2017.82
HITM0009957,HORD003176,PRD0672,1,1330.59,1330.59
HITM0009958,HORD003177,PRD0848,3,522.45,1567.35
HITM0009959,HORD003177,PRD0669,2,603.87,1207.74
HITM0009960,HORD003177,PRD0258,3,649.82,1949.46
HITM0009961,HORD003178,PRD0215,2,273.66,547.32
HITM0009962,HORD003179,PRD0665,1,758.8,758.8
HITM0009963,HORD003179,PRD0136,2,360.6,721.2
HITM0009964,HORD003179,PRD0227,1,1769.34,1769.34
HITM0009965,HORD003180,PRD0398,1,567.86,567.86
HITM0009966,HORD003180,PRD0314,1,1867.88,1867.88
HITM0009967,HORD003180,PRD0469,1,710.35,710.35
HITM0009968,HORD003181,PRD0055,1,534.13,534.13
HITM0009969,HORD003181,PRD0690,1,30.42,30.42
HITM0009970,HORD003181,PRD0667,1,1136.29,1136.29
HITM0009971,HORD003182,PRD0514,1,1035.93,1035.93
HITM0009972,HORD003182,PRD0150,1,338.38,338.38
HITM0009973,HORD003182,PRD0115,1,678.71,678.71
HITM0009974,HORD003182,PRD0918,1,270.82,270.82
HITM0009975,HORD003183,PRD0151,2,3024.81,6049.62
HITM0009976,HORD003183,PRD0360,1,362.06,362.06
HITM0009977,HORD003183,PRD0952,1,550.92,550.92
HITM0009978,HORD003184,PRD0658,1,471.69,471.69
HITM0009979,HORD003184,PRD0498,1,536.61,536.61
HITM0009980,HORD003184,PRD0845,1,1093.84,1093.84
HITM0009981,HORD003184,PRD0831,1,2373.29,2373.29
HITM0009982,HORD003184,PRD0848,1,522.45,522.45
HITM0009983,HORD003185,PRD0416,1,420.25,420.25
HITM0009984,HORD003186,PRD0249,2,1193.82,2387.64
HITM0009985,HORD003186,PRD0253,1,1494.32,1494.32
HITM0009986,HORD003186,PRD0568,1,237.73,237.73
HITM0009987,HORD003187,PRD0407,1,607.64,607.64
HITM0009988,HORD003187,PRD0106,2,40.68,81.36
HITM0009989,HORD003187,PRD0447,1,388.49,388.49
HITM0009990,HORD003188,PRD0942,1,500.96,500.96
HITM0009991,HORD003188,PRD0760,1,145.6,145.6
HITM0009992,HORD003188,PRD0632,1,1826.27,1826.27
HITM0009993,HORD003188,PRD0313,1,1109.77,1109.77
HITM0009994,HORD003188,PRD0109,1,326.84,326.84
HITM0009995,HORD003189,PRD0300,2,305.18,610.36
HITM0009996,HORD003189,PRD0470,2,116.53,233.06
HITM0009997,HORD003190,PRD0519,1,1464.8,1464.8
HITM0009998,HORD003190,PRD0977,1,171.2,171.2
HITM0009999,HORD003190,PRD0140,2,394.57,789.14
HITM0010000,HORD003190,PRD0117,1,684.24,684.24
HITM0010001,HORD003191,PRD0576,2,30.87,61.74
HITM0010002,HORD003191,PRD0490,1,337.69,337.69
HITM0010003,HORD003192,PRD0580,1,180.48,180.48
HITM0010004,HORD003192,PRD0725,1,107.02,107.02
HITM0010005,HORD003193,PRD0823,2,631.56,1263.12
HITM0010006,HORD003193,PRD0146,1,508.56,508.56
HITM0010007,HORD003193,PRD0388,1,981.72,981.72
HITM0010008,HORD003194,PRD0080,3,15.23,45.69
HITM0010009,HORD003194,PRD0881,3,1901.2,5703.6
HITM0010010,HORD003194,PRD0868,2,956.14,1912.28
HITM0010011,HORD003194,PRD0836,1,826.24,826.24
HITM0010012,HORD003195,PRD0042,1,1502.85,1502.85
HITM0010013,HORD003195,PRD0742,1,1738.97,1738.97
HITM0010014,HORD003195,PRD0619,1,394.74,394.74
HITM0010015,HORD003196,PRD0415,2,78.5,157.0
HITM0010016,HORD003196,PRD0760,1,145.6,145.6
HITM0010017,HORD003196,PRD0045,1,124.62,124.62
HITM0010018,HORD003196,PRD0538,1,986.28,986.28
HITM0010019,HORD003197,PRD0443,1,393.59,393.59
HITM0010020,HORD003197,PRD0873,1,343.79,343.79
HITM0010021,HORD003197,PRD0807,1,1766.65,1766.65
HITM0010022,HORD003197,PRD0892,1,602.8,602.8
HITM0010023,HORD003198,PRD0373,3,664.52,1993.56
HITM0010024,HORD003198,PRD0384,1,2615.99,2615.99
HITM0010025,HORD003198,PRD0104,2,1407.8,2815.6
HITM0010026,HORD003198,PRD0778,3,769.84,2309.52
HITM0010027,HORD003199,PRD0565,1,294.27,294.27
HITM0010028,HORD003199,PRD0870,1,370.25,370.25
HITM0010029,HORD003199,PRD0788,3,319.54,958.62
HITM0010030,HORD003200,PRD0516,2,293.41,586.82
HITM0010031,HORD003200,PRD0499,1,253.73,253.73
HITM0010032,HORD003200,PRD0724,1,2281.33,2281.33
HITM0010033,HORD003200,PRD0064,1,1934.54,1934.54
HITM0010034,HORD003200,PRD0948,1,583.21,583.21
HITM0010035,HORD003201,PRD0480,1,379.33,379.33
HITM0010036,HORD003201,PRD0361,1,1242.28,1242.28
HITM0010037,HORD003201,PRD0093,1,1233.02,1233.02
HITM0010038,HORD003202,PRD0563,2,530.17,1060.34
HITM0010039,HORD003202,PRD0520,1,298.12,298.12
HITM0010040,HORD003202,PRD0360,1,362.06,362.06
HITM0010041,HORD003203,PRD0988,1,236.45,236.45
HITM0010042,HORD003203,PRD0372,1,943.73,943.73
HITM0010043,HORD003203,PRD0032,1,581.78,581.78
HITM0010044,HORD003204,PRD0737,1,540.55,540.55
HITM0010045,HORD003204,PRD0200,1,160.69,160.69
HITM0010046,HORD003205,PRD0899,1,1056.76,1056.76
HITM0010047,HORD003205,PRD0330,1,222.78,222.78
HITM0010048,HORD003205,PRD0772,1,1357.22,1357.22
HITM0010049,HORD003205,PRD0078,2,1051.69,2103.38
HITM0010050,HORD003205,PRD0763,1,485.63,485.63
HITM0010051,HORD003206,PRD0056,1,485.36,485.36
HITM0010052,HORD003207,PRD0369,1,123.0,123.0
HITM0010053,HORD003207,PRD0729,2,691.76,1383.52
HITM0010054,HORD003207,PRD0503,1,946.68,946.68
HITM0010055,HORD003207,PRD0126,1,273.65,273.65
HITM0010056,HORD003207,PRD0092,1,1139.05,1139.05
HITM0010057,HORD003208,PRD0281,1,1296.1,1296.1
HITM0010058,HORD003208,PRD0810,3,325.73,977.19
HITM0010059,HORD003208,PRD0314,2,1867.88,3735.76
HITM0010060,HORD003209,PRD0405,1,146.11,146.11
HITM0010061,HORD003209,PRD0397,1,1333.88,1333.88
HITM0010062,HORD003210,PRD0419,1,1458.66,1458.66
HITM0010063,HORD003210,PRD0053,1,884.08,884.08
HITM0010064,HORD003211,PRD0594,1,2046.58,2046.58
HITM0010065,HORD003211,PRD0607,1,1809.95,1809.95
HITM0010066,HORD003211,PRD0013,1,377.71,377.71
HITM0010067,HORD003211,PRD0997,1,1971.69,1971.69
HITM0010068,HORD003212,PRD0384,1,2615.99,2615.99
HITM0010069,HORD003212,PRD0363,1,554.22,554.22
HITM0010070,HORD003213,PRD0499,1,253.73,253.73
HITM0010071,HORD003213,PRD0018,3,953.09,2859.27
HITM0010072,HORD003213,PRD0149,1,427.78,427.78
HITM0010073,HORD003213,PRD0046,1,355.51,355.51
HITM0010074,HORD003213,PRD0677,1,197.41,197.41
HITM0010075,HORD003214,PRD0235,1,452.44,452.44
HITM0010076,HORD003214,PRD0243,1,1176.42,1176.42
HITM0010077,HORD003215,PRD0754,2,2331.9,4663.8
HITM0010078,HORD003215,PRD0940,1,200.38,200.38
HITM0010079,HORD003215,PRD0267,2,657.53,1315.06
HITM0010080,HORD003216,PRD0487,1,136.07,136.07
HITM0010081,HORD003216,PRD0036,1,120.39,120.39
HITM0010082,HORD003217,PRD0888,3,735.67,2207.01
HITM0010083,HORD003217,PRD0371,2,2179.78,4359.56
HITM0010084,HORD003217,PRD0636,2,801.41,1602.82
HITM0010085,HORD003217,PRD0212,1,369.65,369.65
HITM0010086,HORD003217,PRD0965,2,1142.59,2285.18
HITM0010087,HORD003218,PRD0326,1,62.48,62.48
HITM0010088,HORD003218,PRD0630,2,399.15,798.3
HITM0010089,HORD003218,PRD0018,1,953.09,953.09
HITM0010090,HORD003218,PRD0069,1,1370.67,1370.67
HITM0010091,HORD003219,PRD0477,2,1488.86,2977.72
HITM0010092,HORD003219,PRD0611,1,1787.47,1787.47
HITM0010093,HORD003219,PRD0796,1,214.68,214.68
HITM0010094,HORD003220,PRD0430,2,126.46,252.92
HITM0010095,HORD003220,PRD0243,1,1176.42,1176.42
HITM0010096,HORD003220,PRD0753,1,272.68,272.68
HITM0010097,HORD003220,PRD0684,1,2250.74,2250.74
HITM0010098,HORD003220,PRD0622,2,678.69,1357.38
HITM0010099,HORD003221,PRD0729,1,691.76,691.76
HITM0010100,HORD003221,PRD0474,1,1387.31,1387.31
HITM0010101,HORD003221,PRD0586,1,110.38,110.38
HITM0010102,HORD003222,PRD0258,1,649.82,649.82
HITM0010103,HORD003222,PRD0040,1,239.17,239.17
HITM0010104,HORD003223,PRD0307,1,2081.93,2081.93
HITM0010105,HORD003223,PRD0553,1,1464.9,1464.9
HITM0010106,HORD003223,PRD0823,1,631.56,631.56
HITM0010107,HORD003224,PRD0882,1,404.51,404.51
HITM0010108,HORD003224,PRD0096,2,327.95,655.9
HITM0010109,HORD003224,PRD0677,1,197.41,197.41
HITM0010110,HORD003225,PRD0314,1,1867.88,1867.88
HITM0010111,HORD003225,PRD0782,1,452.61,452.61
HITM0010112,HORD003225,PRD0188,2,936.44,1872.88
HITM0010113,HORD003225,PRD0081,1,1506.97,1506.97
HITM0010114,HORD003226,PRD0309,1,1023.7,1023.7
HITM0010115,HORD003226,PRD0984,1,1014.29,1014.29
HITM0010116,HORD003226,PRD0813,1,772.8,772.8
HITM0010117,HORD003226,PRD0093,1,1233.02,1233.02
HITM0010118,HORD003226,PRD0110,1,110.2,110.2
HITM0010119,HORD003227,PRD0611,1,1787.47,1787.47
HITM0010120,HORD003227,PRD0639,2,912.42,1824.84
HITM0010121,HORD003228,PRD0058,1,137.85,137.85
HITM0010122,HORD003228,PRD0461,1,1664.1,1664.1
HITM0010123,HORD003229,PRD0151,1,3024.81,3024.81
HITM0010124,HORD003229,PRD0577,1,2330.53,2330.53
HITM0010125,HORD003230,PRD0288,1,324.08,324.08
HITM0010126,HORD003230,PRD0985,1,602.55,602.55
HITM0010127,HORD003230,PRD0166,1,401.82,401.82
HITM0010128,HORD003231,PRD0872,1,1383.23,1383.23
HITM0010129,HORD003232,PRD0310,2,83.71,167.42
HITM0010130,HORD003232,PRD0840,2,48.65,97.3
HITM0010131,HORD003233,PRD0951,1,1391.02,1391.02
HITM0010132,HORD003233,PRD0721,3,2364.46,7093.38
HITM0010133,HORD003233,PRD0777,1,666.99,666.99
HITM0010134,HORD003233,PRD0955,3,56.91,170.73
HITM0010135,HORD003234,PRD0953,1,1430.97,1430.97
HITM0010136,HORD003234,PRD0700,1,105.41,105.41
HITM0010137,HORD003234,PRD0776,1,143.41,143.41
HITM0010138,HORD003235,PRD0675,1,98.97,98.97
HITM0010139,HORD003235,PRD0909,1,167.36,167.36
HITM0010140,HORD003235,PRD0306,1,487.14,487.14
HITM0010141,HORD003236,PRD0101,2,1188.71,2377.42
HITM0010142,HORD003236,PRD0887,2,159.97,319.94
HITM0010143,HORD003236,PRD0616,1,480.04,480.04
HITM0010144,HORD003236,PRD0090,1,223.82,223.82
HITM0010145,HORD003237,PRD0121,1,2314.16,2314.16
HITM0010146,HORD003237,PRD0608,1,607.93,607.93
HITM0010147,HORD003237,PRD0523,1,462.11,462.11
HITM0010148,HORD003238,PRD0024,1,3386.44,3386.44
HITM0010149,HORD003239,PRD0233,1,804.27,804.27
HITM0010150,HORD003239,PRD0526,2,84.58,169.16
HITM0010151,HORD003239,PRD0589,1,241.6,241.6
HITM0010152,HORD003239,PRD0821,1,1235.41,1235.41
HITM0010153,HORD003240,PRD0718,1,214.61,214.61
HITM0010154,HORD003240,PRD0925,2,327.94,655.88
HITM0010155,HORD003240,PRD0910,1,19.2,19.2
HITM0010156,HORD003241,PRD0235,1,452.44,452.44
HITM0010157,HORD003241,PRD0680,1,369.12,369.12
HITM0010158,HORD003241,PRD0585,1,81.84,81.84
HITM0010159,HORD003242,PRD0735,1,557.24,557.24
HITM0010160,HORD003242,PRD0792,1,1199.37,1199.37
HITM0010161,HORD003243,PRD0788,1,319.54,319.54
HITM0010162,HORD003243,PRD0440,1,57.41,57.41
HITM0010163,HORD003243,PRD0960,1,155.66,155.66
HITM0010164,HORD003244,PRD0057,1,768.67,768.67
HITM0010165,HORD003244,PRD0643,1,1556.87,1556.87
HITM0010166,HORD003244,PRD0477,1,1488.86,1488.86
HITM0010167,HORD003245,PRD0227,2,1769.34,3538.68
HITM0010168,HORD003245,PRD0990,1,268.68,268.68
HITM0010169,HORD003245,PRD0569,1,238.57,238.57
HITM0010170,HORD003245,PRD0999,1,1457.06,1457.06
HITM0010171,HORD003245,PRD0076,1,729.89,729.89
HITM0010172,HORD003246,PRD0144,1,2737.49,2737.49
HITM0010173,HORD003246,PRD0208,1,425.89,425.89
HITM0010174,HORD003246,PRD0908,1,826.2,826.2
HITM0010175,HORD003247,PRD0073,1,1270.32,1270.32
HITM0010176,HORD003247,PRD0623,2,1221.11,2442.22
HITM0010177,HORD003247,PRD0187,1,1875.79,1875.79
HITM0010178,HORD003247,PRD0913,2,570.08,1140.16
HITM0010179,HORD003247,PRD0889,3,893.76,2681.28
HITM0010180,HORD003248,PRD0008,1,146.16,146.16
HITM0010181,HORD003248,PRD0767,1,2003.56,2003.56
HITM0010182,HORD003248,PRD0990,1,268.68,268.68
HITM0010183,HORD003248,PRD0686,1,654.4,654.4
HITM0010184,HORD003248,PRD0149,1,427.78,427.78
HITM0010185,HORD003249,PRD0944,2,2849.2,5698.4
HITM0010186,HORD003249,PRD0008,1,146.16,146.16
HITM0010187,HORD003249,PRD0709,1,928.13,928.13
HITM0010188,HORD003249,PRD0556,1,177.48,177.48
HITM0010189,HORD003250,PRD0644,1,2975.58,2975.58
HITM0010190,HORD003250,PRD0107,2,1780.98,3561.96
HITM0010191,HORD003250,PRD0424,2,2256.09,4512.18
HITM0010192,HORD003250,PRD0228,3,121.94,365.82
HITM0010193,HORD003251,PRD0043,2,1487.36,2974.72
HITM0010194,HORD003251,PRD0475,1,1049.43,1049.43
HITM0010195,HORD003251,PRD0878,1,453.39,453.39
HITM0010196,HORD003252,PRD0736,1,828.82,828.82
HITM0010197,HORD003252,PRD0497,1,2082.0,2082.0
HITM0010198,HORD003252,PRD0660,1,15.31,15.31
HITM0010199,HORD003252,PRD0404,1,1363.51,1363.51
HITM0010200,HORD003252,PRD0717,1,550.74,550.74
HITM0010201,HORD003253,PRD0250,1,79.79,79.79
HITM0010202,HORD003253,PRD0764,2,3198.68,6397.36
HITM0010203,HORD003253,PRD0689,1,1230.12,1230.12
HITM0010204,HORD003253,PRD0018,1,953.09,953.09
HITM0010205,HORD003254,PRD0146,1,508.56,508.56
HITM0010206,HORD003254,PRD0712,2,1402.88,2805.76
HITM0010207,HORD003254,PRD0173,1,1519.14,1519.14
HITM0010208,HORD003254,PRD0656,1,473.06,473.06
HITM0010209,HORD003255,PRD0638,2,249.29,498.58
HITM0010210,HORD003255,PRD0771,2,1105.04,2210.08
HITM0010211,HORD003256,PRD0508,1,652.45,652.45
HITM0010212,HORD003257,PRD0663,1,337.29,337.29
HITM0010213,HORD003257,PRD0200,1,160.69,160.69
HITM0010214,HORD003258,PRD0841,1,2157.33,2157.33
HITM0010215,HORD003258,PRD0043,1,1487.36,1487.36
HITM0010216,HORD003259,PRD0690,1,30.42,30.42
HITM0010217,HORD003259,PRD0825,1,606.92,606.92
HITM0010218,HORD003259,PRD0543,1,303.53,303.53
HITM0010219,HORD003259,PRD0624,1,588.21,588.21
HITM0010220,HORD003259,PRD0767,1,2003.56,2003.56
HITM0010221,HORD003260,PRD0487,1,136.07,136.07
HITM0010222,HORD003260,PRD0150,1,338.38,338.38
HITM0010223,HORD003260,PRD0645,1,206.79,206.79
HITM0010224,HORD003261,PRD0712,1,1402.88,1402.88
HITM0010225,HORD003261,PRD0356,1,215.96,215.96
HITM0010226,HORD003261,PRD0442,2,1331.04,2662.08
HITM0010227,HORD003261,PRD0430,1,126.46,126.46
HITM0010228,HORD003261,PRD0288,1,324.08,324.08
HITM0010229,HORD003262,PRD0935,1,41.85,41.85
HITM0010230,HORD003262,PRD0194,1,537.22,537.22
HITM0010231,HORD003262,PRD0186,1,280.16,280.16
HITM0010232,HORD003262,PRD0141,1,2256.8,2256.8
HITM0010233,HORD003263,PRD0957,1,1732.9,1732.9
HITM0010234,HORD003263,PRD0824,1,3509.94,3509.94
HITM0010235,HORD003263,PRD0913,1,570.08,570.08
HITM0010236,HORD003263,PRD0326,1,62.48,62.48
HITM0010237,HORD003263,PRD0894,1,2968.01,2968.01
HITM0010238,HORD003264,PRD0668,2,982.03,1964.06
HITM0010239,HORD003264,PRD0574,2,3665.3,7330.6
HITM0010240,HORD003264,PRD0674,3,3423.74,10271.22
HITM0010241,HORD003265,PRD0349,3,1056.93,3170.79
HITM0010242,HORD003265,PRD0187,2,1875.79,3751.58
HITM0010243,HORD003265,PRD0022,2,1385.01,2770.02
HITM0010244,HORD003265,PRD0318,1,930.52,930.52
HITM0010245,HORD003265,PRD0933,3,1394.64,4183.92
HITM0010246,HORD003266,PRD0469,1,710.35,710.35
HITM0010247,HORD003266,PRD0342,1,771.91,771.91
HITM0010248,HORD003266,PRD0246,1,674.8,674.8
HITM0010249,HORD003266,PRD0440,1,57.41,57.41
HITM0010250,HORD003266,PRD0741,1,1525.47,1525.47
HITM0010251,HORD003267,PRD0455,1,679.95,679.95
HITM0010252,HORD003267,PRD0714,1,2934.49,2934.49
HITM0010253,HORD003267,PRD0514,1,1035.93,1035.93
HITM0010254,HORD003268,PRD0524,1,3613.52,3613.52
HITM0010255,HORD003268,PRD0888,2,735.67,1471.34
HITM0010256,HORD003268,PRD0215,1,273.66,273.66
HITM0010257,HORD003268,PRD0330,1,222.78,222.78
HITM0010258,HORD003269,PRD0048,1,176.51,176.51
HITM0010259,HORD003269,PRD0346,1,291.88,291.88
HITM0010260,HORD003269,PRD0080,1,15.23,15.23
HITM0010261,HORD003270,PRD0650,3,233.76,701.28
HITM0010262,HORD003270,PRD0861,1,1625.97,1625.97
HITM0010263,HORD003270,PRD0880,1,148.01,148.01
HITM0010264,HORD003270,PRD0329,1,320.22,320.22
HITM0010265,HORD003271,PRD0601,1,2323.87,2323.87
HITM0010266,HORD003271,PRD0449,2,483.76,967.52
HITM0010267,HORD003271,PRD0997,1,1971.69,1971.69
HITM0010268,HORD003271,PRD0725,1,107.02,107.02
HITM0010269,HORD003272,PRD0780,2,94.47,188.94
HITM0010270,HORD003272,PRD0134,1,1214.25,1214.25
HITM0010271,HORD003273,PRD0292,2,1683.43,3366.86
HITM0010272,HORD003273,PRD0951,1,1391.02,1391.02
HITM0010273,HORD003273,PRD0047,2,425.59,851.18
HITM0010274,HORD003273,PRD0046,2,355.51,711.02
HITM0010275,HORD003274,PRD0348,3,340.62,1021.86
HITM0010276,HORD003274,PRD0693,2,1149.55,2299.1
HITM0010277,HORD003274,PRD0724,1,2281.33,2281.33
HITM0010278,HORD003275,PRD0575,1,177.67,177.67
HITM0010279,HORD003275,PRD0781,1,2891.34,2891.34
HITM0010280,HORD003275,PRD0051,2,2153.52,4307.04
HITM0010281,HORD003275,PRD0168,1,654.31,654.31
HITM0010282,HORD003276,PRD0875,1,1168.64,1168.64
HITM0010283,HORD003276,PRD0058,1,137.85,137.85
HITM0010284,HORD003277,PRD0149,1,427.78,427.78
HITM0010285,HORD003277,PRD0214,1,2467.77,2467.77
HITM0010286,HORD003277,PRD0843,1,676.52,676.52
HITM0010287,HORD003278,PRD0072,2,713.12,1426.24
HITM0010288,HORD003278,PRD0615,2,965.84,1931.68
HITM0010289,HORD003278,PRD0048,1,176.51,176.51
HITM0010290,HORD003278,PRD0775,1,545.51,545.51
HITM0010291,HORD003279,PRD0627,1,869.77,869.77
HITM0010292,HORD003279,PRD0024,1,3386.44,3386.44
HITM0010293,HORD003280,PRD0426,1,571.98,571.98
HITM0010294,HORD003281,PRD0149,1,427.78,427.78
HITM0010295,HORD003281,PRD0520,1,298.12,298.12
HITM0010296,HORD003281,PRD1000,1,120.72,120.72
HITM0010297,HORD003281,PRD0509,3,306.02,918.06
HITM0010298,HORD003282,PRD0825,1,606.92,606.92
HITM0010299,HORD003282,PRD0690,1,30.42,30.42
HITM0010300,HORD003283,PRD0520,1,298.12,298.12
HITM0010301,HORD003283,PRD0106,1,40.68,40.68
HITM0010302,HORD003283,PRD0682,1,1238.87,1238.87
HITM0010303,HORD003283,PRD0020,1,254.09,254.09
HITM0010304,HORD003284,PRD0412,1,383.4,383.4
HITM0010305,HORD003284,PRD0568,2,237.73,475.46
HITM0010306,HORD003284,PRD0861,1,1625.97,1625.97
HITM0010307,HORD003284,PRD0399,1,273.24,273.24
HITM0010308,HORD003284,PRD0715,1,61.65,61.65
HITM0010309,HORD003285,PRD0565,1,294.27,294.27
HITM0010310,HORD003285,PRD0050,1,56.24,56.24
HITM0010311,HORD003285,PRD0952,1,550.92,550.92
HITM0010312,HORD003285,PRD0741,3,1525.47,4576.41
HITM0010313,HORD003286,PRD0876,1,61.28,61.28
HITM0010314,HORD003286,PRD0415,1,78.5,78.5
HITM0010315,HORD003286,PRD0461,2,1664.1,3328.2
HITM0010316,HORD003286,PRD0030,1,360.75,360.75
HITM0010317,HORD003287,PRD0094,1,627.77,627.77
HITM0010318,HORD003287,PRD0737,2,540.55,1081.1
HITM0010319,HORD003287,PRD0883,1,1440.86,1440.86
HITM0010320,HORD003287,PRD0618,1,421.89,421.89
HITM0010321,HORD003288,PRD0660,1,15.31,15.31
HITM0010322,HORD003288,PRD0109,1,326.84,326.84
HITM0010323,HORD003288,PRD0238,1,814.82,814.82
HITM0010324,HORD003289,PRD0106,1,40.68,40.68
HITM0010325,HORD003289,PRD0165,2,471.13,942.26
HITM0010326,HORD003290,PRD0501,2,2831.58,5663.16
HITM0010327,HORD003290,PRD0348,1,340.62,340.62
HITM0010328,HORD003290,PRD0580,1,180.48,180.48
HITM0010329,HORD003290,PRD0423,3,1099.29,3297.87
HITM0010330,HORD003291,PRD0286,2,159.28,318.56
HITM0010331,HORD003291,PRD0645,1,206.79,206.79
HITM0010332,HORD003292,PRD0278,1,623.42,623.42
HITM0010333,HORD003292,PRD0165,1,471.13,471.13
HITM0010334,HORD003292,PRD0296,1,767.13,767.13
HITM0010335,HORD003293,PRD0228,3,121.94,365.82
HITM0010336,HORD003293,PRD0276,1,443.22,443.22
HITM0010337,HORD003293,PRD0066,2,66.71,133.42
HITM0010338,HORD003294,PRD0071,1,1342.48,1342.48
HITM0010339,HORD003294,PRD0828,1,457.81,457.81
HITM0010340,HORD003294,PRD0887,2,159.97,319.94
HITM0010341,HORD003294,PRD0530,1,210.45,210.45
HITM0010342,HORD003295,PRD0522,2,1323.78,2647.56
HITM0010343,HORD003295,PRD0505,1,967.54,967.54
HITM0010344,HORD003295,PRD0906,1,150.8,150.8
HITM0010345,HORD003296,PRD0901,2,1092.12,2184.24
HITM0010346,HORD003296,PRD0866,1,684.58,684.58
HITM0010347,HORD003296,PRD0242,2,390.52,781.04
HITM0010348,HORD003297,PRD0922,2,905.58,1811.16
HITM0010349,HORD003298,PRD0977,1,171.2,171.2
HITM0010350,HORD003298,PRD0619,1,394.74,394.74
HITM0010351,HORD003299,PRD0117,1,684.24,684.24
HITM0010352,HORD003300,PRD0302,1,1005.45,1005.45
HITM0010353,HORD003300,PRD0275,1,928.24,928.24
HITM0010354,HORD003300,PRD0136,1,360.6,360.6
HITM0010355,HORD003301,PRD0466,1,520.19,520.19
HITM0010356,HORD003301,PRD0863,1,774.62,774.62
HITM0010357,HORD003301,PRD0442,1,1331.04,1331.04
HITM0010358,HORD003301,PRD0855,1,316.87,316.87
HITM0010359,HORD003302,PRD0429,3,1195.52,3586.56
HITM0010360,HORD003302,PRD0406,2,403.51,807.02
HITM0010361,HORD003303,PRD0439,1,1460.48,1460.48
HITM0010362,HORD003304,PRD0308,2,1088.84,2177.68
HITM0010363,HORD003304,PRD0172,1,642.62,642.62
HITM0010364,HORD003305,PRD0799,1,246.05,246.05
HITM0010365,HORD003305,PRD0049,1,917.1,917.1
HITM0010366,HORD003306,PRD0972,2,690.82,1381.64
HITM0010367,HORD003306,PRD0945,1,113.23,113.23
HITM0010368,HORD003306,PRD0664,1,3064.35,3064.35
HITM0010369,HORD003306,PRD0347,1,2438.33,2438.33
HITM0010370,HORD003306,PRD0038,1,758.26,758.26
HITM0010371,HORD003307,PRD0379,2,722.92,1445.84
HITM0010372,HORD003307,PRD0354,1,2902.62,2902.62
HITM0010373,HORD003308,PRD0660,1,15.31,15.31
HITM0010374,HORD003308,PRD0025,1,399.48,399.48
HITM0010375,HORD003308,PRD0054,1,2814.02,2814.02
HITM0010376,HORD003309,PRD0426,1,571.98,571.98
HITM0010377,HORD003309,PRD0434,1,388.26,388.26
HITM0010378,HORD003309,PRD0398,2,567.86,1135.72
HITM0010379,HORD003309,PRD0080,2,15.23,30.46
HITM0010380,HORD003310,PRD0679,1,1370.51,1370.51
HITM0010381,HORD003310,PRD0178,1,184.26,184.26
HITM0010382,HORD003310,PRD0405,1,146.11,146.11
HITM0010383,HORD003310,PRD0303,2,1580.3,3160.6
HITM0010384,HORD003311,PRD0378,2,472.12,944.24
HITM0010385,HORD003311,PRD0868,1,956.14,956.14
HITM0010386,HORD003311,PRD0687,1,729.09,729.09
HITM0010387,HORD003312,PRD0179,1,769.0,769.0
HITM0010388,HORD003312,PRD0055,1,534.13,534.13
HITM0010389,HORD003312,PRD0924,1,1071.28,1071.28
HITM0010390,HORD003312,PRD0958,1,997.87,997.87
HITM0010391,HORD003313,PRD0026,1,841.05,841.05
HITM0010392,HORD003313,PRD0525,1,589.06,589.06
HITM0010393,HORD003313,PRD0415,1,78.5,78.5
HITM0010394,HORD003314,PRD0492,2,961.25,1922.5
HITM0010395,HORD003314,PRD0597,1,1647.12,1647.12
HITM0010396,HORD003315,PRD0725,1,107.02,107.02
HITM0010397,HORD003315,PRD0378,1,472.12,472.12
HITM0010398,HORD003315,PRD0392,1,647.54,647.54
HITM0010399,HORD003316,PRD0398,1,567.86,567.86
HITM0010400,HORD003316,PRD0140,1,394.57,394.57
HITM0010401,HORD003316,PRD0226,1,497.16,497.16
HITM0010402,HORD003316,PRD0336,2,657.61,1315.22
HITM0010403,HORD003317,PRD0480,1,379.33,379.33
HITM0010404,HORD003317,PRD0978,2,897.68,1795.36
HITM0010405,HORD003318,PRD0696,1,137.51,137.51
HITM0010406,HORD003318,PRD0882,1,404.51,404.51
HITM0010407,HORD003318,PRD0294,1,2659.23,2659.23
HITM0010408,HORD003319,PRD0500,1,250.29,250.29
HITM0010409,HORD003319,PRD0539,1,968.63,968.63
HITM0010410,HORD003319,PRD0197,1,179.71,179.71
HITM0010411,HORD003319,PRD0847,1,370.04,370.04
HITM0010412,HORD003319,PRD0212,1,369.65,369.65
HITM0010413,HORD003320,PRD0484,1,1093.53,1093.53
HITM0010414,HORD003320,PRD0268,1,395.01,395.01
HITM0010415,HORD003320,PRD0340,1,244.07,244.07
HITM0010416,HORD003320,PRD0633,2,1190.36,2380.72
HITM0010417,HORD003321,PRD0459,1,553.35,553.35
HITM0010418,HORD003321,PRD0442,1,1331.04,1331.04
HITM0010419,HORD003321,PRD0560,1,414.95,414.95
HITM0010420,HORD003322,PRD0893,2,739.92,1479.84
HITM0010421,HORD003322,PRD0080,1,15.23,15.23
HITM0010422,HORD003322,PRD0890,2,279.59,559.18
HITM0010423,HORD003322,PRD0114,1,2474.92,2474.92
HITM0010424,HORD003323,PRD0347,2,2438.33,4876.66
HITM0010425,HORD003323,PRD0346,1,291.88,291.88
HITM0010426,HORD003323,PRD0771,1,1105.04,1105.04
HITM0010427,HORD003323,PRD0863,1,774.62,774.62
HITM0010428,HORD003324,PRD0960,1,155.66,155.66
HITM0010429,HORD003324,PRD0629,1,925.23,925.23
HITM0010430,HORD003324,PRD0566,1,665.53,665.53
HITM0010431,HORD003325,PRD0676,3,499.99,1499.97
HITM0010432,HORD003326,PRD0556,1,177.48,177.48
HITM0010433,HORD003326,PRD0267,1,657.53,657.53
HITM0010434,HORD003326,PRD0798,1,647.08,647.08
HITM0010435,HORD003326,PRD0918,1,270.82,270.82
HITM0010436,HORD003327,PRD0993,1,752.35,752.35
HITM0010437,HORD003327,PRD0788,2,319.54,639.08
HITM0010438,HORD003328,PRD0818,1,1065.11,1065.11
HITM0010439,HORD003328,PRD0166,1,401.82,401.82
HITM0010440,HORD003328,PRD0606,1,556.12,556.12
HITM0010441,HORD003328,PRD0910,1,19.2,19.2
HITM0010442,HORD003329,PRD0348,2,340.62,681.24
HITM0010443,HORD003329,PRD0385,2,272.03,544.06
HITM0010444,HORD003329,PRD0942,1,500.96,500.96
HITM0010445,HORD003329,PRD0459,1,553.35,553.35
HITM0010446,HORD003330,PRD0197,1,179.71,179.71
HITM0010447,HORD003331,PRD0646,1,155.12,155.12
HITM0010448,HORD003331,PRD0322,1,1333.07,1333.07
HITM0010449,HORD003331,PRD0838,1,904.43,904.43
HITM0010450,HORD003331,PRD0760,1,145.6,145.6
HITM0010451,HORD003332,PRD0681,1,963.93,963.93
HITM0010452,HORD003332,PRD0653,1,608.0,608.0
HITM0010453,HORD003332,PRD0001,1,2393.92,2393.92
HITM0010454,HORD003333,PRD0415,1,78.5,78.5
HITM0010455,HORD003333,PRD0761,1,2207.59,2207.59
HITM0010456,HORD003333,PRD0840,1,48.65,48.65
HITM0010457,HORD003334,PRD0305,1,260.29,260.29
HITM0010458,HORD003334,PRD0458,2,960.04,1920.08
HITM0010459,HORD003334,PRD0105,1,431.76,431.76
HITM0010460,HORD003334,PRD0120,1,46.82,46.82
HITM0010461,HORD003335,PRD0136,2,360.6,721.2
HITM0010462,HORD003335,PRD0231,2,1674.19,3348.38
HITM0010463,HORD003335,PRD0100,1,206.02,206.02
HITM0010464,HORD003336,PRD0451,1,2851.18,2851.18
HITM0010465,HORD003336,PRD0198,1,736.33,736.33
HITM0010466,HORD003336,PRD0977,1,171.2,171.2
HITM0010467,HORD003337,PRD0353,1,1349.93,1349.93
HITM0010468,HORD003337,PRD0319,2,882.45,1764.9
HITM0010469,HORD003337,PRD0745,1,882.2,882.2
HITM0010470,HORD003337,PRD0733,1,1586.43,1586.43
HITM0010471,HORD003338,PRD0113,1,418.73,418.73
HITM0010472,HORD003339,PRD0207,1,2221.73,2221.73
HITM0010473,HORD003339,PRD0961,1,1295.76,1295.76
HITM0010474,HORD003340,PRD0503,1,946.68,946.68
HITM0010475,HORD003340,PRD0769,1,333.15,333.15
HITM0010476,HORD003341,PRD0980,1,286.55,286.55
HITM0010477,HORD003341,PRD0722,1,373.93,373.93
HITM0010478,HORD003341,PRD0008,1,146.16,146.16
HITM0010479,HORD003341,PRD0350,1,175.83,175.83
HITM0010480,HORD003341,PRD0675,2,98.97,197.94
HITM0010481,HORD003342,PRD0203,2,1327.73,2655.46
HITM0010482,HORD003342,PRD0208,1,425.89,425.89
HITM0010483,HORD003342,PRD0401,1,2421.46,2421.46
HITM0010484,HORD003342,PRD0599,1,854.55,854.55
HITM0010485,HORD003343,PRD0381,1,2583.59,2583.59
HITM0010486,HORD003343,PRD0685,2,963.7,1927.4
HITM0010487,HORD003344,PRD0340,1,244.07,244.07
HITM0010488,HORD003344,PRD0170,1,202.15,202.15
HITM0010489,HORD003344,PRD0305,1,260.29,260.29
HITM0010490,HORD003344,PRD0328,3,490.58,1471.74
HITM0010491,HORD003344,PRD0428,2,844.51,1689.02
HITM0010492,HORD003345,PRD0758,2,282.47,564.94
HITM0010493,HORD003345,PRD0560,1,414.95,414.95
HITM0010494,HORD003345,PRD0236,2,131.33,262.66
HITM0010495,HORD003346,PRD0673,1,1159.13,1159.13
HITM0010496,HORD003346,PRD0113,1,418.73,418.73
HITM0010497,HORD003346,PRD0462,1,595.57,595.57
HITM0010498,HORD003347,PRD0646,2,155.12,310.24
HITM0010499,HORD003347,PRD0291,2,2517.39,5034.78
HITM0010500,HORD003348,PRD0676,2,499.99,999.98
HITM0010501,HORD003348,PRD0218,1,637.83,637.83
HITM0010502,HORD003348,PRD0316,1,640.98,640.98
HITM0010503,HORD003349,PRD0950,1,71.67,71.67
HITM0010504,HORD003349,PRD0677,1,197.41,197.41
HITM0010505,HORD003349,PRD0658,1,471.69,471.69
HITM0010506,HORD003350,PRD0765,1,1162.91,1162.91
HITM0010507,HORD003350,PRD0630,1,399.15,399.15
HITM0010508,HORD003350,PRD0148,2,457.28,914.56
HITM0010509,HORD003351,PRD0061,1,1070.18,1070.18
HITM0010510,HORD003351,PRD0333,1,1274.3,1274.3
HITM0010511,HORD003352,PRD0034,1,797.09,797.09
HITM0010512,HORD003352,PRD0593,1,703.89,703.89
HITM0010513,HORD003352,PRD0152,1,575.19,575.19
HITM0010514,HORD003352,PRD0360,1,362.06,362.06
HITM0010515,HORD003353,PRD0182,2,680.44,1360.88
HITM0010516,HORD003353,PRD0516,1,293.41,293.41
HITM0010517,HORD003353,PRD0092,1,1139.05,1139.05
HITM0010518,HORD003353,PRD0780,1,94.47,94.47
HITM0010519,HORD003354,PRD0691,1,2536.12,2536.12
HITM0010520,HORD003354,PRD0074,2,587.22,1174.44
HITM0010521,HORD003354,PRD0960,1,155.66,155.66
HITM0010522,HORD003354,PRD0713,2,1024.63,2049.26
HITM0010523,HORD003354,PRD0644,1,2975.58,2975.58
HITM0010524,HORD003355,PRD0163,2,459.77,919.54
HITM0010525,HORD003355,PRD0386,1,703.44,703.44
HITM0010526,HORD003355,PRD0411,1,2843.11,2843.11
HITM0010527,HORD003356,PRD0454,1,1098.4,1098.4
HITM0010528,HORD003356,PRD0726,2,479.51,959.02
HITM0010529,HORD003356,PRD0646,1,155.12,155.12
HITM0010530,HORD003357,PRD0229,1,963.55,963.55
HITM0010531,HORD003357,PRD0643,1,1556.87,1556.87
HITM0010532,HORD003357,PRD0640,1,415.26,415.26
HITM0010533,HORD003358,PRD0497,1,2082.0,2082.0
HITM0010534,HORD003358,PRD0822,1,1374.65,1374.65
HITM0010535,HORD003358,PRD0404,1,1363.51,1363.51
HITM0010536,HORD003358,PRD0676,1,499.99,499.99
HITM0010537,HORD003359,PRD0624,3,588.21,1764.63
HITM0010538,HORD003359,PRD0094,3,627.77,1883.31
HITM0010539,HORD003359,PRD0239,1,761.02,761.02
HITM0010540,HORD003359,PRD0087,3,164.58,493.74
HITM0010541,HORD003360,PRD0357,1,2299.18,2299.18
HITM0010542,HORD003360,PRD0105,1,431.76,431.76
HITM0010543,HORD003360,PRD0545,1,219.94,219.94
HITM0010544,HORD003361,PRD0706,1,173.61,173.61
HITM0010545,HORD003361,PRD0565,1,294.27,294.27
HITM0010546,HORD003361,PRD0160,1,140.78,140.78
HITM0010547,HORD003361,PRD0073,1,1270.32,1270.32
HITM0010548,HORD003362,PRD0178,1,184.26,184.26
HITM0010549,HORD003362,PRD0215,1,273.66,273.66
HITM0010550,HORD003362,PRD0660,1,15.31,15.31
HITM0010551,HORD003363,PRD0491,1,1885.4,1885.4
HITM0010552,HORD003363,PRD0170,2,202.15,404.3
HITM0010553,HORD003363,PRD0513,1,532.33,532.33
HITM0010554,HORD003363,PRD0243,1,1176.42,1176.42
HITM0010555,HORD003363,PRD0920,1,393.44,393.44
HITM0010556,HORD003364,PRD0159,1,1223.4,1223.4
HITM0010557,HORD003364,PRD1000,1,120.72,120.72
HITM0010558,HORD003364,PRD0777,1,666.99,666.99
HITM0010559,HORD003365,PRD0909,1,167.36,167.36
HITM0010560,HORD003365,PRD0155,1,372.71,372.71
HITM0010561,HORD003365,PRD0830,2,57.62,115.24
HITM0010562,HORD003365,PRD0496,1,223.21,223.21
HITM0010563,HORD003366,PRD0910,1,19.2,19.2
HITM0010564,HORD003366,PRD0662,1,808.63,808.63
HITM0010565,HORD003366,PRD0675,2,98.97,197.94
HITM0010566,HORD003367,PRD0786,1,400.03,400.03
HITM0010567,HORD003367,PRD0995,1,745.12,745.12
HITM0010568,HORD003367,PRD0264,3,2735.39,8206.17
HITM0010569,HORD003367,PRD0936,2,214.36,428.72
HITM0010570,HORD003367,PRD0492,1,961.25,961.25
HITM0010571,HORD003368,PRD0293,1,1414.37,1414.37
HITM0010572,HORD003368,PRD0878,1,453.39,453.39
HITM0010573,HORD003368,PRD0198,2,736.33,1472.66
HITM0010574,HORD003368,PRD0526,2,84.58,169.16
HITM0010575,HORD003369,PRD0067,1,1666.09,1666.09
HITM0010576,HORD003369,PRD0080,1,15.23,15.23
HITM0010577,HORD003369,PRD0321,1,2525.88,2525.88
HITM0010578,HORD003369,PRD0806,1,351.54,351.54
HITM0010579,HORD003369,PRD0313,1,1109.77,1109.77
HITM0010580,HORD003370,PRD0802,1,593.98,593.98
HITM0010581,HORD003370,PRD0822,2,1374.65,2749.3
HITM0010582,HORD003370,PRD0302,1,1005.45,1005.45
HITM0010583,HORD003370,PRD0916,1,110.26,110.26
HITM0010584,HORD003371,PRD0205,2,864.54,1729.08
HITM0010585,HORD003371,PRD0548,1,957.21,957.21
HITM0010586,HORD003372,PRD0772,2,1357.22,2714.44
HITM0010587,HORD003372,PRD0934,1,4104.95,4104.95
HITM0010588,HORD003372,PRD0368,1,372.64,372.64
HITM0010589,HORD003373,PRD0003,1,316.95,316.95
HITM0010590,HORD003373,PRD0411,1,2843.11,2843.11
HITM0010591,HORD003373,PRD0118,1,578.97,578.97
HITM0010592,HORD003373,PRD0346,1,291.88,291.88
HITM0010593,HORD003374,PRD0906,2,150.8,301.6
HITM0010594,HORD003374,PRD0319,1,882.45,882.45
HITM0010595,HORD003374,PRD0610,2,159.67,319.34
HITM0010596,HORD003375,PRD0391,1,1914.32,1914.32
HITM0010597,HORD003375,PRD0453,1,1232.3,1232.3
HITM0010598,HORD003375,PRD0672,1,1330.59,1330.59
HITM0010599,HORD003375,PRD0652,2,1180.91,2361.82
HITM0010600,HORD003376,PRD0109,1,326.84,326.84
HITM0010601,HORD003376,PRD0272,2,830.69,1661.38
HITM0010602,HORD003376,PRD0955,3,56.91,170.73
HITM0010603,HORD003377,PRD0426,1,571.98,571.98
HITM0010604,HORD003377,PRD0560,1,414.95,414.95
HITM0010605,HORD003377,PRD0802,1,593.98,593.98
HITM0010606,HORD003378,PRD0116,2,333.11,666.22
HITM0010607,HORD003378,PRD0070,2,376.35,752.7
HITM0010608,HORD003378,PRD0627,1,869.77,869.77
HITM0010609,HORD003378,PRD0406,1,403.51,403.51
HITM0010610,HORD003379,PRD0625,1,1034.61,1034.61
HITM0010611,HORD003379,PRD0628,2,62.19,124.38
HITM0010612,HORD003379,PRD0854,1,2184.3,2184.3
HITM0010613,HORD003379,PRD0570,1,394.68,394.68
HITM0010614,HORD003380,PRD0705,2,200.18,400.36
HITM0010615,HORD003380,PRD0099,1,245.95,245.95
HITM0010616,HORD003380,PRD0394,1,1051.66,1051.66
HITM0010617,HORD003381,PRD0442,1,1331.04,1331.04
HITM0010618,HORD003381,PRD0467,1,1381.47,1381.47
HITM0010619,HORD003381,PRD0934,1,4104.95,4104.95
HITM0010620,HORD003382,PRD0888,1,735.67,735.67
HITM0010621,HORD003382,PRD0174,1,2319.35,2319.35
HITM0010622,HORD003382,PRD0828,1,457.81,457.81
HITM0010623,HORD003382,PRD0979,1,1164.08,1164.08
HITM0010624,HORD003383,PRD0584,1,2264.13,2264.13
HITM0010625,HORD003383,PRD0276,1,443.22,443.22
HITM0010626,HORD003383,PRD0628,1,62.19,62.19
HITM0010627,HORD003383,PRD0149,1,427.78,427.78
HITM0010628,HORD003384,PRD0845,1,1093.84,1093.84
HITM0010629,HORD003384,PRD0877,1,921.48,921.48
HITM0010630,HORD003384,PRD0761,1,2207.59,2207.59
HITM0010631,HORD003385,PRD0997,1,1971.69,1971.69
HITM0010632,HORD003385,PRD0528,1,386.06,386.06
HITM0010633,HORD003385,PRD0699,1,508.79,508.79
HITM0010634,HORD003386,PRD0660,1,15.31,15.31
HITM0010635,HORD003386,PRD0217,1,648.29,648.29
HITM0010636,HORD003386,PRD0935,2,41.85,83.7
HITM0010637,HORD003386,PRD0881,1,1901.2,1901.2
HITM0010638,HORD003387,PRD0751,2,2931.11,5862.22
HITM0010639,HORD003387,PRD0276,1,443.22,443.22
HITM0010640,HORD003388,PRD0846,1,427.97,427.97
HITM0010641,HORD003388,PRD0279,1,165.58,165.58
HITM0010642,HORD003388,PRD0481,1,2924.28,2924.28
HITM0010643,HORD003388,PRD0355,2,412.17,824.34
HITM0010644,HORD003389,PRD0178,1,184.26,184.26
HITM0010645,HORD003389,PRD0304,3,966.94,2900.82
HITM0010646,HORD003389,PRD0901,2,1092.12,2184.24
HITM0010647,HORD003389,PRD0455,1,679.95,679.95
HITM0010648,HORD003389,PRD0109,1,326.84,326.84
HITM0010649,HORD003390,PRD0867,1,500.96,500.96
HITM0010650,HORD003390,PRD0409,3,178.56,535.68
HITM0010651,HORD003390,PRD0187,1,1875.79,1875.79
HITM0010652,HORD003391,PRD0500,1,250.29,250.29
HITM0010653,HORD003391,PRD0924,2,1071.28,2142.56
HITM0010654,HORD003391,PRD0042,1,1502.85,1502.85
HITM0010655,HORD003392,PRD0930,1,360.98,360.98
HITM0010656,HORD003392,PRD0192,1,796.68,796.68
HITM0010657,HORD003392,PRD0039,2,951.13,1902.26
HITM0010658,HORD003392,PRD0073,1,1270.32,1270.32
HITM0010659,HORD003393,PRD0406,1,403.51,403.51
HITM0010660,HORD003393,PRD0925,1,327.94,327.94
HITM0010661,HORD003394,PRD0696,2,137.51,275.02
HITM0010662,HORD003394,PRD0372,1,943.73,943.73
HITM0010663,HORD003394,PRD0230,3,290.53,871.59
HITM0010664,HORD003394,PRD0732,1,1280.4,1280.4
HITM0010665,HORD003394,PRD0064,1,1934.54,1934.54
HITM0010666,HORD003395,PRD0906,1,150.8,150.8
HITM0010667,HORD003395,PRD0763,1,485.63,485.63
HITM0010668,HORD003395,PRD0048,1,176.51,176.51
HITM0010669,HORD003396,PRD0159,3,1223.4,3670.2
HITM0010670,HORD003396,PRD0100,1,206.02,206.02
HITM0010671,HORD003397,PRD0717,3,550.74,1652.22
HITM0010672,HORD003397,PRD0973,1,975.98,975.98
HITM0010673,HORD003397,PRD0433,1,983.68,983.68
HITM0010674,HORD003398,PRD0594,1,2046.58,2046.58
HITM0010675,HORD003398,PRD0918,1,270.82,270.82
HITM0010676,HORD003398,PRD0867,1,500.96,500.96
HITM0010677,HORD003398,PRD0007,2,1073.56,2147.12
HITM0010678,HORD003399,PRD0795,1,1118.81,1118.81
HITM0010679,HORD003399,PRD0021,1,1229.32,1229.32
HITM0010680,HORD003400,PRD0440,1,57.41,57.41
HITM0010681,HORD003400,PRD0048,1,176.51,176.51
HITM0010682,HORD003400,PRD0628,1,62.19,62.19
HITM0010683,HORD003401,PRD0510,1,176.33,176.33
HITM0010684,HORD003401,PRD0212,1,369.65,369.65
HITM0010685,HORD003401,PRD0948,1,583.21,583.21
HITM0010686,HORD003401,PRD0721,1,2364.46,2364.46
HITM0010687,HORD003402,PRD0784,1,1118.82,1118.82
HITM0010688,HORD003402,PRD0424,2,2256.09,4512.18
HITM0010689,HORD003403,PRD0607,2,1809.95,3619.9
HITM0010690,HORD003403,PRD0466,1,520.19,520.19
HITM0010691,HORD003403,PRD0440,1,57.41,57.41
HITM0010692,HORD003403,PRD0415,2,78.5,157.0
HITM0010693,HORD003404,PRD0292,2,1683.43,3366.86
HITM0010694,HORD003404,PRD0250,2,79.79,159.58
HITM0010695,HORD003405,PRD0654,1,2311.57,2311.57
HITM0010696,HORD003405,PRD0083,1,1563.94,1563.94
HITM0010697,HORD003405,PRD0705,2,200.18,400.36
HITM0010698,HORD003405,PRD0864,1,3026.32,3026.32
HITM0010699,HORD003406,PRD0412,2,383.4,766.8
HITM0010700,HORD003406,PRD0011,1,1160.31,1160.31
HITM0010701,HORD003407,PRD0394,3,1051.66,3154.98
HITM0010702,HORD003407,PRD0415,1,78.5,78.5
HITM0010703,HORD003407,PRD0222,1,1210.33,1210.33
HITM0010704,HORD003407,PRD0274,1,2425.87,2425.87
HITM0010705,HORD003408,PRD0919,1,202.1,202.1
HITM0010706,HORD003408,PRD0032,1,581.78,581.78
HITM0010707,HORD003408,PRD0736,2,828.82,1657.64
HITM0010708,HORD003409,PRD0710,1,221.52,221.52
HITM0010709,HORD003409,PRD0897,2,368.24,736.48
HITM0010710,HORD003409,PRD0861,1,1625.97,1625.97
HITM0010711,HORD003410,PRD0149,1,427.78,427.78
HITM0010712,HORD003410,PRD0627,1,869.77,869.77
HITM0010713,HORD003410,PRD0361,2,1242.28,2484.56
HITM0010714,HORD003410,PRD0368,1,372.64,372.64
HITM0010715,HORD003410,PRD0621,2,1275.57,2551.14
HITM0010716,HORD003411,PRD0589,1,241.6,241.6
HITM0010717,HORD003412,PRD0224,2,3534.57,7069.14
HITM0010718,HORD003412,PRD0820,1,135.5,135.5
HITM0010719,HORD003412,PRD0200,2,160.69,321.38
HITM0010720,HORD003412,PRD0079,2,1319.99,2639.98
HITM0010721,HORD003412,PRD0380,1,370.74,370.74
HITM0010722,HORD003413,PRD0895,1,1012.5,1012.5
HITM0010723,HORD003413,PRD0699,1,508.79,508.79
HITM0010724,HORD003413,PRD0305,1,260.29,260.29
HITM0010725,HORD003413,PRD0615,1,965.84,965.84
HITM0010726,HORD003414,PRD0105,1,431.76,431.76
HITM0010727,HORD003414,PRD0528,1,386.06,386.06
HITM0010728,HORD003414,PRD0887,1,159.97,159.97
HITM0010729,HORD003414,PRD0095,2,697.69,1395.38
HITM0010730,HORD003415,PRD0984,2,1014.29,2028.58
HITM0010731,HORD003415,PRD0935,1,41.85,41.85
HITM0010732,HORD003416,PRD0769,1,333.15,333.15
HITM0010733,HORD003417,PRD0469,1,710.35,710.35
HITM0010734,HORD003417,PRD0399,1,273.24,273.24
HITM0010735,HORD003417,PRD0918,1,270.82,270.82
HITM0010736,HORD003417,PRD0925,1,327.94,327.94
HITM0010737,HORD003418,PRD0470,1,116.53,116.53
HITM0010738,HORD003418,PRD0785,1,91.04,91.04
HITM0010739,HORD003418,PRD0396,1,672.25,672.25
HITM0010740,HORD003418,PRD0236,2,131.33,262.66
HITM0010741,HORD003418,PRD0886,1,529.82,529.82
HITM0010742,HORD003419,PRD0449,1,483.76,483.76
HITM0010743,HORD003419,PRD0590,1,320.53,320.53
HITM0010744,HORD003419,PRD0275,2,928.24,1856.48
HITM0010745,HORD003419,PRD0778,1,769.84,769.84
HITM0010746,HORD003419,PRD0910,1,19.2,19.2
HITM0010747,HORD003420,PRD0249,1,1193.82,1193.82
HITM0010748,HORD003420,PRD0514,1,1035.93,1035.93
HITM0010749,HORD003420,PRD0506,1,760.73,760.73
HITM0010750,HORD003421,PRD0770,1,144.73,144.73
HITM0010751,HORD003422,PRD0638,1,249.29,249.29
HITM0010752,HORD003422,PRD0996,2,643.77,1287.54
HITM0010753,HORD003422,PRD0242,3,390.52,1171.56
HITM0010754,HORD003423,PRD0843,1,676.52,676.52
HITM0010755,HORD003423,PRD0801,1,1009.09,1009.09
HITM0010756,HORD003423,PRD0093,1,1233.02,1233.02
HITM0010757,HORD003423,PRD0567,1,1250.81,1250.81
HITM0010758,HORD003424,PRD0140,2,394.57,789.14
HITM0010759,HORD003424,PRD0343,2,1104.21,2208.42
HITM0010760,HORD003424,PRD0673,1,1159.13,1159.13
HITM0010761,HORD003425,PRD0382,1,1459.89,1459.89
HITM0010762,HORD003425,PRD0167,1,2514.98,2514.98
HITM0010763,HORD003425,PRD0844,2,1595.23,3190.46
HITM0010764,HORD003426,PRD0208,2,425.89,851.78
HITM0010765,HORD003426,PRD0703,3,289.3,867.9
HITM0010766,HORD003427,PRD0232,1,1634.96,1634.96
HITM0010767,HORD003427,PRD0338,1,925.26,925.26
HITM0010768,HORD003427,PRD0877,1,921.48,921.48
HITM0010769,HORD003427,PRD0700,1,105.41,105.41
HITM0010770,HORD003427,PRD0170,1,202.15,202.15
HITM0010771,HORD003428,PRD0751,1,2931.11,2931.11
HITM0010772,HORD003428,PRD0690,3,30.42,91.26
HITM0010773,HORD003428,PRD0586,1,110.38,110.38
HITM0010774,HORD003429,PRD0947,1,451.51,451.51
HITM0010775,HORD003430,PRD0060,1,147.43,147.43
HITM0010776,HORD003430,PRD0074,1,587.22,587.22
HITM0010777,HORD003431,PRD0310,3,83.71,251.13
HITM0010778,HORD003431,PRD0475,2,1049.43,2098.86
HITM0010779,HORD003431,PRD0316,1,640.98,640.98
HITM0010780,HORD003431,PRD0805,1,997.5,997.5
HITM0010781,HORD003432,PRD0186,1,280.16,280.16
HITM0010782,HORD003432,PRD0133,1,772.02,772.02
HITM0010783,HORD003433,PRD0051,1,2153.52,2153.52
HITM0010784,HORD003433,PRD0974,1,701.83,701.83
HITM0010785,HORD003433,PRD0192,1,796.68,796.68
HITM0010786,HORD003434,PRD0536,1,274.78,274.78
HITM0010787,HORD003434,PRD0496,3,223.21,669.63
HITM0010788,HORD003435,PRD0906,1,150.8,150.8
HITM0010789,HORD003435,PRD0722,1,373.93,373.93
HITM0010790,HORD003435,PRD0226,3,497.16,1491.48
HITM0010791,HORD003435,PRD0573,1,281.0,281.0
HITM0010792,HORD003435,PRD0675,2,98.97,197.94
HITM0010793,HORD003436,PRD0469,1,710.35,710.35
HITM0010794,HORD003436,PRD0476,2,181.3,362.6
HITM0010795,HORD003436,PRD0899,1,1056.76,1056.76
HITM0010796,HORD003437,PRD0920,1,393.44,393.44
HITM0010797,HORD003437,PRD0021,1,1229.32,1229.32
HITM0010798,HORD003437,PRD0779,1,621.7,621.7
HITM0010799,HORD003438,PRD0627,1,869.77,869.77
HITM0010800,HORD003438,PRD0136,1,360.6,360.6
HITM0010801,HORD003438,PRD0829,1,964.04,964.04
HITM0010802,HORD003439,PRD0058,1,137.85,137.85
HITM0010803,HORD003439,PRD0697,1,2301.55,2301.55
HITM0010804,HORD003439,PRD0816,1,213.13,213.13
HITM0010805,HORD003440,PRD0208,1,425.89,425.89
HITM0010806,HORD003440,PRD0640,1,415.26,415.26
HITM0010807,HORD003440,PRD0352,2,1200.9,2401.8
HITM0010808,HORD003440,PRD0835,1,982.79,982.79
HITM0010809,HORD003441,PRD0552,1,1741.06,1741.06
HITM0010810,HORD003441,PRD0696,1,137.51,137.51
HITM0010811,HORD003442,PRD0967,1,530.38,530.38
HITM0010812,HORD003442,PRD0381,2,2583.59,5167.18
HITM0010813,HORD003442,PRD0945,1,113.23,113.23
HITM0010814,HORD003442,PRD0717,3,550.74,1652.22
HITM0010815,HORD003443,PRD0330,1,222.78,222.78
HITM0010816,HORD003443,PRD0796,2,214.68,429.36
HITM0010817,HORD003443,PRD0705,1,200.18,200.18
HITM0010818,HORD003444,PRD0265,1,94.03,94.03
HITM0010819,HORD003444,PRD0635,1,140.41,140.41
HITM0010820,HORD003445,PRD0025,1,399.48,399.48
HITM0010821,HORD003446,PRD0330,1,222.78,222.78
HITM0010822,HORD003446,PRD0655,1,261.66,261.66
HITM0010823,HORD003447,PRD0971,3,2276.46,6829.38
HITM0010824,HORD003447,PRD0348,2,340.62,681.24
HITM0010825,HORD003447,PRD0135,2,1054.93,2109.86
HITM0010826,HORD003448,PRD0443,1,393.59,393.59
HITM0010827,HORD003448,PRD0089,1,1041.14,1041.14
HITM0010828,HORD003448,PRD0395,1,366.66,366.66
HITM0010829,HORD003448,PRD0394,3,1051.66,3154.98
HITM0010830,HORD003449,PRD0949,1,541.69,541.69
HITM0010831,HORD003449,PRD0779,1,621.7,621.7
HITM0010832,HORD003449,PRD0636,2,801.41,1602.82
HITM0010833,HORD003450,PRD0152,1,575.19,575.19
HITM0010834,HORD003450,PRD0856,2,734.6,1469.2
HITM0010835,HORD003450,PRD0155,3,372.71,1118.13
HITM0010836,HORD003450,PRD0576,2,30.87,61.74
HITM0010837,HORD003450,PRD0150,1,338.38,338.38
HITM0010838,HORD003451,PRD0476,1,181.3,181.3
HITM0010839,HORD003451,PRD0718,1,214.61,214.61
HITM0010840,HORD003452,PRD0622,1,678.69,678.69
HITM0010841,HORD003452,PRD0372,1,943.73,943.73
HITM0010842,HORD003452,PRD0428,1,844.51,844.51
HITM0010843,HORD003453,PRD0978,1,897.68,897.68
HITM0010844,HORD003454,PRD0402,1,335.07,335.07
HITM0010845,HORD003454,PRD0114,2,2474.92,4949.84
HITM0010846,HORD003454,PRD0105,1,431.76,431.76
HITM0010847,HORD003454,PRD0813,1,772.8,772.8
HITM0010848,HORD003455,PRD0301,1,1027.91,1027.91
HITM0010849,HORD003455,PRD0176,2,408.12,816.24
HITM0010850,HORD003455,PRD0712,1,1402.88,1402.88
HITM0010851,HORD003455,PRD0576,1,30.87,30.87
HITM0010852,HORD003456,PRD0634,2,2121.75,4243.5
HITM0010853,HORD003456,PRD0775,1,545.51,545.51
HITM0010854,HORD003457,PRD0326,1,62.48,62.48
HITM0010855,HORD003457,PRD0536,2,274.78,549.56
HITM0010856,HORD003457,PRD0960,1,155.66,155.66
HITM0010857,HORD003457,PRD0537,2,669.66,1339.32
HITM0010858,HORD003458,PRD0233,1,804.27,804.27
HITM0010859,HORD003458,PRD0910,2,19.2,38.4
HITM0010860,HORD003458,PRD0819,1,282.56,282.56
HITM0010861,HORD003459,PRD0340,1,244.07,244.07
HITM0010862,HORD003459,PRD0206,1,633.94,633.94
HITM0010863,HORD003459,PRD0415,2,78.5,157.0
HITM0010864,HORD003460,PRD0074,1,587.22,587.22
HITM0010865,HORD003460,PRD0555,2,1183.16,2366.32
HITM0010866,HORD003460,PRD0225,1,1060.36,1060.36
HITM0010867,HORD003461,PRD0580,2,180.48,360.96
HITM0010868,HORD003461,PRD0654,1,2311.57,2311.57
HITM0010869,HORD003461,PRD0002,1,1391.38,1391.38
HITM0010870,HORD003462,PRD0311,1,1369.17,1369.17
HITM0010871,HORD003462,PRD0722,1,373.93,373.93
HITM0010872,HORD003462,PRD0127,1,415.41,415.41
HITM0010873,HORD003462,PRD0027,1,615.88,615.88
HITM0010874,HORD003463,PRD0052,1,1050.73,1050.73
HITM0010875,HORD003463,PRD0830,1,57.62,57.62
HITM0010876,HORD003464,PRD0165,1,471.13,471.13
HITM0010877,HORD003464,PRD0787,1,527.32,527.32
HITM0010878,HORD003464,PRD0822,1,1374.65,1374.65
HITM0010879,HORD003464,PRD0609,1,510.8,510.8
HITM0010880,HORD003465,PRD0999,1,1457.06,1457.06
HITM0010881,HORD003466,PRD0304,1,966.94,966.94
HITM0010882,HORD003466,PRD0955,1,56.91,56.91
HITM0010883,HORD003467,PRD0326,2,62.48,124.96
HITM0010884,HORD003468,PRD0677,1,197.41,197.41
HITM0010885,HORD003468,PRD0836,2,826.24,1652.48
HITM0010886,HORD003468,PRD0256,1,297.13,297.13
HITM0010887,HORD003468,PRD0668,1,982.03,982.03
HITM0010888,HORD003468,PRD0520,1,298.12,298.12
HITM0010889,HORD003469,PRD0866,1,684.58,684.58
HITM0010890,HORD003469,PRD0792,1,1199.37,1199.37
HITM0010891,HORD003469,PRD0675,1,98.97,98.97
HITM0010892,HORD003470,PRD0052,1,1050.73,1050.73
HITM0010893,HORD003470,PRD0995,1,745.12,745.12
HITM0010894,HORD003470,PRD0208,1,425.89,425.89
HITM0010895,HORD003471,PRD0024,1,3386.44,3386.44
HITM0010896,HORD003471,PRD0688,1,921.64,921.64
HITM0010897,HORD003472,PRD0495,1,1086.82,1086.82
HITM0010898,HORD003472,PRD0782,1,452.61,452.61
HITM0010899,HORD003473,PRD0455,1,679.95,679.95
HITM0010900,HORD003473,PRD0525,1,589.06,589.06
HITM0010901,HORD003473,PRD0590,1,320.53,320.53
HITM0010902,HORD003473,PRD0858,2,188.42,376.84
HITM0010903,HORD003474,PRD0539,1,968.63,968.63
HITM0010904,HORD003474,PRD0470,1,116.53,116.53
HITM0010905,HORD003474,PRD0080,1,15.23,15.23
HITM0010906,HORD003474,PRD0433,1,983.68,983.68
HITM0010907,HORD003475,PRD0377,1,941.97,941.97
HITM0010908,HORD003475,PRD0877,2,921.48,1842.96
HITM0010909,HORD003475,PRD0585,1,81.84,81.84
HITM0010910,HORD003475,PRD0688,1,921.64,921.64
HITM0010911,HORD003476,PRD0942,1,500.96,500.96
HITM0010912,HORD003476,PRD0773,2,1247.83,2495.66
HITM0010913,HORD003476,PRD0353,2,1349.93,2699.86
HITM0010914,HORD003477,PRD0686,2,654.4,1308.8
HITM0010915,HORD003477,PRD0689,1,1230.12,1230.12
HITM0010916,HORD003477,PRD0194,1,537.22,537.22
HITM0010917,HORD003478,PRD0756,1,238.54,238.54
HITM0010918,HORD003478,PRD0073,1,1270.32,1270.32
HITM0010919,HORD003478,PRD0549,1,290.7,290.7
HITM0010920,HORD003479,PRD0859,1,530.9,530.9
HITM0010921,HORD003479,PRD0020,3,254.09,762.27
HITM0010922,HORD003479,PRD0523,1,462.11,462.11
HITM0010923,HORD003480,PRD0412,1,383.4,383.4
HITM0010924,HORD003480,PRD0936,1,214.36,214.36
HITM0010925,HORD003480,PRD0244,1,847.84,847.84
HITM0010926,HORD003481,PRD0918,1,270.82,270.82
HITM0010927,HORD003482,PRD0573,2,281.0,562.0
HITM0010928,HORD003482,PRD0496,1,223.21,223.21
HITM0010929,HORD003483,PRD0219,1,227.25,227.25
HITM0010930,HORD003484,PRD0084,1,1560.4,1560.4
HITM0010931,HORD003484,PRD0424,1,2256.09,2256.09
HITM0010932,HORD003484,PRD0040,2,239.17,478.34
HITM0010933,HORD003485,PRD0965,1,1142.59,1142.59
HITM0010934,HORD003485,PRD0586,1,110.38,110.38
HITM0010935,HORD003486,PRD0900,2,204.44,408.88
HITM0010936,HORD003486,PRD0778,2,769.84,1539.68
HITM0010937,HORD003486,PRD0653,1,608.0,608.0
HITM0010938,HORD003486,PRD0236,1,131.33,131.33
HITM0010939,HORD003487,PRD0606,2,556.12,1112.24
HITM0010940,HORD003487,PRD0350,2,175.83,351.66
HITM0010941,HORD003487,PRD0805,3,997.5,2992.5
HITM0010942,HORD003488,PRD0786,2,400.03,800.06
HITM0010943,HORD003488,PRD0753,1,272.68,272.68
HITM0010944,HORD003488,PRD0055,3,534.13,1602.39
HITM0010945,HORD003488,PRD0110,1,110.2,110.2
HITM0010946,HORD003488,PRD0788,1,319.54,319.54
HITM0010947,HORD003489,PRD0557,1,743.48,743.48
HITM0010948,HORD003489,PRD0184,1,685.26,685.26
HITM0010949,HORD003490,PRD0824,1,3509.94,3509.94
HITM0010950,HORD003490,PRD0039,1,951.13,951.13
HITM0010951,HORD003490,PRD0222,1,1210.33,1210.33
HITM0010952,HORD003491,PRD0929,3,897.78,2693.34
HITM0010953,HORD003491,PRD0744,1,2051.82,2051.82
HITM0010954,HORD003492,PRD0017,1,1611.29,1611.29
HITM0010955,HORD003492,PRD0904,2,1097.17,2194.34
HITM0010956,HORD003492,PRD0793,2,476.45,952.9
HITM0010957,HORD003492,PRD0849,1,272.8,272.8
HITM0010958,HORD003493,PRD0933,1,1394.64,1394.64
HITM0010959,HORD003493,PRD0760,2,145.6,291.2
HITM0010960,HORD003493,PRD0342,1,771.91,771.91
HITM0010961,HORD003493,PRD0296,3,767.13,2301.39
HITM0010962,HORD003494,PRD0066,1,66.71,66.71
HITM0010963,HORD003494,PRD0424,1,2256.09,2256.09
HITM0010964,HORD003494,PRD0229,1,963.55,963.55
HITM0010965,HORD003495,PRD0033,1,884.6,884.6
HITM0010966,HORD003495,PRD0106,1,40.68,40.68
HITM0010967,HORD003495,PRD0704,2,3699.65,7399.3
HITM0010968,HORD003495,PRD0193,1,596.94,596.94
HITM0010969,HORD003495,PRD0445,1,1026.22,1026.22
HITM0010970,HORD003496,PRD0173,1,1519.14,1519.14
HITM0010971,HORD003496,PRD0484,2,1093.53,2187.06
HITM0010972,HORD003496,PRD0502,1,1737.87,1737.87
HITM0010973,HORD003496,PRD0708,2,545.08,1090.16
HITM0010974,HORD003497,PRD0860,1,359.33,359.33
HITM0010975,HORD003497,PRD0170,2,202.15,404.3
HITM0010976,HORD003498,PRD0624,1,588.21,588.21
HITM0010977,HORD003498,PRD0520,1,298.12,298.12
HITM0010978,HORD003498,PRD0395,1,366.66,366.66
HITM0010979,HORD003498,PRD0227,1,1769.34,1769.34
HITM0010980,HORD003498,PRD0621,1,1275.57,1275.57
HITM0010981,HORD003499,PRD0650,1,233.76,233.76
HITM0010982,HORD003499,PRD0204,1,2130.68,2130.68
HITM0010983,HORD003499,PRD1000,1,120.72,120.72
HITM0010984,HORD003500,PRD0285,2,709.46,1418.92
HITM0010985,HORD003500,PRD0262,2,973.33,1946.66
HITM0010986,HORD003501,PRD0599,1,854.55,854.55
HITM0010987,HORD003502,PRD0820,1,135.5,135.5
HITM0010988,HORD003502,PRD0145,1,564.49,564.49
HITM0010989,HORD003502,PRD0159,1,1223.4,1223.4
HITM0010990,HORD003503,PRD0029,1,476.78,476.78
HITM0010991,HORD003503,PRD0470,2,116.53,233.06
HITM0010992,HORD003503,PRD0411,1,2843.11,2843.11
HITM0010993,HORD003503,PRD0766,1,734.79,734.79
HITM0010994,HORD003504,PRD0067,1,1666.09,1666.09
HITM0010995,HORD003504,PRD0758,1,282.47,282.47
HITM0010996,HORD003504,PRD0598,1,825.04,825.04
HITM0010997,HORD003504,PRD0310,2,83.71,167.42
HITM0010998,HORD003505,PRD0503,1,946.68,946.68
HITM0010999,HORD003506,PRD0197,1,179.71,179.71
HITM0011000,HORD003506,PRD0280,1,149.57,149.57
HITM0011001,HORD003506,PRD0775,1,545.51,545.51
HITM0011002,HORD003506,PRD0497,1,2082.0,2082.0
HITM0011003,HORD003506,PRD0924,1,1071.28,1071.28
HITM0011004,HORD003507,PRD0470,1,116.53,116.53
HITM0011005,HORD003507,PRD0721,1,2364.46,2364.46
HITM0011006,HORD003507,PRD0870,2,370.25,740.5
HITM0011007,HORD003508,PRD0961,1,1295.76,1295.76
HITM0011008,HORD003508,PRD0046,1,355.51,355.51
HITM0011009,HORD003508,PRD0015,1,828.91,828.91
HITM0011010,HORD003508,PRD0274,1,2425.87,2425.87
HITM0011011,HORD003508,PRD0328,2,490.58,981.16
HITM0011012,HORD003509,PRD0125,1,517.12,517.12
HITM0011013,HORD003509,PRD0315,1,197.15,197.15
HITM0011014,HORD003509,PRD0340,3,244.07,732.21
HITM0011015,HORD003510,PRD0829,1,964.04,964.04
HITM0011016,HORD003510,PRD0576,2,30.87,61.74
HITM0011017,HORD003511,PRD0439,1,1460.48,1460.48
HITM0011018,HORD003511,PRD0640,1,415.26,415.26
HITM0011019,HORD003511,PRD0933,1,1394.64,1394.64
HITM0011020,HORD003511,PRD0681,1,963.93,963.93
HITM0011021,HORD003512,PRD0152,1,575.19,575.19
HITM0011022,HORD003512,PRD0821,1,1235.41,1235.41
HITM0011023,HORD003512,PRD0178,1,184.26,184.26
HITM0011024,HORD003512,PRD0058,1,137.85,137.85
HITM0011025,HORD003513,PRD0674,1,3423.74,3423.74
HITM0011026,HORD003513,PRD0070,2,376.35,752.7
HITM0011027,HORD003513,PRD0935,1,41.85,41.85
HITM0011028,HORD003513,PRD0737,1,540.55,540.55
HITM0011029,HORD003514,PRD0505,1,967.54,967.54
HITM0011030,HORD003514,PRD0929,1,897.78,897.78
HITM0011031,HORD003514,PRD0775,1,545.51,545.51
HITM0011032,HORD003514,PRD0961,1,1295.76,1295.76
HITM0011033,HORD003514,PRD0045,1,124.62,124.62
HITM0011034,HORD003515,PRD0990,1,268.68,268.68
HITM0011035,HORD003515,PRD0006,1,319.31,319.31
HITM0011036,HORD003515,PRD0748,1,147.02,147.02
HITM0011037,HORD003515,PRD0738,1,778.08,778.08
HITM0011038,HORD003516,PRD0081,1,1506.97,1506.97
HITM0011039,HORD003516,PRD0575,1,177.67,177.67
HITM0011040,HORD003517,PRD0536,1,274.78,274.78
HITM0011041,HORD003517,PRD0618,2,421.89,843.78
HITM0011042,HORD003517,PRD0788,1,319.54,319.54
HITM0011043,HORD003517,PRD0003,1,316.95,316.95
HITM0011044,HORD003518,PRD0720,1,313.84,313.84
HITM0011045,HORD003518,PRD0937,2,2275.76,4551.52
HITM0011046,HORD003518,PRD0358,1,1013.74,1013.74
HITM0011047,HORD003518,PRD0469,1,710.35,710.35
HITM0011048,HORD003519,PRD0343,1,1104.21,1104.21
HITM0011049,HORD003519,PRD0760,1,145.6,145.6
HITM0011050,HORD003519,PRD0839,1,1311.55,1311.55
HITM0011051,HORD003519,PRD0466,1,520.19,520.19
HITM0011052,HORD003520,PRD0847,2,370.04,740.08
HITM0011053,HORD003520,PRD0525,2,589.06,1178.12
HITM0011054,HORD003520,PRD0725,1,107.02,107.02
HITM0011055,HORD003520,PRD0776,1,143.41,143.41
HITM0011056,HORD003521,PRD0619,1,394.74,394.74
HITM0011057,HORD003521,PRD0259,1,1140.48,1140.48
HITM0011058,HORD003521,PRD0518,1,365.35,365.35
HITM0011059,HORD003521,PRD0156,1,402.17,402.17
HITM0011060,HORD003521,PRD0529,1,915.61,915.61
HITM0011061,HORD003522,PRD0487,1,136.07,136.07
HITM0011062,HORD003522,PRD0336,1,657.61,657.61
HITM0011063,HORD003522,PRD0242,1,390.52,390.52
HITM0011064,HORD003523,PRD0450,1,210.74,210.74
HITM0011065,HORD003523,PRD0272,1,830.69,830.69
HITM0011066,HORD003523,PRD0291,1,2517.39,2517.39
HITM0011067,HORD003523,PRD0956,1,86.17,86.17
HITM0011068,HORD003524,PRD0248,1,451.1,451.1
HITM0011069,HORD003524,PRD0176,1,408.12,408.12
HITM0011070,HORD003524,PRD0305,1,260.29,260.29
HITM0011071,HORD003524,PRD0028,1,831.06,831.06
HITM0011072,HORD003525,PRD0334,1,2155.76,2155.76
HITM0011073,HORD003525,PRD0584,2,2264.13,4528.26
HITM0011074,HORD003525,PRD0930,1,360.98,360.98
HITM0011075,HORD003526,PRD0912,1,752.42,752.42
HITM0011076,HORD003526,PRD0017,1,1611.29,1611.29
HITM0011077,HORD003526,PRD0269,1,236.51,236.51
HITM0011078,HORD003526,PRD0718,1,214.61,214.61
HITM0011079,HORD003527,PRD0127,2,415.41,830.82
HITM0011080,HORD003527,PRD0636,1,801.41,801.41
HITM0011081,HORD003527,PRD0956,1,86.17,86.17
HITM0011082,HORD003528,PRD0893,1,739.92,739.92
HITM0011083,HORD003528,PRD0286,1,159.28,159.28
HITM0011084,HORD003528,PRD0144,1,2737.49,2737.49
HITM0011085,HORD003528,PRD0016,1,255.89,255.89
HITM0011086,HORD003529,PRD0996,2,643.77,1287.54
HITM0011087,HORD003529,PRD0155,1,372.71,372.71
HITM0011088,HORD003529,PRD0446,1,132.64,132.64
HITM0011089,HORD003530,PRD0696,1,137.51,137.51
HITM0011090,HORD003530,PRD0443,1,393.59,393.59
HITM0011091,HORD003530,PRD0235,1,452.44,452.44
HITM0011092,HORD003531,PRD0446,1,132.64,132.64
HITM0011093,HORD003531,PRD0344,1,2796.46,2796.46
HITM0011094,HORD003531,PRD0805,1,997.5,997.5
HITM0011095,HORD003532,PRD0607,1,1809.95,1809.95
HITM0011096,HORD003532,PRD0905,1,951.23,951.23
HITM0011097,HORD003532,PRD0616,1,480.04,480.04
HITM0011098,HORD003533,PRD0825,1,606.92,606.92
HITM0011099,HORD003533,PRD0849,1,272.8,272.8
HITM0011100,HORD003533,PRD0374,1,1846.98,1846.98
HITM0011101,HORD003533,PRD0102,1,1075.3,1075.3
HITM0011102,HORD003534,PRD0479,1,527.96,527.96
HITM0011103,HORD003534,PRD0150,1,338.38,338.38
HITM0011104,HORD003535,PRD0653,1,608.0,608.0
HITM0011105,HORD003536,PRD0537,1,669.66,669.66
HITM0011106,HORD003536,PRD0136,1,360.6,360.6
HITM0011107,HORD003536,PRD0795,1,1118.81,1118.81
HITM0011108,HORD003537,PRD0286,2,159.28,318.56
HITM0011109,HORD003537,PRD0006,1,319.31,319.31
HITM0011110,HORD003537,PRD0882,1,404.51,404.51
HITM0011111,HORD003538,PRD0310,1,83.71,83.71
HITM0011112,HORD003538,PRD0883,1,1440.86,1440.86
HITM0011113,HORD003539,PRD0650,2,233.76,467.52
HITM0011114,HORD003539,PRD0301,1,1027.91,1027.91
HITM0011115,HORD003540,PRD0826,1,402.15,402.15
HITM0011116,HORD003540,PRD0883,1,1440.86,1440.86
HITM0011117,HORD003540,PRD0823,1,631.56,631.56
HITM0011118,HORD003540,PRD0319,1,882.45,882.45
HITM0011119,HORD003541,PRD0299,1,1325.19,1325.19
HITM0011120,HORD003542,PRD0447,2,388.49,776.98
HITM0011121,HORD003542,PRD0989,3,1013.01,3039.03
HITM0011122,HORD003542,PRD0083,3,1563.94,4691.82
HITM0011123,HORD003542,PRD0310,1,83.71,83.71
HITM0011124,HORD003543,PRD0950,1,71.67,71.67
HITM0011125,HORD003543,PRD0974,1,701.83,701.83
HITM0011126,HORD003543,PRD0147,1,1002.37,1002.37
HITM0011127,HORD003544,PRD0580,2,180.48,360.96
HITM0011128,HORD003545,PRD0297,1,2214.14,2214.14
HITM0011129,HORD003545,PRD0531,1,2292.33,2292.33
HITM0011130,HORD003545,PRD0378,1,472.12,472.12
HITM0011131,HORD003545,PRD0812,1,972.39,972.39
HITM0011132,HORD003545,PRD0189,1,325.61,325.61
HITM0011133,HORD003546,PRD0938,1,929.59,929.59
HITM0011134,HORD003546,PRD0215,1,273.66,273.66
HITM0011135,HORD003546,PRD0484,1,1093.53,1093.53
HITM0011136,HORD003546,PRD0264,1,2735.39,2735.39
HITM0011137,HORD003547,PRD0816,1,213.13,213.13
HITM0011138,HORD003547,PRD0947,1,451.51,451.51
HITM0011139,HORD003548,PRD0750,2,181.18,362.36
HITM0011140,HORD003548,PRD0966,1,539.91,539.91
HITM0011141,HORD003548,PRD0118,1,578.97,578.97
HITM0011142,HORD003548,PRD0647,1,818.2,818.2
HITM0011143,HORD003549,PRD0762,1,1038.24,1038.24
HITM0011144,HORD003549,PRD0705,1,200.18,200.18
HITM0011145,HORD003549,PRD0845,1,1093.84,1093.84
HITM0011146,HORD003550,PRD0871,1,3102.51,3102.51
HITM0011147,HORD003550,PRD0280,1,149.57,149.57
HITM0011148,HORD003551,PRD0569,1,238.57,238.57
HITM0011149,HORD003551,PRD0889,2,893.76,1787.52
HITM0011150,HORD003551,PRD0372,1,943.73,943.73
HITM0011151,HORD003551,PRD0646,1,155.12,155.12
HITM0011152,HORD003552,PRD0988,1,236.45,236.45
HITM0011153,HORD003552,PRD0796,3,214.68,644.04
HITM0011154,HORD003552,PRD0251,2,2656.31,5312.62
HITM0011155,HORD003553,PRD0668,1,982.03,982.03
HITM0011156,HORD003553,PRD0881,3,1901.2,5703.6
HITM0011157,HORD003554,PRD0395,1,366.66,366.66
HITM0011158,HORD003555,PRD0691,1,2536.12,2536.12
HITM0011159,HORD003555,PRD0880,1,148.01,148.01
HITM0011160,HORD003555,PRD0130,3,234.4,703.2
HITM0011161,HORD003555,PRD0699,1,508.79,508.79
HITM0011162,HORD003555,PRD0196,2,483.11,966.22
HITM0011163,HORD003556,PRD0201,1,2237.43,2237.43
HITM0011164,HORD003556,PRD0194,1,537.22,537.22
HITM0011165,HORD003556,PRD0137,2,1138.46,2276.92
HITM0011166,HORD003556,PRD0006,1,319.31,319.31
HITM0011167,HORD003557,PRD0368,1,372.64,372.64
HITM0011168,HORD003558,PRD0312,2,1449.43,2898.86
HITM0011169,HORD003558,PRD0907,1,1941.5,1941.5
HITM0011170,HORD003559,PRD0687,3,729.09,2187.27
HITM0011171,HORD003559,PRD0178,1,184.26,184.26
HITM0011172,HORD003559,PRD0684,1,2250.74,2250.74
HITM0011173,HORD003559,PRD0334,2,2155.76,4311.52
HITM0011174,HORD003560,PRD0409,1,178.56,178.56
HITM0011175,HORD003560,PRD0407,1,607.64,607.64
HITM0011176,HORD003560,PRD0439,1,1460.48,1460.48
HITM0011177,HORD003560,PRD0935,1,41.85,41.85
HITM0011178,HORD003561,PRD0703,1,289.3,289.3
HITM0011179,HORD003561,PRD0956,1,86.17,86.17
HITM0011180,HORD003561,PRD0586,2,110.38,220.76
HITM0011181,HORD003562,PRD0066,2,66.71,133.42
HITM0011182,HORD003562,PRD0407,1,607.64,607.64
HITM0011183,HORD003562,PRD0901,1,1092.12,1092.12
HITM0011184,HORD003562,PRD0115,1,678.71,678.71
HITM0011185,HORD003563,PRD0903,1,805.15,805.15
HITM0011186,HORD003563,PRD0051,1,2153.52,2153.52
HITM0011187,HORD003563,PRD0094,1,627.77,627.77
HITM0011188,HORD003563,PRD0950,1,71.67,71.67
HITM0011189,HORD003563,PRD0042,1,1502.85,1502.85
HITM0011190,HORD003564,PRD0147,2,1002.37,2004.74
HITM0011191,HORD003564,PRD0752,2,1395.28,2790.56
HITM0011192,HORD003564,PRD0645,2,206.79,413.58
HITM0011193,HORD003564,PRD0576,1,30.87,30.87
HITM0011194,HORD003565,PRD0545,2,219.94,439.88
HITM0011195,HORD003565,PRD0415,1,78.5,78.5
HITM0011196,HORD003565,PRD0654,3,2311.57,6934.71
HITM0011197,HORD003566,PRD0470,1,116.53,116.53
HITM0011198,HORD003566,PRD0519,1,1464.8,1464.8
HITM0011199,HORD003566,PRD0633,1,1190.36,1190.36
HITM0011200,HORD003567,PRD0066,2,66.71,133.42
HITM0011201,HORD003567,PRD0778,2,769.84,1539.68
HITM0011202,HORD003567,PRD0117,1,684.24,684.24
HITM0011203,HORD003568,PRD0790,1,110.86,110.86
HITM0011204,HORD003568,PRD0007,1,1073.56,1073.56
HITM0011205,HORD003568,PRD0832,1,1257.86,1257.86
HITM0011206,HORD003568,PRD0156,2,402.17,804.34
HITM0011207,HORD003569,PRD0400,1,158.67,158.67
HITM0011208,HORD003569,PRD0490,1,337.69,337.69
HITM0011209,HORD003569,PRD0451,1,2851.18,2851.18
HITM0011210,HORD003569,PRD0085,1,477.42,477.42
HITM0011211,HORD003570,PRD0895,1,1012.5,1012.5
HITM0011212,HORD003570,PRD0445,1,1026.22,1026.22
HITM0011213,HORD003570,PRD0507,1,2282.08,2282.08
HITM0011214,HORD003571,PRD0385,1,272.03,272.03
HITM0011215,HORD003571,PRD0781,1,2891.34,2891.34
HITM0011216,HORD003571,PRD0459,1,553.35,553.35
HITM0011217,HORD003572,PRD0022,1,1385.01,1385.01
HITM0011218,HORD003572,PRD0796,1,214.68,214.68
HITM0011219,HORD003572,PRD0547,1,2316.63,2316.63
HITM0011220,HORD003573,PRD0252,1,457.51,457.51
HITM0011221,HORD003573,PRD0465,3,276.29,828.87
HITM0011222,HORD003573,PRD0634,1,2121.75,2121.75
HITM0011223,HORD003573,PRD0391,1,1914.32,1914.32
HITM0011224,HORD003574,PRD0722,1,373.93,373.93
HITM0011225,HORD003575,PRD0728,1,649.9,649.9
HITM0011226,HORD003575,PRD0938,1,929.59,929.59
HITM0011227,HORD003576,PRD0409,2,178.56,357.12
HITM0011228,HORD003576,PRD0201,1,2237.43,2237.43
HITM0011229,HORD003576,PRD0280,2,149.57,299.14
HITM0011230,HORD003577,PRD0389,1,452.02,452.02
HITM0011231,HORD003577,PRD0303,1,1580.3,1580.3
HITM0011232,HORD003577,PRD0165,1,471.13,471.13
HITM0011233,HORD003577,PRD0086,1,747.25,747.25
HITM0011234,HORD003578,PRD0623,1,1221.11,1221.11
HITM0011235,HORD003578,PRD0265,1,94.03,94.03
HITM0011236,HORD003578,PRD0706,1,173.61,173.61
HITM0011237,HORD003578,PRD0327,1,1792.58,1792.58
HITM0011238,HORD003578,PRD0595,1,758.18,758.18
HITM0011239,HORD003579,PRD0956,2,86.17,172.34
HITM0011240,HORD003579,PRD0963,1,464.21,464.21
HITM0011241,HORD003579,PRD0190,1,274.29,274.29
HITM0011242,HORD003579,PRD0150,1,338.38,338.38
HITM0011243,HORD003580,PRD0897,1,368.24,368.24
HITM0011244,HORD003580,PRD0216,1,503.39,503.39
HITM0011245,HORD003581,PRD0854,1,2184.3,2184.3
HITM0011246,HORD003581,PRD0980,1,286.55,286.55
HITM0011247,HORD003581,PRD0910,1,19.2,19.2
HITM0011248,HORD003582,PRD0127,2,415.41,830.82
HITM0011249,HORD003582,PRD0711,1,2949.82,2949.82
HITM0011250,HORD003582,PRD0135,1,1054.93,1054.93
HITM0011251,HORD003582,PRD0549,1,290.7,290.7
HITM0011252,HORD003583,PRD0101,1,1188.71,1188.71
HITM0011253,HORD003583,PRD0532,1,1430.86,1430.86
HITM0011254,HORD003583,PRD0890,1,279.59,279.59
HITM0011255,HORD003583,PRD0028,2,831.06,1662.12
HITM0011256,HORD003584,PRD0198,1,736.33,736.33
HITM0011257,HORD003584,PRD0587,1,1683.8,1683.8
HITM0011258,HORD003584,PRD0946,1,643.19,643.19
HITM0011259,HORD003584,PRD0070,1,376.35,376.35
HITM0011260,HORD003585,PRD0819,1,282.56,282.56
HITM0011261,HORD003585,PRD0921,1,2084.12,2084.12
HITM0011262,HORD003586,PRD0144,1,2737.49,2737.49
HITM0011263,HORD003586,PRD0996,1,643.77,643.77
HITM0011264,HORD003586,PRD0539,1,968.63,968.63
HITM0011265,HORD003586,PRD0300,2,305.18,610.36
HITM0011266,HORD003587,PRD0235,3,452.44,1357.32
HITM0011267,HORD003587,PRD0686,1,654.4,654.4
HITM0011268,HORD003587,PRD0573,1,281.0,281.0
HITM0011269,HORD003587,PRD0560,2,414.95,829.9
HITM0011270,HORD003588,PRD0592,1,471.73,471.73
HITM0011271,HORD003588,PRD0586,1,110.38,110.38
HITM0011272,HORD003588,PRD0163,1,459.77,459.77
HITM0011273,HORD003588,PRD0293,1,1414.37,1414.37
HITM0011274,HORD003588,PRD0370,2,285.36,570.72
HITM0011275,HORD003589,PRD0925,1,327.94,327.94
HITM0011276,HORD003590,PRD0521,1,2581.65,2581.65
HITM0011277,HORD003590,PRD0991,1,1900.16,1900.16
HITM0011278,HORD003590,PRD0057,1,768.67,768.67
HITM0011279,HORD003590,PRD0111,1,2227.8,2227.8
HITM0011280,HORD003591,PRD0992,2,1671.9,3343.8
HITM0011281,HORD003591,PRD0834,1,2605.19,2605.19
HITM0011282,HORD003591,PRD0580,1,180.48,180.48
HITM0011283,HORD003591,PRD0948,2,583.21,1166.42
HITM0011284,HORD003592,PRD0462,2,595.57,1191.14
HITM0011285,HORD003592,PRD0670,1,152.13,152.13
HITM0011286,HORD003593,PRD0305,1,260.29,260.29
HITM0011287,HORD003593,PRD0050,1,56.24,56.24
HITM0011288,HORD003593,PRD0076,1,729.89,729.89
HITM0011289,HORD003594,PRD0676,1,499.99,499.99
HITM0011290,HORD003594,PRD0989,2,1013.01,2026.02
HITM0011291,HORD003595,PRD0252,1,457.51,457.51
HITM0011292,HORD003595,PRD0397,2,1333.88,2667.76
HITM0011293,HORD003595,PRD0562,2,1226.97,2453.94
HITM0011294,HORD003596,PRD0685,1,963.7,963.7
HITM0011295,HORD003596,PRD0949,2,541.69,1083.38
HITM0011296,HORD003596,PRD0540,1,369.8,369.8
HITM0011297,HORD003596,PRD0638,1,249.29,249.29
HITM0011298,HORD003596,PRD0219,1,227.25,227.25
HITM0011299,HORD003597,PRD0816,1,213.13,213.13
HITM0011300,HORD003597,PRD0014,1,953.24,953.24
HITM0011301,HORD003597,PRD0449,1,483.76,483.76
HITM0011302,HORD003598,PRD0430,2,126.46,252.92
HITM0011303,HORD003598,PRD0687,3,729.09,2187.27
HITM0011304,HORD003598,PRD0961,1,1295.76,1295.76
HITM0011305,HORD003598,PRD0397,1,1333.88,1333.88
HITM0011306,HORD003599,PRD0408,1,1038.75,1038.75
HITM0011307,HORD003599,PRD0483,1,998.58,998.58
HITM0011308,HORD003599,PRD0084,1,1560.4,1560.4
HITM0011309,HORD003600,PRD0461,1,1664.1,1664.1
HITM0011310,HORD003600,PRD0403,1,615.54,615.54
HITM0011311,HORD003601,PRD0213,1,1091.55,1091.55
HITM0011312,HORD003601,PRD0309,1,1023.7,1023.7
HITM0011313,HORD003601,PRD1000,1,120.72,120.72
HITM0011314,HORD003601,PRD0700,1,105.41,105.41
HITM0011315,HORD003602,PRD0406,1,403.51,403.51
HITM0011316,HORD003602,PRD0575,1,177.67,177.67
HITM0011317,HORD003602,PRD0315,2,197.15,394.3
HITM0011318,HORD003602,PRD0821,2,1235.41,2470.82
HITM0011319,HORD003603,PRD0252,1,457.51,457.51
HITM0011320,HORD003603,PRD0454,2,1098.4,2196.8
HITM0011321,HORD003603,PRD0120,2,46.82,93.64
HITM0011322,HORD003603,PRD0170,2,202.15,404.3
HITM0011323,HORD003604,PRD0440,1,57.41,57.41
HITM0011324,HORD003604,PRD0645,1,206.79,206.79
HITM0011325,HORD003604,PRD0825,1,606.92,606.92
HITM0011326,HORD003604,PRD0905,1,951.23,951.23
HITM0011327,HORD003605,PRD0173,3,1519.14,4557.42
HITM0011328,HORD003605,PRD0611,1,1787.47,1787.47
HITM0011329,HORD003606,PRD0346,1,291.88,291.88
HITM0011330,HORD003606,PRD0659,1,1247.76,1247.76
HITM0011331,HORD003606,PRD0288,2,324.08,648.16
HITM0011332,HORD003606,PRD0910,1,19.2,19.2
HITM0011333,HORD003607,PRD0585,1,81.84,81.84
HITM0011334,HORD003607,PRD0489,2,1207.96,2415.92
HITM0011335,HORD003607,PRD0272,1,830.69,830.69
HITM0011336,HORD003608,PRD0708,1,545.08,545.08
HITM0011337,HORD003608,PRD0857,1,998.5,998.5
HITM0011338,HORD003608,PRD0976,2,838.03,1676.06
HITM0011339,HORD003608,PRD0806,1,351.54,351.54
HITM0011340,HORD003609,PRD0365,2,1165.16,2330.32
HITM0011341,HORD003609,PRD0385,1,272.03,272.03
HITM0011342,HORD003609,PRD0345,1,437.36,437.36
HITM0011343,HORD003609,PRD0952,1,550.92,550.92
HITM0011344,HORD003610,PRD0599,2,854.55,1709.1
HITM0011345,HORD003610,PRD0480,1,379.33,379.33
HITM0011346,HORD003610,PRD0463,2,1498.56,2997.12
HITM0011347,HORD003611,PRD0706,2,173.61,347.22
HITM0011348,HORD003611,PRD0472,2,658.25,1316.5
HITM0011349,HORD003612,PRD0108,1,462.45,462.45
HITM0011350,HORD003612,PRD0756,2,238.54,477.08
HITM0011351,HORD003612,PRD0777,1,666.99,666.99
HITM0011352,HORD003612,PRD0510,2,176.33,352.66
HITM0011353,HORD003613,PRD0785,1,91.04,91.04
HITM0011354,HORD003613,PRD0948,2,583.21,1166.42
HITM0011355,HORD003614,PRD0506,1,760.73,760.73
HITM0011356,HORD003615,PRD0820,1,135.5,135.5
HITM0011357,HORD003615,PRD0604,2,3124.49,6248.98
HITM0011358,HORD003615,PRD0883,1,1440.86,1440.86
HITM0011359,HORD003615,PRD0065,1,515.94,515.94
HITM0011360,HORD003615,PRD0471,1,1997.5,1997.5
HITM0011361,HORD003616,PRD0493,1,1091.53,1091.53
HITM0011362,HORD003616,PRD0378,3,472.12,1416.36
HITM0011363,HORD003616,PRD0515,1,1139.31,1139.31
HITM0011364,HORD003617,PRD0964,1,449.57,449.57
HITM0011365,HORD003617,PRD0349,1,1056.93,1056.93
HITM0011366,HORD003617,PRD0139,1,1416.61,1416.61
HITM0011367,HORD003617,PRD0686,2,654.4,1308.8
HITM0011368,HORD003617,PRD0582,1,1854.66,1854.66
HITM0011369,HORD003618,PRD0427,1,1212.42,1212.42
HITM0011370,HORD003618,PRD0226,1,497.16,497.16
HITM0011371,HORD003618,PRD0675,2,98.97,197.94
HITM0011372,HORD003619,PRD0907,3,1941.5,5824.5
HITM0011373,HORD003619,PRD0585,1,81.84,81.84
HITM0011374,HORD003620,PRD0128,2,237.78,475.56
HITM0011375,HORD003620,PRD0109,1,326.84,326.84
HITM0011376,HORD003620,PRD0272,1,830.69,830.69
HITM0011377,HORD003620,PRD0087,1,164.58,164.58
HITM0011378,HORD003621,PRD0749,1,529.95,529.95
HITM0011379,HORD003621,PRD0945,2,113.23,226.46
HITM0011380,HORD003621,PRD0444,1,617.76,617.76
HITM0011381,HORD003621,PRD0291,2,2517.39,5034.78
HITM0011382,HORD003622,PRD0788,1,319.54,319.54
HITM0011383,HORD003622,PRD0622,1,678.69,678.69
HITM0011384,HORD003622,PRD0389,2,452.02,904.04
HITM0011385,HORD003622,PRD0886,1,529.82,529.82
HITM0011386,HORD003623,PRD0463,2,1498.56,2997.12
HITM0011387,HORD003623,PRD0115,1,678.71,678.71
HITM0011388,HORD003623,PRD0678,1,597.3,597.3
HITM0011389,HORD003624,PRD0443,1,393.59,393.59
HITM0011390,HORD003624,PRD0819,1,282.56,282.56
HITM0011391,HORD003625,PRD0806,1,351.54,351.54
HITM0011392,HORD003626,PRD0400,1,158.67,158.67
HITM0011393,HORD003626,PRD0524,1,3613.52,3613.52
HITM0011394,HORD003626,PRD0536,1,274.78,274.78
HITM0011395,HORD003626,PRD0166,1,401.82,401.82
HITM0011396,HORD003627,PRD0260,1,386.46,386.46
HITM0011397,HORD003627,PRD0634,1,2121.75,2121.75
HITM0011398,HORD003628,PRD0110,1,110.2,110.2
HITM0011399,HORD003628,PRD0496,1,223.21,223.21
HITM0011400,HORD003628,PRD0469,1,710.35,710.35
HITM0011401,HORD003628,PRD0640,2,415.26,830.52
HITM0011402,HORD003629,PRD0113,2,418.73,837.46
HITM0011403,HORD003629,PRD0114,1,2474.92,2474.92
HITM0011404,HORD003629,PRD0079,1,1319.99,1319.99
HITM0011405,HORD003629,PRD0346,1,291.88,291.88
HITM0011406,HORD003630,PRD0367,1,179.97,179.97
HITM0011407,HORD003630,PRD0784,1,1118.82,1118.82
HITM0011408,HORD003631,PRD0865,2,308.23,616.46
HITM0011409,HORD003632,PRD0154,2,3096.85,6193.7
HITM0011410,HORD003632,PRD0980,2,286.55,573.1
HITM0011411,HORD003632,PRD0526,2,84.58,169.16
HITM0011412,HORD003633,PRD0416,1,420.25,420.25
HITM0011413,HORD003633,PRD0573,1,281.0,281.0
HITM0011414,HORD003634,PRD0885,1,689.68,689.68
HITM0011415,HORD003634,PRD0520,1,298.12,298.12
HITM0011416,HORD003634,PRD0458,1,960.04,960.04
HITM0011417,HORD003635,PRD0816,2,213.13,426.26
HITM0011418,HORD003635,PRD0758,1,282.47,282.47
HITM0011419,HORD003635,PRD0610,2,159.67,319.34
HITM0011420,HORD003635,PRD0987,1,1413.83,1413.83
HITM0011421,HORD003635,PRD0008,1,146.16,146.16
HITM0011422,HORD003636,PRD0868,1,956.14,956.14
HITM0011423,HORD003636,PRD0100,1,206.02,206.02
HITM0011424,HORD003637,PRD0491,2,1885.4,3770.8
HITM0011425,HORD003637,PRD0947,1,451.51,451.51
HITM0011426,HORD003637,PRD0935,1,41.85,41.85
HITM0011427,HORD003638,PRD0326,1,62.48,62.48
HITM0011428,HORD003638,PRD0671,1,1480.66,1480.66
HITM0011429,HORD003638,PRD0997,1,1971.69,1971.69
HITM0011430,HORD003638,PRD0016,1,255.89,255.89
HITM0011431,HORD003639,PRD0812,1,972.39,972.39
HITM0011432,HORD003639,PRD0830,2,57.62,115.24
HITM0011433,HORD003639,PRD0101,1,1188.71,1188.71
HITM0011434,HORD003639,PRD0847,1,370.04,370.04
HITM0011435,HORD003640,PRD0881,1,1901.2,1901.2
HITM0011436,HORD003640,PRD0836,1,826.24,826.24
HITM0011437,HORD003640,PRD0669,1,603.87,603.87
HITM0011438,HORD003640,PRD0549,1,290.7,290.7
HITM0011439,HORD003640,PRD0459,1,553.35,553.35
HITM0011440,HORD003641,PRD0031,3,2841.2,8523.6
HITM0011441,HORD003641,PRD0424,1,2256.09,2256.09
HITM0011442,HORD003642,PRD0583,1,1333.03,1333.03
HITM0011443,HORD003642,PRD0640,1,415.26,415.26
HITM0011444,HORD003643,PRD0160,1,140.78,140.78
HITM0011445,HORD003643,PRD0988,2,236.45,472.9
HITM0011446,HORD003643,PRD0907,1,1941.5,1941.5
HITM0011447,HORD003643,PRD0767,1,2003.56,2003.56
HITM0011448,HORD003643,PRD0449,1,483.76,483.76
HITM0011449,HORD003644,PRD0575,1,177.67,177.67
HITM0011450,HORD003645,PRD0457,1,1014.79,1014.79
HITM0011451,HORD003645,PRD0698,2,445.24,890.48
HITM0011452,HORD003645,PRD0430,1,126.46,126.46
HITM0011453,HORD003646,PRD0950,1,71.67,71.67
HITM0011454,HORD003646,PRD0838,2,904.43,1808.86
HITM0011455,HORD003646,PRD0326,1,62.48,62.48
HITM0011456,HORD003646,PRD0469,1,710.35,710.35
HITM0011457,HORD003647,PRD0734,1,3509.26,3509.26
HITM0011458,HORD003647,PRD0124,2,659.93,1319.86
HITM0011459,HORD003647,PRD0785,1,91.04,91.04
HITM0011460,HORD003647,PRD0148,2,457.28,914.56
HITM0011461,HORD003648,PRD0955,1,56.91,56.91
HITM0011462,HORD003648,PRD0192,1,796.68,796.68
HITM0011463,HORD003649,PRD0592,1,471.73,471.73
HITM0011464,HORD003649,PRD0343,1,1104.21,1104.21
HITM0011465,HORD003649,PRD0517,1,466.6,466.6
HITM0011466,HORD003650,PRD0500,2,250.29,500.58
HITM0011467,HORD003650,PRD0728,1,649.9,649.9
HITM0011468,HORD003650,PRD0502,1,1737.87,1737.87
HITM0011469,HORD003650,PRD0412,2,383.4,766.8
HITM0011470,HORD003650,PRD0077,1,1748.69,1748.69
HITM0011471,HORD003651,PRD0272,1,830.69,830.69
HITM0011472,HORD003651,PRD0983,1,854.84,854.84
HITM0011473,HORD003652,PRD0920,1,393.44,393.44
HITM0011474,HORD003652,PRD0030,1,360.75,360.75
HITM0011475,HORD003652,PRD0625,1,1034.61,1034.61
HITM0011476,HORD003652,PRD0846,1,427.97,427.97
HITM0011477,HORD003653,PRD0443,2,393.59,787.18
HITM0011478,HORD003653,PRD0611,1,1787.47,1787.47
HITM0011479,HORD003654,PRD0979,2,1164.08,2328.16
HITM0011480,HORD003654,PRD0220,1,144.35,144.35
HITM0011481,HORD003654,PRD0838,1,904.43,904.43
HITM0011482,HORD003654,PRD0350,1,175.83,175.83
HITM0011483,HORD003655,PRD0947,1,451.51,451.51
HITM0011484,HORD003655,PRD0606,1,556.12,556.12
HITM0011485,HORD003655,PRD0138,1,818.63,818.63
HITM0011486,HORD003655,PRD0119,1,871.39,871.39
HITM0011487,HORD003655,PRD0890,2,279.59,559.18
HITM0011488,HORD003656,PRD0772,1,1357.22,1357.22
HITM0011489,HORD003656,PRD0120,3,46.82,140.46
HITM0011490,HORD003656,PRD0489,1,1207.96,1207.96
HITM0011491,HORD003656,PRD0305,1,260.29,260.29
HITM0011492,HORD003657,PRD0106,2,40.68,81.36
HITM0011493,HORD003657,PRD0040,1,239.17,239.17
HITM0011494,HORD003657,PRD0080,2,15.23,30.46
HITM0011495,HORD003658,PRD0002,3,1391.38,4174.14
HITM0011496,HORD003658,PRD0812,1,972.39,972.39
HITM0011497,HORD003658,PRD0885,1,689.68,689.68
HITM0011498,HORD003659,PRD0548,2,957.21,1914.42
HITM0011499,HORD003659,PRD0616,2,480.04,960.08
HITM0011500,HORD003659,PRD0867,1,500.96,500.96
HITM0011501,HORD003659,PRD0874,2,4174.45,8348.9
HITM0011502,HORD003660,PRD0690,1,30.42,30.42
HITM0011503,HORD003660,PRD0290,2,151.92,303.84
HITM0011504,HORD003660,PRD0458,1,960.04,960.04
HITM0011505,HORD003660,PRD0268,1,395.01,395.01
HITM0011506,HORD003661,PRD0027,1,615.88,615.88
HITM0011507,HORD003661,PRD0780,1,94.47,94.47
HITM0011508,HORD003661,PRD0682,1,1238.87,1238.87
HITM0011509,HORD003661,PRD0199,2,1201.16,2402.32
HITM0011510,HORD003661,PRD0897,1,368.24,368.24
HITM0011511,HORD003662,PRD0062,1,1491.83,1491.83
HITM0011512,HORD003663,PRD0189,1,325.61,325.61
HITM0011513,HORD003663,PRD0104,1,1407.8,1407.8
HITM0011514,HORD003664,PRD0735,2,557.24,1114.48
HITM0011515,HORD003664,PRD0270,1,381.87,381.87
HITM0011516,HORD003664,PRD0055,1,534.13,534.13
HITM0011517,HORD003664,PRD0830,1,57.62,57.62
HITM0011518,HORD003665,PRD0846,3,427.97,1283.91
HITM0011519,HORD003665,PRD0580,1,180.48,180.48
HITM0011520,HORD003665,PRD0840,1,48.65,48.65
HITM0011521,HORD003665,PRD0731,1,1026.14,1026.14
HITM0011522,HORD003666,PRD0614,1,2379.02,2379.02
HITM0011523,HORD003666,PRD0007,2,1073.56,2147.12
HITM0011524,HORD003666,PRD0998,3,819.98,2459.94
HITM0011525,HORD003666,PRD0534,2,3831.9,7663.8
HITM0011526,HORD003667,PRD0485,1,178.75,178.75
HITM0011527,HORD003667,PRD0791,1,2879.43,2879.43
HITM0011528,HORD003668,PRD0846,1,427.97,427.97
HITM0011529,HORD003668,PRD0132,1,1616.97,1616.97
HITM0011530,HORD003669,PRD0954,1,848.21,848.21
HITM0011531,HORD003669,PRD0756,2,238.54,477.08
HITM0011532,HORD003669,PRD0872,2,1383.23,2766.46
HITM0011533,HORD003670,PRD0030,3,360.75,1082.25
HITM0011534,HORD003670,PRD0219,1,227.25,227.25
HITM0011535,HORD003670,PRD0076,2,729.89,1459.78
HITM0011536,HORD003671,PRD0120,1,46.82,46.82
HITM0011537,HORD003672,PRD0686,1,654.4,654.4
HITM0011538,HORD003672,PRD0831,1,2373.29,2373.29
HITM0011539,HORD003672,PRD0469,1,710.35,710.35
HITM0011540,HORD003672,PRD0107,1,1780.98,1780.98
HITM0011541,HORD003673,PRD0980,2,286.55,573.1
HITM0011542,HORD003673,PRD0373,1,664.52,664.52
HITM0011543,HORD003673,PRD0834,1,2605.19,2605.19
HITM0011544,HORD003673,PRD0441,1,2838.69,2838.69
HITM0011545,HORD003673,PRD0610,1,159.67,159.67
HITM0011546,HORD003674,PRD0186,1,280.16,280.16
HITM0011547,HORD003674,PRD0305,2,260.29,520.58
HITM0011548,HORD003674,PRD0664,1,3064.35,3064.35
HITM0011549,HORD003674,PRD0576,1,30.87,30.87
HITM0011550,HORD003675,PRD0648,3,469.36,1408.08
HITM0011551,HORD003675,PRD0758,3,282.47,847.41
HITM0011552,HORD003675,PRD0688,1,921.64,921.64
HITM0011553,HORD003675,PRD0537,1,669.66,669.66
HITM0011554,HORD003676,PRD0141,1,2256.8,2256.8
HITM0011555,HORD003676,PRD0853,1,1558.78,1558.78
HITM0011556,HORD003676,PRD0388,3,981.72,2945.16
HITM0011557,HORD003677,PRD0417,1,1281.86,1281.86
HITM0011558,HORD003677,PRD0794,1,464.13,464.13
HITM0011559,HORD003677,PRD0315,1,197.15,197.15
HITM0011560,HORD003677,PRD0164,2,1650.2,3300.4
HITM0011561,HORD003677,PRD0067,1,1666.09,1666.09
HITM0011562,HORD003678,PRD0166,1,401.82,401.82
HITM0011563,HORD003678,PRD0670,1,152.13,152.13
HITM0011564,HORD003678,PRD0727,3,1874.18,5622.54
HITM0011565,HORD003679,PRD0919,2,202.1,404.2
HITM0011566,HORD003679,PRD0440,1,57.41,57.41
HITM0011567,HORD003679,PRD0544,1,975.01,975.01
HITM0011568,HORD003680,PRD0026,1,841.05,841.05
HITM0011569,HORD003680,PRD0493,3,1091.53,3274.59
HITM0011570,HORD003680,PRD0126,1,273.65,273.65
HITM0011571,HORD003680,PRD0793,1,476.45,476.45
HITM0011572,HORD003681,PRD0710,1,221.52,221.52
HITM0011573,HORD003681,PRD0523,1,462.11,462.11
HITM0011574,HORD003681,PRD0789,3,776.9,2330.7
HITM0011575,HORD003682,PRD0140,2,394.57,789.14
HITM0011576,HORD003682,PRD0120,3,46.82,140.46
HITM0011577,HORD003682,PRD0345,1,437.36,437.36
HITM0011578,HORD003683,PRD0438,1,185.01,185.01
HITM0011579,HORD003683,PRD0102,1,1075.3,1075.3
HITM0011580,HORD003683,PRD0677,1,197.41,197.41
HITM0011581,HORD003684,PRD0060,1,147.43,147.43
HITM0011582,HORD003684,PRD0065,1,515.94,515.94
HITM0011583,HORD003684,PRD0443,1,393.59,393.59
HITM0011584,HORD003684,PRD0294,1,2659.23,2659.23
HITM0011585,HORD003684,PRD0951,3,1391.02,4173.06
HITM0011586,HORD003685,PRD0590,1,320.53,320.53
HITM0011587,HORD003685,PRD0018,2,953.09,1906.18
HITM0011588,HORD003685,PRD0906,1,150.8,150.8
HITM0011589,HORD003685,PRD0977,1,171.2,171.2
HITM0011590,HORD003686,PRD0645,1,206.79,206.79
HITM0011591,HORD003686,PRD0239,2,761.02,1522.04
HITM0011592,HORD003687,PRD0896,1,810.67,810.67
HITM0011593,HORD003688,PRD0309,1,1023.7,1023.7
HITM0011594,HORD003688,PRD0324,1,632.08,632.08
HITM0011595,HORD003688,PRD0921,1,2084.12,2084.12
HITM0011596,HORD003688,PRD0036,1,120.39,120.39
HITM0011597,HORD003688,PRD0232,1,1634.96,1634.96
HITM0011598,HORD003689,PRD0110,1,110.2,110.2
HITM0011599,HORD003689,PRD0277,1,1740.27,1740.27
HITM0011600,HORD003689,PRD0594,1,2046.58,2046.58
HITM0011601,HORD003689,PRD0249,1,1193.82,1193.82
HITM0011602,HORD003690,PRD0354,1,2902.62,2902.62
HITM0011603,HORD003690,PRD0331,1,1007.66,1007.66
HITM0011604,HORD003690,PRD0117,1,684.24,684.24
HITM0011605,HORD003691,PRD0586,3,110.38,331.14
HITM0011606,HORD003691,PRD0350,2,175.83,351.66
HITM0011607,HORD003691,PRD0147,2,1002.37,2004.74
HITM0011608,HORD003692,PRD0274,1,2425.87,2425.87
HITM0011609,HORD003692,PRD0883,1,1440.86,1440.86
HITM0011610,HORD003692,PRD0610,1,159.67,159.67
HITM0011611,HORD003692,PRD0891,1,2011.11,2011.11
HITM0011612,HORD003693,PRD0990,1,268.68,268.68
HITM0011613,HORD003693,PRD0275,1,928.24,928.24
HITM0011614,HORD003693,PRD0720,1,313.84,313.84
HITM0011615,HORD003694,PRD0541,1,3125.61,3125.61
HITM0011616,HORD003694,PRD0344,1,2796.46,2796.46
HITM0011617,HORD003694,PRD0668,1,982.03,982.03
HITM0011618,HORD003695,PRD0216,1,503.39,503.39
HITM0011619,HORD003696,PRD0903,1,805.15,805.15
HITM0011620,HORD003696,PRD0660,1,15.31,15.31
HITM0011621,HORD003696,PRD0320,1,190.98,190.98
HITM0011622,HORD003697,PRD0192,3,796.68,2390.04
HITM0011623,HORD003697,PRD0577,1,2330.53,2330.53
HITM0011624,HORD003697,PRD0292,1,1683.43,1683.43
HITM0011625,HORD003698,PRD0194,1,537.22,537.22
HITM0011626,HORD003698,PRD0633,1,1190.36,1190.36
HITM0011627,HORD003699,PRD0635,1,140.41,140.41
HITM0011628,HORD003699,PRD0238,1,814.82,814.82
HITM0011629,HORD003699,PRD0699,1,508.79,508.79
HITM0011630,HORD003699,PRD0589,1,241.6,241.6
HITM0011631,HORD003700,PRD0180,3,270.59,811.77
HITM0011632,HORD003700,PRD0670,1,152.13,152.13
HITM0011633,HORD003700,PRD0830,1,57.62,57.62
HITM0011634,HORD003700,PRD0258,1,649.82,649.82
HITM0011635,HORD003701,PRD0007,2,1073.56,2147.12
HITM0011636,HORD003701,PRD0580,1,180.48,180.48
HITM0011637,HORD003702,PRD0073,1,1270.32,1270.32
HITM0011638,HORD003702,PRD0868,1,956.14,956.14
HITM0011639,HORD003702,PRD0233,1,804.27,804.27
HITM0011640,HORD003702,PRD0330,1,222.78,222.78
HITM0011641,HORD003703,PRD0666,1,703.13,703.13
HITM0011642,HORD003704,PRD0273,2,697.23,1394.46
HITM0011643,HORD003704,PRD0201,1,2237.43,2237.43
HITM0011644,HORD003704,PRD0459,1,553.35,553.35
HITM0011645,HORD003704,PRD0289,1,553.34,553.34
HITM0011646,HORD003704,PRD0407,1,607.64,607.64
HITM0011647,HORD003705,PRD0599,1,854.55,854.55
HITM0011648,HORD003705,PRD0085,2,477.42,954.84
HITM0011649,HORD003705,PRD0530,1,210.45,210.45
HITM0011650,HORD003705,PRD0385,1,272.03,272.03
HITM0011651,HORD003706,PRD0201,1,2237.43,2237.43
HITM0011652,HORD003706,PRD0568,2,237.73,475.46
HITM0011653,HORD003706,PRD0829,1,964.04,964.04
HITM0011654,HORD003706,PRD0206,1,633.94,633.94
HITM0011655,HORD003706,PRD0120,1,46.82,46.82
HITM0011656,HORD003707,PRD0675,1,98.97,98.97
HITM0011657,HORD003707,PRD0555,1,1183.16,1183.16
HITM0011658,HORD003707,PRD0782,2,452.61,905.22
HITM0011659,HORD003708,PRD0309,1,1023.7,1023.7
HITM0011660,HORD003708,PRD0155,1,372.71,372.71
HITM0011661,HORD003708,PRD0428,1,844.51,844.51
HITM0011662,HORD003708,PRD0719,1,836.38,836.38
HITM0011663,HORD003709,PRD0497,2,2082.0,4164.0
HITM0011664,HORD003709,PRD0341,1,2657.98,2657.98
HITM0011665,HORD003709,PRD0336,1,657.61,657.61
HITM0011666,HORD003709,PRD0879,1,1214.72,1214.72
HITM0011667,HORD003710,PRD0050,1,56.24,56.24
HITM0011668,HORD003710,PRD0692,1,488.18,488.18
HITM0011669,HORD003710,PRD0610,1,159.67,159.67
HITM0011670,HORD003710,PRD0357,1,2299.18,2299.18
HITM0011671,HORD003710,PRD0305,1,260.29,260.29
HITM0011672,HORD003711,PRD0769,1,333.15,333.15
HITM0011673,HORD003711,PRD0653,2,608.0,1216.0
HITM0011674,HORD003712,PRD0458,2,960.04,1920.08
HITM0011675,HORD003712,PRD0687,1,729.09,729.09
HITM0011676,HORD003712,PRD0295,1,1095.89,1095.89
HITM0011677,HORD003712,PRD0879,1,1214.72,1214.72
HITM0011678,HORD003713,PRD0945,1,113.23,113.23
HITM0011679,HORD003713,PRD0770,1,144.73,144.73
HITM0011680,HORD003713,PRD0055,1,534.13,534.13
HITM0011681,HORD003713,PRD0381,2,2583.59,5167.18
HITM0011682,HORD003713,PRD0851,1,3078.03,3078.03
HITM0011683,HORD003714,PRD0523,1,462.11,462.11
HITM0011684,HORD003714,PRD0171,1,2618.35,2618.35
HITM0011685,HORD003714,PRD0293,1,1414.37,1414.37
HITM0011686,HORD003715,PRD0117,3,684.24,2052.72
HITM0011687,HORD003715,PRD0013,1,377.71,377.71
HITM0011688,HORD003715,PRD0048,1,176.51,176.51
HITM0011689,HORD003715,PRD0326,1,62.48,62.48
HITM0011690,HORD003716,PRD0686,2,654.4,1308.8
HITM0011691,HORD003716,PRD0955,2,56.91,113.82
HITM0011692,HORD003717,PRD0256,1,297.13,297.13
HITM0011693,HORD003718,PRD0487,1,136.07,136.07
HITM0011694,HORD003718,PRD0552,1,1741.06,1741.06
HITM0011695,HORD003718,PRD0234,1,1058.58,1058.58
HITM0011696,HORD003718,PRD0428,2,844.51,1689.02
HITM0011697,HORD003719,PRD0849,1,272.8,272.8
HITM0011698,HORD003719,PRD0282,1,641.72,641.72
HITM0011699,HORD003719,PRD0004,3,468.81,1406.43
HITM0011700,HORD003719,PRD0784,1,1118.82,1118.82
HITM0011701,HORD003720,PRD0426,1,571.98,571.98
HITM0011702,HORD003720,PRD0845,1,1093.84,1093.84
HITM0011703,HORD003720,PRD0276,1,443.22,443.22
HITM0011704,HORD003721,PRD0366,1,356.03,356.03
HITM0011705,HORD003721,PRD0430,1,126.46,126.46
HITM0011706,HORD003721,PRD0894,1,2968.01,2968.01
HITM0011707,HORD003721,PRD0429,2,1195.52,2391.04
HITM0011708,HORD003722,PRD0580,1,180.48,180.48
HITM0011709,HORD003722,PRD0666,1,703.13,703.13
HITM0011710,HORD003722,PRD0938,1,929.59,929.59
HITM0011711,HORD003723,PRD0472,2,658.25,1316.5
HITM0011712,HORD003723,PRD0446,2,132.64,265.28
HITM0011713,HORD003723,PRD0482,3,1511.77,4535.31
HITM0011714,HORD003723,PRD0565,1,294.27,294.27
HITM0011715,HORD003724,PRD0146,2,508.56,1017.12
HITM0011716,HORD003724,PRD0671,1,1480.66,1480.66
HITM0011717,HORD003725,PRD0904,2,1097.17,2194.34
HITM0011718,HORD003725,PRD0837,1,471.38,471.38
HITM0011719,HORD003726,PRD0326,2,62.48,124.96
HITM0011720,HORD003727,PRD0834,1,2605.19,2605.19
HITM0011721,HORD003727,PRD0120,1,46.82,46.82
HITM0011722,HORD003727,PRD0933,1,1394.64,1394.64
HITM0011723,HORD003728,PRD0001,1,2393.92,2393.92
HITM0011724,HORD003728,PRD0590,1,320.53,320.53
HITM0011725,HORD003728,PRD0415,1,78.5,78.5
HITM0011726,HORD003729,PRD0928,1,302.59,302.59
HITM0011727,HORD003729,PRD0073,1,1270.32,1270.32
HITM0011728,HORD003729,PRD0725,1,107.02,107.02
HITM0011729,HORD003730,PRD0482,1,1511.77,1511.77
HITM0011730,HORD003730,PRD0048,1,176.51,176.51
HITM0011731,HORD003730,PRD0423,1,1099.29,1099.29
HITM0011732,HORD003730,PRD0936,1,214.36,214.36
HITM0011733,HORD003731,PRD0274,1,2425.87,2425.87
HITM0011734,HORD003731,PRD0219,1,227.25,227.25
HITM0011735,HORD003732,PRD0974,2,701.83,1403.66
HITM0011736,HORD003732,PRD0326,1,62.48,62.48
HITM0011737,HORD003732,PRD0019,1,1020.41,1020.41
HITM0011738,HORD003733,PRD0282,1,641.72,641.72
HITM0011739,HORD003733,PRD0448,1,974.99,974.99
HITM0011740,HORD003733,PRD0809,2,217.32,434.64
HITM0011741,HORD003734,PRD0913,1,570.08,570.08
HITM0011742,HORD003734,PRD0650,1,233.76,233.76
HITM0011743,HORD003734,PRD0080,1,15.23,15.23
HITM0011744,HORD003734,PRD0239,2,761.02,1522.04
HITM0011745,HORD003735,PRD0837,2,471.38,942.76
HITM0011746,HORD003735,PRD0502,2,1737.87,3475.74
HITM0011747,HORD003735,PRD0020,1,254.09,254.09
HITM0011748,HORD003736,PRD0099,1,245.95,245.95
HITM0011749,HORD003736,PRD0928,1,302.59,302.59
HITM0011750,HORD003736,PRD0364,2,3680.48,7360.96
HITM0011751,HORD003736,PRD0166,1,401.82,401.82
HITM0011752,HORD003736,PRD0128,1,237.78,237.78
HITM0011753,HORD003737,PRD0310,2,83.71,167.42
HITM0011754,HORD003737,PRD0365,1,1165.16,1165.16
HITM0011755,HORD003737,PRD0662,2,808.63,1617.26
HITM0011756,HORD003737,PRD0845,1,1093.84,1093.84
HITM0011757,HORD003737,PRD0032,1,581.78,581.78
HITM0011758,HORD003738,PRD0715,3,61.65,184.95
HITM0011759,HORD003738,PRD0840,1,48.65,48.65
HITM0011760,HORD003739,PRD0519,1,1464.8,1464.8
HITM0011761,HORD003739,PRD0770,1,144.73,144.73
HITM0011762,HORD003739,PRD0793,2,476.45,952.9
HITM0011763,HORD003739,PRD0882,1,404.51,404.51
HITM0011764,HORD003739,PRD0957,1,1732.9,1732.9
HITM0011765,HORD003740,PRD0780,1,94.47,94.47
HITM0011766,HORD003740,PRD0819,2,282.56,565.12
HITM0011767,HORD003740,PRD0517,2,466.6,933.2
HITM0011768,HORD003741,PRD0181,1,2410.31,2410.31
HITM0011769,HORD003741,PRD0809,2,217.32,434.64
HITM0011770,HORD003741,PRD0070,1,376.35,376.35
HITM0011771,HORD003742,PRD0823,1,631.56,631.56
HITM0011772,HORD003742,PRD0243,1,1176.42,1176.42
HITM0011773,HORD003742,PRD0023,3,620.72,1862.16
HITM0011774,HORD003742,PRD0443,1,393.59,393.59
HITM0011775,HORD003742,PRD0792,1,1199.37,1199.37
HITM0011776,HORD003743,PRD0397,1,1333.88,1333.88
HITM0011777,HORD003743,PRD0094,1,627.77,627.77
HITM0011778,HORD003743,PRD0144,1,2737.49,2737.49
HITM0011779,HORD003744,PRD0355,1,412.17,412.17
HITM0011780,HORD003744,PRD0324,1,632.08,632.08
HITM0011781,HORD003744,PRD0742,1,1738.97,1738.97
HITM0011782,HORD003744,PRD0733,1,1586.43,1586.43
HITM0011783,HORD003745,PRD0957,1,1732.9,1732.9
HITM0011784,HORD003745,PRD0950,1,71.67,71.67
HITM0011785,HORD003745,PRD0792,1,1199.37,1199.37
HITM0011786,HORD003746,PRD0345,1,437.36,437.36
HITM0011787,HORD003746,PRD0841,2,2157.33,4314.66
HITM0011788,HORD003746,PRD0486,1,297.99,297.99
HITM0011789,HORD003746,PRD0099,2,245.95,491.9
HITM0011790,HORD003746,PRD0400,1,158.67,158.67
HITM0011791,HORD003747,PRD0893,1,739.92,739.92
HITM0011792,HORD003747,PRD0920,1,393.44,393.44
HITM0011793,HORD003747,PRD0505,2,967.54,1935.08
HITM0011794,HORD003748,PRD0575,1,177.67,177.67
HITM0011795,HORD003749,PRD0358,2,1013.74,2027.48
HITM0011796,HORD003749,PRD0609,1,510.8,510.8
HITM0011797,HORD003749,PRD0651,2,2713.88,5427.76
HITM0011798,HORD003750,PRD0244,1,847.84,847.84
HITM0011799,HORD003750,PRD0385,2,272.03,544.06
HITM0011800,HORD003751,PRD0856,1,734.6,734.6
HITM0011801,HORD003751,PRD0754,1,2331.9,2331.9
HITM0011802,HORD003751,PRD0660,1,15.31,15.31
HITM0011803,HORD003751,PRD0931,2,2472.47,4944.94
HITM0011804,HORD003751,PRD0337,2,2341.34,4682.68
HITM0011805,HORD003752,PRD0713,1,1024.63,1024.63
HITM0011806,HORD003752,PRD0026,1,841.05,841.05
HITM0011807,HORD003752,PRD0650,1,233.76,233.76
HITM0011808,HORD003752,PRD0446,1,132.64,132.64
HITM0011809,HORD003753,PRD0950,1,71.67,71.67
HITM0011810,HORD003754,PRD0194,1,537.22,537.22
HITM0011811,HORD003754,PRD0111,2,2227.8,4455.6
HITM0011812,HORD003754,PRD0507,1,2282.08,2282.08
HITM0011813,HORD003755,PRD0313,2,1109.77,2219.54
HITM0011814,HORD003755,PRD0338,1,925.26,925.26
HITM0011815,HORD003756,PRD0510,1,176.33,176.33
HITM0011816,HORD003756,PRD0794,1,464.13,464.13
HITM0011817,HORD003756,PRD0647,2,818.2,1636.4
HITM0011818,HORD003757,PRD0269,1,236.51,236.51
HITM0011819,HORD003757,PRD0159,1,1223.4,1223.4
HITM0011820,HORD003758,PRD0473,1,1395.59,1395.59
HITM0011821,HORD003758,PRD0565,1,294.27,294.27
HITM0011822,HORD003758,PRD0417,2,1281.86,2563.72
HITM0011823,HORD003759,PRD0160,1,140.78,140.78
HITM0011824,HORD003759,PRD0886,1,529.82,529.82
HITM0011825,HORD003759,PRD0290,1,151.92,151.92
HITM0011826,HORD003759,PRD0840,1,48.65,48.65
HITM0011827,HORD003760,PRD0015,1,828.91,828.91
HITM0011828,HORD003761,PRD0343,1,1104.21,1104.21
HITM0011829,HORD003761,PRD0823,1,631.56,631.56
HITM0011830,HORD003761,PRD0810,1,325.73,325.73
HITM0011831,HORD003761,PRD0147,1,1002.37,1002.37
HITM0011832,HORD003762,PRD0293,1,1414.37,1414.37
HITM0011833,HORD003762,PRD0719,2,836.38,1672.76
HITM0011834,HORD003763,PRD0380,1,370.74,370.74
HITM0011835,HORD003763,PRD0453,1,1232.3,1232.3
HITM0011836,HORD003763,PRD0130,1,234.4,234.4
HITM0011837,HORD003763,PRD0557,1,743.48,743.48
HITM0011838,HORD003763,PRD0787,2,527.32,1054.64
HITM0011839,HORD003764,PRD0493,1,1091.53,1091.53
HITM0011840,HORD003764,PRD0988,1,236.45,236.45
HITM0011841,HORD003765,PRD0540,1,369.8,369.8
HITM0011842,HORD003766,PRD0735,1,557.24,557.24
HITM0011843,HORD003766,PRD0987,1,1413.83,1413.83
HITM0011844,HORD003766,PRD0765,1,1162.91,1162.91
HITM0011845,HORD003766,PRD0968,1,409.17,409.17
HITM0011846,HORD003766,PRD0561,1,951.61,951.61
HITM0011847,HORD003767,PRD0113,2,418.73,837.46
HITM0011848,HORD003767,PRD0824,1,3509.94,3509.94
HITM0011849,HORD003767,PRD0178,1,184.26,184.26
HITM0011850,HORD003767,PRD0745,2,882.2,1764.4
HITM0011851,HORD003768,PRD0225,1,1060.36,1060.36
HITM0011852,HORD003769,PRD0437,1,2082.66,2082.66
HITM0011853,HORD003769,PRD0422,1,1345.12,1345.12
HITM0011854,HORD003770,PRD0642,2,1399.48,2798.96
HITM0011855,HORD003770,PRD0904,1,1097.17,1097.17
HITM0011856,HORD003770,PRD0019,1,1020.41,1020.41
HITM0011857,HORD003770,PRD0943,2,862.72,1725.44
HITM0011858,HORD003771,PRD0001,1,2393.92,2393.92
HITM0011859,HORD003771,PRD0494,2,1961.68,3923.36
HITM0011860,HORD003772,PRD0367,1,179.97,179.97
HITM0011861,HORD003772,PRD0647,2,818.2,1636.4
HITM0011862,HORD003772,PRD0013,1,377.71,377.71
HITM0011863,HORD003772,PRD0037,1,1207.21,1207.21
HITM0011864,HORD003773,PRD0020,1,254.09,254.09
HITM0011865,HORD003773,PRD0202,1,1282.0,1282.0
HITM0011866,HORD003773,PRD0956,2,86.17,172.34
HITM0011867,HORD003773,PRD0347,1,2438.33,2438.33
HITM0011868,HORD003774,PRD0844,1,1595.23,1595.23
HITM0011869,HORD003775,PRD0576,3,30.87,92.61
HITM0011870,HORD003775,PRD0206,1,633.94,633.94
HITM0011871,HORD003775,PRD0096,3,327.95,983.85
HITM0011872,HORD003775,PRD0125,1,517.12,517.12
HITM0011873,HORD003775,PRD0102,1,1075.3,1075.3
HITM0011874,HORD003776,PRD0661,1,1048.18,1048.18
HITM0011875,HORD003776,PRD0224,1,3534.57,3534.57
HITM0011876,HORD003777,PRD0618,1,421.89,421.89
HITM0011877,HORD003777,PRD0322,2,1333.07,2666.14
HITM0011878,HORD003777,PRD0392,1,647.54,647.54
HITM0011879,HORD003777,PRD0615,1,965.84,965.84
HITM0011880,HORD003778,PRD0769,1,333.15,333.15
HITM0011881,HORD003778,PRD0678,1,597.3,597.3
HITM0011882,HORD003779,PRD0159,1,1223.4,1223.4
HITM0011883,HORD003779,PRD0950,2,71.67,143.34
HITM0011884,HORD003779,PRD0595,1,758.18,758.18
HITM0011885,HORD003780,PRD0194,2,537.22,1074.44
HITM0011886,HORD003780,PRD0777,1,666.99,666.99
HITM0011887,HORD003780,PRD0782,1,452.61,452.61
HITM0011888,HORD003781,PRD0785,1,91.04,91.04
HITM0011889,HORD003781,PRD0955,2,56.91,113.82
HITM0011890,HORD003781,PRD0106,2,40.68,81.36
HITM0011891,HORD003782,PRD0791,1,2879.43,2879.43
HITM0011892,HORD003782,PRD0592,1,471.73,471.73
HITM0011893,HORD003782,PRD0655,3,261.66,784.98
HITM0011894,HORD003783,PRD0005,3,503.71,1511.13
HITM0011895,HORD003783,PRD0724,1,2281.33,2281.33
HITM0011896,HORD003783,PRD0830,2,57.62,115.24
HITM0011897,HORD003784,PRD0893,1,739.92,739.92
HITM0011898,HORD003784,PRD0456,1,111.78,111.78
HITM0011899,HORD003784,PRD0940,1,200.38,200.38
HITM0011900,HORD003785,PRD0778,1,769.84,769.84
HITM0011901,HORD003785,PRD0757,1,1258.09,1258.09
HITM0011902,HORD003785,PRD0710,1,221.52,221.52
HITM0011903,HORD003786,PRD0520,1,298.12,298.12
HITM0011904,HORD003786,PRD0749,1,529.95,529.95
HITM0011905,HORD003786,PRD0873,2,343.79,687.58
HITM0011906,HORD003786,PRD0041,1,3199.1,3199.1
HITM0011907,HORD003787,PRD0255,1,718.45,718.45
HITM0011908,HORD003787,PRD0950,1,71.67,71.67
HITM0011909,HORD003787,PRD0031,3,2841.2,8523.6
HITM0011910,HORD003787,PRD0415,1,78.5,78.5
HITM0011911,HORD003788,PRD0055,1,534.13,534.13
HITM0011912,HORD003788,PRD0849,1,272.8,272.8
HITM0011913,HORD003788,PRD0045,2,124.62,249.24
HITM0011914,HORD003789,PRD0836,1,826.24,826.24
HITM0011915,HORD003789,PRD0762,1,1038.24,1038.24
HITM0011916,HORD003789,PRD0234,1,1058.58,1058.58
HITM0011917,HORD003789,PRD0530,1,210.45,210.45
HITM0011918,HORD003789,PRD0576,1,30.87,30.87
HITM0011919,HORD003790,PRD0971,3,2276.46,6829.38
HITM0011920,HORD003790,PRD0583,2,1333.03,2666.06
HITM0011921,HORD003790,PRD0608,1,607.93,607.93
HITM0011922,HORD003790,PRD0815,1,748.08,748.08
HITM0011923,HORD003790,PRD0880,1,148.01,148.01
HITM0011924,HORD003791,PRD0930,1,360.98,360.98
HITM0011925,HORD003791,PRD0157,1,1654.35,1654.35
HITM0011926,HORD003791,PRD0068,1,331.71,331.71
HITM0011927,HORD003791,PRD0152,1,575.19,575.19
HITM0011928,HORD003791,PRD0853,1,1558.78,1558.78
HITM0011929,HORD003792,PRD0149,1,427.78,427.78
HITM0011930,HORD003792,PRD0736,1,828.82,828.82
HITM0011931,HORD003792,PRD0188,1,936.44,936.44
HITM0011932,HORD003792,PRD0097,2,2221.25,4442.5
HITM0011933,HORD003793,PRD0326,1,62.48,62.48
HITM0011934,HORD003793,PRD0398,1,567.86,567.86
HITM0011935,HORD003793,PRD0416,2,420.25,840.5
HITM0011936,HORD003793,PRD0829,1,964.04,964.04
HITM0011937,HORD003794,PRD0865,2,308.23,616.46
HITM0011938,HORD003794,PRD0864,1,3026.32,3026.32
HITM0011939,HORD003794,PRD0095,1,697.69,697.69
HITM0011940,HORD003794,PRD0820,1,135.5,135.5
HITM0011941,HORD003795,PRD0867,1,500.96,500.96
HITM0011942,HORD003795,PRD0025,1,399.48,399.48
HITM0011943,HORD003795,PRD0722,1,373.93,373.93
HITM0011944,HORD003796,PRD0355,1,412.17,412.17
HITM0011945,HORD003796,PRD0279,2,165.58,331.16
HITM0011946,HORD003796,PRD0380,1,370.74,370.74
HITM0011947,HORD003797,PRD0935,1,41.85,41.85
HITM0011948,HORD003797,PRD0564,2,3629.67,7259.34
HITM0011949,HORD003797,PRD0080,1,15.23,15.23
HITM0011950,HORD003798,PRD0100,2,206.02,412.04
HITM0011951,HORD003798,PRD0881,1,1901.2,1901.2
HITM0011952,HORD003798,PRD0371,1,2179.78,2179.78
HITM0011953,HORD003798,PRD0690,1,30.42,30.42
HITM0011954,HORD003799,PRD0376,1,689.26,689.26
HITM0011955,HORD003799,PRD0924,3,1071.28,3213.84
HITM0011956,HORD003799,PRD0571,1,1263.4,1263.4
HITM0011957,HORD003799,PRD0398,1,567.86,567.86
HITM0011958,HORD003799,PRD0795,1,1118.81,1118.81
HITM0011959,HORD003800,PRD0832,1,1257.86,1257.86
HITM0011960,HORD003800,PRD0660,1,15.31,15.31
HITM0011961,HORD003800,PRD0469,1,710.35,710.35
HITM0011962,HORD003800,PRD0249,1,1193.82,1193.82
HITM0011963,HORD003801,PRD0484,1,1093.53,1093.53
HITM0011964,HORD003801,PRD0869,1,1298.92,1298.92
HITM0011965,HORD003801,PRD0056,1,485.36,485.36
HITM0011966,HORD003801,PRD0150,2,338.38,676.76
HITM0011967,HORD003801,PRD0146,1,508.56,508.56
HITM0011968,HORD003802,PRD0072,2,713.12,1426.24
HITM0011969,HORD003802,PRD0750,1,181.18,181.18
HITM0011970,HORD003802,PRD0369,2,123.0,246.0
HITM0011971,HORD003803,PRD0095,1,697.69,697.69
HITM0011972,HORD003803,PRD0179,1,769.0,769.0
HITM0011973,HORD003803,PRD0776,1,143.41,143.41
HITM0011974,HORD003804,PRD0164,1,1650.2,1650.2
HITM0011975,HORD003804,PRD0460,1,250.7,250.7
HITM0011976,HORD003804,PRD0423,1,1099.29,1099.29
HITM0011977,HORD003805,PRD0463,1,1498.56,1498.56
HITM0011978,HORD003805,PRD0954,1,848.21,848.21
HITM0011979,HORD003805,PRD0428,2,844.51,1689.02
HITM0011980,HORD003806,PRD0115,1,678.71,678.71
HITM0011981,HORD003806,PRD0379,2,722.92,1445.84
HITM0011982,HORD003806,PRD0745,1,882.2,882.2
HITM0011983,HORD003806,PRD0534,1,3831.9,3831.9
HITM0011984,HORD003807,PRD0981,1,2016.47,2016.47
HITM0011985,HORD003807,PRD0681,1,963.93,963.93
HITM0011986,HORD003807,PRD0777,1,666.99,666.99
HITM0011987,HORD003807,PRD0076,1,729.89,729.89
HITM0011988,HORD003808,PRD0301,1,1027.91,1027.91
HITM0011989,HORD003809,PRD0549,1,290.7,290.7
HITM0011990,HORD003809,PRD0402,1,335.07,335.07
HITM0011991,HORD003809,PRD0185,1,884.92,884.92
HITM0011992,HORD003809,PRD0964,1,449.57,449.57
HITM0011993,HORD003809,PRD0463,1,1498.56,1498.56
HITM0011994,HORD003810,PRD0087,1,164.58,164.58
HITM0011995,HORD003810,PRD0012,1,711.13,711.13
HITM0011996,HORD003810,PRD0655,1,261.66,261.66
HITM0011997,HORD003810,PRD0509,1,306.02,306.02
HITM0011998,HORD003811,PRD0992,3,1671.9,5015.7
HITM0011999,HORD003811,PRD0210,1,389.28,389.28
HITM0012000,HORD003811,PRD0566,1,665.53,665.53
HITM0012001,HORD003812,PRD0903,1,805.15,805.15
HITM0012002,HORD003812,PRD0525,1,589.06,589.06
HITM0012003,HORD003812,PRD0168,1,654.31,654.31
HITM0012004,HORD003813,PRD0164,1,1650.2,1650.2
HITM0012005,HORD003813,PRD0389,1,452.02,452.02
HITM0012006,HORD003813,PRD0668,1,982.03,982.03
HITM0012007,HORD003813,PRD0552,1,1741.06,1741.06
HITM0012008,HORD003813,PRD0605,2,903.46,1806.92
HITM0012009,HORD003814,PRD0522,1,1323.78,1323.78
HITM0012010,HORD003814,PRD0986,1,445.06,445.06
HITM0012011,HORD003814,PRD0486,1,297.99,297.99
HITM0012012,HORD003815,PRD0660,1,15.31,15.31
HITM0012013,HORD003815,PRD0382,1,1459.89,1459.89
HITM0012014,HORD003815,PRD0008,1,146.16,146.16
HITM0012015,HORD003816,PRD0282,1,641.72,641.72
HITM0012016,HORD003816,PRD0053,1,884.08,884.08
HITM0012017,HORD003816,PRD0719,1,836.38,836.38
HITM0012018,HORD003817,PRD0205,1,864.54,864.54
HITM0012019,HORD003817,PRD0308,1,1088.84,1088.84
HITM0012020,HORD003818,PRD0436,1,525.13,525.13
HITM0012021,HORD003818,PRD0883,1,1440.86,1440.86
HITM0012022,HORD003818,PRD0771,3,1105.04,3315.12
HITM0012023,HORD003818,PRD0934,1,4104.95,4104.95
HITM0012024,HORD003819,PRD0268,1,395.01,395.01
HITM0012025,HORD003819,PRD0650,1,233.76,233.76
HITM0012026,HORD003819,PRD0470,1,116.53,116.53
HITM0012027,HORD003819,PRD0550,1,178.21,178.21
HITM0012028,HORD003820,PRD0739,1,947.5,947.5
HITM0012029,HORD003820,PRD0049,1,917.1,917.1
HITM0012030,HORD003820,PRD0170,2,202.15,404.3
HITM0012031,HORD003821,PRD0539,1,968.63,968.63
HITM0012032,HORD003821,PRD0695,1,980.37,980.37
HITM0012033,HORD003821,PRD0980,1,286.55,286.55
HITM0012034,HORD003821,PRD0823,1,631.56,631.56
HITM0012035,HORD003822,PRD0432,2,1426.65,2853.3
HITM0012036,HORD003822,PRD0198,1,736.33,736.33
HITM0012037,HORD003822,PRD0525,1,589.06,589.06
HITM0012038,HORD003823,PRD0649,1,1306.2,1306.2
HITM0012039,HORD003823,PRD0244,1,847.84,847.84
HITM0012040,HORD003823,PRD0832,1,1257.86,1257.86
HITM0012041,HORD003824,PRD0448,2,974.99,1949.98
HITM0012042,HORD003824,PRD0026,1,841.05,841.05
HITM0012043,HORD003825,PRD0935,1,41.85,41.85
HITM0012044,HORD003825,PRD0718,1,214.61,214.61
HITM0012045,HORD003825,PRD0471,1,1997.5,1997.5
HITM0012046,HORD003825,PRD0356,1,215.96,215.96
HITM0012047,HORD003826,PRD0871,1,3102.51,3102.51
HITM0012048,HORD003826,PRD0126,1,273.65,273.65
HITM0012049,HORD003826,PRD0236,2,131.33,262.66
HITM0012050,HORD003827,PRD0748,2,147.02,294.04
HITM0012051,HORD003827,PRD0715,1,61.65,61.65
HITM0012052,HORD003827,PRD0017,2,1611.29,3222.58
HITM0012053,HORD003827,PRD0008,1,146.16,146.16
HITM0012054,HORD003827,PRD0663,1,337.29,337.29
HITM0012055,HORD003828,PRD0128,1,237.78,237.78
HITM0012056,HORD003829,PRD0487,1,136.07,136.07
HITM0012057,HORD003829,PRD0355,1,412.17,412.17
HITM0012058,HORD003829,PRD0840,2,48.65,97.3
HITM0012059,HORD003829,PRD0997,1,1971.69,1971.69
HITM0012060,HORD003830,PRD0750,2,181.18,362.36
HITM0012061,HORD003830,PRD0790,1,110.86,110.86
HITM0012062,HORD003830,PRD0060,1,147.43,147.43
HITM0012063,HORD003831,PRD0837,1,471.38,471.38
HITM0012064,HORD003831,PRD0405,3,146.11,438.33
HITM0012065,HORD003831,PRD0544,1,975.01,975.01
HITM0012066,HORD003831,PRD0074,1,587.22,587.22
HITM0012067,HORD003831,PRD0852,1,465.95,465.95
HITM0012068,HORD003832,PRD0996,1,643.77,643.77
HITM0012069,HORD003832,PRD0932,1,1610.28,1610.28
HITM0012070,HORD003832,PRD0482,1,1511.77,1511.77
HITM0012071,HORD003833,PRD0282,1,641.72,641.72
HITM0012072,HORD003833,PRD0456,2,111.78,223.56
HITM0012073,HORD003833,PRD0211,1,2355.83,2355.83
HITM0012074,HORD003833,PRD0692,1,488.18,488.18
HITM0012075,HORD003833,PRD0620,1,220.61,220.61
HITM0012076,HORD003834,PRD0565,1,294.27,294.27
HITM0012077,HORD003834,PRD0271,1,2076.99,2076.99
HITM0012078,HORD003834,PRD0895,1,1012.5,1012.5
HITM0012079,HORD003835,PRD0963,1,464.21,464.21
HITM0012080,HORD003835,PRD0653,1,608.0,608.0
HITM0012081,HORD003835,PRD0796,1,214.68,214.68
HITM0012082,HORD003835,PRD0117,3,684.24,2052.72
HITM0012083,HORD003836,PRD0910,1,19.2,19.2
HITM0012084,HORD003836,PRD0167,1,2514.98,2514.98
HITM0012085,HORD003836,PRD0048,2,176.51,353.02
HITM0012086,HORD003836,PRD0082,1,1853.06,1853.06
HITM0012087,HORD003837,PRD0196,1,483.11,483.11
HITM0012088,HORD003837,PRD0660,1,15.31,15.31
HITM0012089,HORD003837,PRD0377,1,941.97,941.97
HITM0012090,HORD003837,PRD0960,1,155.66,155.66
HITM0012091,HORD003838,PRD0229,2,963.55,1927.1
HITM0012092,HORD003838,PRD0022,1,1385.01,1385.01
HITM0012093,HORD003839,PRD0688,1,921.64,921.64
HITM0012094,HORD003839,PRD0332,1,896.69,896.69
HITM0012095,HORD003839,PRD0660,1,15.31,15.31
HITM0012096,HORD003840,PRD0341,1,2657.98,2657.98
HITM0012097,HORD003840,PRD0750,2,181.18,362.36
HITM0012098,HORD003840,PRD0094,1,627.77,627.77
HITM0012099,HORD003840,PRD0995,1,745.12,745.12
HITM0012100,HORD003841,PRD0043,1,1487.36,1487.36
HITM0012101,HORD003841,PRD0547,1,2316.63,2316.63
HITM0012102,HORD003841,PRD0882,1,404.51,404.51
HITM0012103,HORD003842,PRD0514,1,1035.93,1035.93
HITM0012104,HORD003842,PRD0877,1,921.48,921.48
HITM0012105,HORD003842,PRD0355,1,412.17,412.17
HITM0012106,HORD003843,PRD0245,2,616.59,1233.18
HITM0012107,HORD003843,PRD0200,1,160.69,160.69
HITM0012108,HORD003844,PRD0617,1,2145.95,2145.95
HITM0012109,HORD003844,PRD0667,1,1136.29,1136.29
HITM0012110,HORD003844,PRD0582,1,1854.66,1854.66
HITM0012111,HORD003844,PRD0979,2,1164.08,2328.16
HITM0012112,HORD003845,PRD0362,2,1217.27,2434.54
HITM0012113,HORD003845,PRD0250,1,79.79,79.79
HITM0012114,HORD003845,PRD0217,1,648.29,648.29
HITM0012115,HORD003845,PRD0898,1,272.18,272.18
HITM0012116,HORD003846,PRD0840,2,48.65,97.3
HITM0012117,HORD003846,PRD0479,1,527.96,527.96
HITM0012118,HORD003846,PRD0567,3,1250.81,3752.43
HITM0012119,HORD003847,PRD0044,1,2873.82,2873.82
HITM0012120,HORD003847,PRD0762,1,1038.24,1038.24
HITM0012121,HORD003847,PRD0324,2,632.08,1264.16
HITM0012122,HORD003847,PRD0660,2,15.31,30.62
HITM0012123,HORD003848,PRD0343,1,1104.21,1104.21
HITM0012124,HORD003849,PRD0535,1,1030.78,1030.78
HITM0012125,HORD003849,PRD0156,1,402.17,402.17
HITM0012126,HORD003849,PRD0469,1,710.35,710.35
HITM0012127,HORD003849,PRD0014,2,953.24,1906.48
HITM0012128,HORD003850,PRD0082,1,1853.06,1853.06
HITM0012129,HORD003850,PRD0064,1,1934.54,1934.54
HITM0012130,HORD003850,PRD0449,1,483.76,483.76
HITM0012131,HORD003850,PRD0279,1,165.58,165.58
HITM0012132,HORD003851,PRD0660,1,15.31,15.31
HITM0012133,HORD003851,PRD0172,1,642.62,642.62
HITM0012134,HORD003852,PRD0631,1,2823.87,2823.87
HITM0012135,HORD003852,PRD0068,1,331.71,331.71
HITM0012136,HORD003852,PRD0290,1,151.92,151.92
HITM0012137,HORD003852,PRD0732,1,1280.4,1280.4
HITM0012138,HORD003853,PRD0219,1,227.25,227.25
HITM0012139,HORD003853,PRD0149,1,427.78,427.78
HITM0012140,HORD003853,PRD0590,1,320.53,320.53
HITM0012141,HORD003854,PRD0096,1,327.95,327.95
HITM0012142,HORD003854,PRD0118,1,578.97,578.97
HITM0012143,HORD003854,PRD0168,1,654.31,654.31
HITM0012144,HORD003855,PRD0419,1,1458.66,1458.66
HITM0012145,HORD003855,PRD0959,1,631.82,631.82
HITM0012146,HORD003856,PRD0098,2,848.52,1697.04
HITM0012147,HORD003857,PRD0246,1,674.8,674.8
HITM0012148,HORD003857,PRD0140,3,394.57,1183.71
HITM0012149,HORD003858,PRD0234,1,1058.58,1058.58
HITM0012150,HORD003858,PRD0714,1,2934.49,2934.49
HITM0012151,HORD003858,PRD0334,1,2155.76,2155.76
HITM0012152,HORD003858,PRD0326,1,62.48,62.48
HITM0012153,HORD003858,PRD0600,1,198.56,198.56
HITM0012154,HORD003859,PRD0596,2,846.46,1692.92
HITM0012155,HORD003859,PRD0973,1,975.98,975.98
HITM0012156,HORD003859,PRD0404,1,1363.51,1363.51
HITM0012157,HORD003860,PRD0758,1,282.47,282.47
HITM0012158,HORD003860,PRD0949,1,541.69,541.69
HITM0012159,HORD003860,PRD0012,1,711.13,711.13
HITM0012160,HORD003860,PRD0608,1,607.93,607.93
HITM0012161,HORD003860,PRD0310,1,83.71,83.71
HITM0012162,HORD003861,PRD0256,1,297.13,297.13
HITM0012163,HORD003861,PRD0645,2,206.79,413.58
HITM0012164,HORD003862,PRD0687,1,729.09,729.09
HITM0012165,HORD003862,PRD0730,1,241.01,241.01
HITM0012166,HORD003863,PRD0269,2,236.51,473.02
HITM0012167,HORD003863,PRD0618,1,421.89,421.89
HITM0012168,HORD003863,PRD0794,1,464.13,464.13
HITM0012169,HORD003864,PRD0896,1,810.67,810.67
HITM0012170,HORD003864,PRD0435,1,721.05,721.05
HITM0012171,HORD003865,PRD0849,1,272.8,272.8
HITM0012172,HORD003865,PRD0453,1,1232.3,1232.3
HITM0012173,HORD003866,PRD0658,1,471.69,471.69
HITM0012174,HORD003867,PRD0313,1,1109.77,1109.77
HITM0012175,HORD003867,PRD0503,1,946.68,946.68
HITM0012176,HORD003867,PRD0936,1,214.36,214.36
HITM0012177,HORD003868,PRD0524,2,3613.52,7227.04
HITM0012178,HORD003868,PRD0048,1,176.51,176.51
HITM0012179,HORD003868,PRD0226,1,497.16,497.16
HITM0012180,HORD003868,PRD0135,1,1054.93,1054.93
HITM0012181,HORD003868,PRD0531,1,2292.33,2292.33
HITM0012182,HORD003869,PRD0632,1,1826.27,1826.27
HITM0012183,HORD003869,PRD0224,1,3534.57,3534.57
HITM0012184,HORD003869,PRD0362,1,1217.27,1217.27
HITM0012185,HORD003869,PRD0199,1,1201.16,1201.16
HITM0012186,HORD003869,PRD0615,1,965.84,965.84
HITM0012187,HORD003870,PRD0020,1,254.09,254.09
HITM0012188,HORD003870,PRD0913,1,570.08,570.08
HITM0012189,HORD003870,PRD0727,1,1874.18,1874.18
HITM0012190,HORD003871,PRD0308,1,1088.84,1088.84
HITM0012191,HORD003871,PRD0705,1,200.18,200.18
HITM0012192,HORD003872,PRD0935,1,41.85,41.85
HITM0012193,HORD003872,PRD0890,1,279.59,279.59
HITM0012194,HORD003872,PRD0831,1,2373.29,2373.29
HITM0012195,HORD003872,PRD0188,1,936.44,936.44
HITM0012196,HORD003873,PRD0542,3,1746.75,5240.25
HITM0012197,HORD003873,PRD0735,1,557.24,557.24
HITM0012198,HORD003873,PRD0513,1,532.33,532.33
HITM0012199,HORD003874,PRD0639,1,912.42,912.42
HITM0012200,HORD003874,PRD0244,1,847.84,847.84
HITM0012201,HORD003874,PRD0936,1,214.36,214.36
HITM0012202,HORD003874,PRD0529,2,915.61,1831.22
HITM0012203,HORD003875,PRD0638,1,249.29,249.29
HITM0012204,HORD003875,PRD0884,1,1847.69,1847.69
HITM0012205,HORD003875,PRD0910,1,19.2,19.2
HITM0012206,HORD003875,PRD0837,1,471.38,471.38
HITM0012207,HORD003875,PRD0196,1,483.11,483.11
HITM0012208,HORD003876,PRD0013,1,377.71,377.71
HITM0012209,HORD003876,PRD0472,1,658.25,658.25
HITM0012210,HORD003876,PRD0458,1,960.04,960.04
HITM0012211,HORD003877,PRD0980,1,286.55,286.55
HITM0012212,HORD003877,PRD0302,1,1005.45,1005.45
HITM0012213,HORD003878,PRD0313,1,1109.77,1109.77
HITM0012214,HORD003878,PRD0070,1,376.35,376.35
HITM0012215,HORD003879,PRD0061,1,1070.18,1070.18
HITM0012216,HORD003879,PRD0458,1,960.04,960.04
HITM0012217,HORD003879,PRD0518,1,365.35,365.35
HITM0012218,HORD003879,PRD0835,3,982.79,2948.37
HITM0012219,HORD003880,PRD0537,1,669.66,669.66
HITM0012220,HORD003880,PRD0806,1,351.54,351.54
HITM0012221,HORD003880,PRD0706,1,173.61,173.61
HITM0012222,HORD003880,PRD0968,1,409.17,409.17
HITM0012223,HORD003881,PRD0250,3,79.79,239.37
HITM0012224,HORD003881,PRD0345,1,437.36,437.36
HITM0012225,HORD003881,PRD0823,1,631.56,631.56
HITM0012226,HORD003882,PRD0289,1,553.34,553.34
HITM0012227,HORD003882,PRD0056,1,485.36,485.36
HITM0012228,HORD003882,PRD0875,1,1168.64,1168.64
HITM0012229,HORD003882,PRD0424,1,2256.09,2256.09
HITM0012230,HORD003883,PRD0071,2,1342.48,2684.96
HITM0012231,HORD003883,PRD0860,1,359.33,359.33
HITM0012232,HORD003883,PRD0847,1,370.04,370.04
HITM0012233,HORD003883,PRD0055,1,534.13,534.13
HITM0012234,HORD003884,PRD0289,1,553.34,553.34
HITM0012235,HORD003884,PRD0390,2,391.31,782.62
HITM0012236,HORD003884,PRD0936,1,214.36,214.36
HITM0012237,HORD003885,PRD0129,1,1446.26,1446.26
HITM0012238,HORD003885,PRD0451,1,2851.18,2851.18
HITM0012239,HORD003885,PRD0904,1,1097.17,1097.17
HITM0012240,HORD003885,PRD0550,2,178.21,356.42
HITM0012241,HORD003886,PRD0441,1,2838.69,2838.69
HITM0012242,HORD003886,PRD0386,1,703.44,703.44
HITM0012243,HORD003886,PRD0559,1,1357.1,1357.1
HITM0012244,HORD003887,PRD0261,1,1185.43,1185.43
HITM0012245,HORD003887,PRD0217,1,648.29,648.29
HITM0012246,HORD003887,PRD0220,2,144.35,288.7
HITM0012247,HORD003887,PRD0834,1,2605.19,2605.19
HITM0012248,HORD003888,PRD0126,1,273.65,273.65
HITM0012249,HORD003888,PRD0118,1,578.97,578.97
HITM0012250,HORD003888,PRD0612,1,1688.14,1688.14
HITM0012251,HORD003889,PRD0187,1,1875.79,1875.79
HITM0012252,HORD003889,PRD0771,3,1105.04,3315.12
HITM0012253,HORD003890,PRD0751,1,2931.11,2931.11
HITM0012254,HORD003890,PRD0613,1,644.35,644.35
HITM0012255,HORD003890,PRD0903,1,805.15,805.15
HITM0012256,HORD003891,PRD0715,1,61.65,61.65
HITM0012257,HORD003891,PRD0106,1,40.68,40.68
HITM0012258,HORD003891,PRD0383,1,1128.0,1128.0
HITM0012259,HORD003891,PRD0074,1,587.22,587.22
HITM0012260,HORD003892,PRD0135,2,1054.93,2109.86
HITM0012261,HORD003893,PRD0675,1,98.97,98.97
HITM0012262,HORD003893,PRD0770,1,144.73,144.73
HITM0012263,HORD003894,PRD0523,1,462.11,462.11
HITM0012264,HORD003894,PRD0537,1,669.66,669.66
HITM0012265,HORD003894,PRD0372,2,943.73,1887.46
HITM0012266,HORD003895,PRD0980,2,286.55,573.1
HITM0012267,HORD003895,PRD0147,2,1002.37,2004.74
HITM0012268,HORD003895,PRD0043,1,1487.36,1487.36
HITM0012269,HORD003895,PRD0245,2,616.59,1233.18
HITM0012270,HORD003896,PRD0901,1,1092.12,1092.12
HITM0012271,HORD003896,PRD0369,1,123.0,123.0
HITM0012272,HORD003897,PRD0444,1,617.76,617.76
HITM0012273,HORD003897,PRD0096,1,327.95,327.95
HITM0012274,HORD003897,PRD0301,1,1027.91,1027.91
HITM0012275,HORD003897,PRD0456,1,111.78,111.78
HITM0012276,HORD003897,PRD0690,1,30.42,30.42
HITM0012277,HORD003898,PRD0898,1,272.18,272.18
HITM0012278,HORD003898,PRD0629,1,925.23,925.23
HITM0012279,HORD003898,PRD0239,1,761.02,761.02
HITM0012280,HORD003898,PRD0672,3,1330.59,3991.77
HITM0012281,HORD003898,PRD0585,1,81.84,81.84
HITM0012282,HORD003899,PRD0150,2,338.38,676.76
HITM0012283,HORD003899,PRD0573,1,281.0,281.0
HITM0012284,HORD003899,PRD0245,1,616.59,616.59
HITM0012285,HORD003900,PRD0466,1,520.19,520.19
HITM0012286,HORD003900,PRD0610,1,159.67,159.67
HITM0012287,HORD003900,PRD0254,1,952.39,952.39
HITM0012288,HORD003901,PRD0942,1,500.96,500.96
HITM0012289,HORD003901,PRD0280,2,149.57,299.14
HITM0012290,HORD003902,PRD0930,1,360.98,360.98
HITM0012291,HORD003902,PRD0545,1,219.94,219.94
HITM0012292,HORD003902,PRD0412,1,383.4,383.4
HITM0012293,HORD003903,PRD0569,1,238.57,238.57
HITM0012294,HORD003904,PRD0178,2,184.26,368.52
HITM0012295,HORD003904,PRD0274,1,2425.87,2425.87
HITM0012296,HORD003904,PRD0752,2,1395.28,2790.56
HITM0012297,HORD003904,PRD0980,1,286.55,286.55
HITM0012298,HORD003905,PRD0703,2,289.3,578.6
HITM0012299,HORD003905,PRD0936,1,214.36,214.36
HITM0012300,HORD003905,PRD0121,2,2314.16,4628.32
HITM0012301,HORD003906,PRD0308,1,1088.84,1088.84
HITM0012302,HORD003906,PRD0529,2,915.61,1831.22
HITM0012303,HORD003906,PRD0530,1,210.45,210.45
HITM0012304,HORD003907,PRD0099,1,245.95,245.95
HITM0012305,HORD003907,PRD0085,1,477.42,477.42
HITM0012306,HORD003907,PRD0516,1,293.41,293.41
HITM0012307,HORD003907,PRD0991,1,1900.16,1900.16
HITM0012308,HORD003908,PRD0507,1,2282.08,2282.08
HITM0012309,HORD003908,PRD0439,1,1460.48,1460.48
HITM0012310,HORD003908,PRD0045,1,124.62,124.62
HITM0012311,HORD003909,PRD0494,1,1961.68,1961.68
HITM0012312,HORD003909,PRD0649,1,1306.2,1306.2
HITM0012313,HORD003909,PRD0052,1,1050.73,1050.73
HITM0012314,HORD003909,PRD0002,2,1391.38,2782.76
HITM0012315,HORD003909,PRD0556,1,177.48,177.48
HITM0012316,HORD003910,PRD0150,1,338.38,338.38
HITM0012317,HORD003910,PRD0162,1,1783.95,1783.95
HITM0012318,HORD003910,PRD0767,1,2003.56,2003.56
HITM0012319,HORD003910,PRD0806,1,351.54,351.54
HITM0012320,HORD003911,PRD0825,1,606.92,606.92
HITM0012321,HORD003911,PRD0036,1,120.39,120.39
HITM0012322,HORD003911,PRD0687,1,729.09,729.09
HITM0012323,HORD003911,PRD0892,1,602.8,602.8
HITM0012324,HORD003912,PRD0378,1,472.12,472.12
HITM0012325,HORD003912,PRD0979,1,1164.08,1164.08
HITM0012326,HORD003913,PRD0820,1,135.5,135.5
HITM0012327,HORD003913,PRD0485,3,178.75,536.25
HITM0012328,HORD003913,PRD0533,1,367.95,367.95
HITM0012329,HORD003914,PRD0762,1,1038.24,1038.24
HITM0012330,HORD003914,PRD0135,1,1054.93,1054.93
HITM0012331,HORD003914,PRD0840,1,48.65,48.65
HITM0012332,HORD003914,PRD0695,1,980.37,980.37
HITM0012333,HORD003915,PRD0909,1,167.36,167.36
HITM0012334,HORD003915,PRD0164,3,1650.2,4950.6
HITM0012335,HORD003915,PRD0589,1,241.6,241.6
HITM0012336,HORD003915,PRD0121,2,2314.16,4628.32
HITM0012337,HORD003916,PRD0123,2,906.0,1812.0
HITM0012338,HORD003916,PRD0567,2,1250.81,2501.62
HITM0012339,HORD003917,PRD0448,1,974.99,974.99
HITM0012340,HORD003917,PRD0390,2,391.31,782.62
HITM0012341,HORD003917,PRD0394,2,1051.66,2103.32
HITM0012342,HORD003918,PRD0030,1,360.75,360.75
HITM0012343,HORD003919,PRD0190,1,274.29,274.29
HITM0012344,HORD003919,PRD0008,2,146.16,292.32
HITM0012345,HORD003920,PRD0317,1,2234.93,2234.93
HITM0012346,HORD003921,PRD0503,2,946.68,1893.36
HITM0012347,HORD003921,PRD0074,1,587.22,587.22
HITM0012348,HORD003921,PRD0720,2,313.84,627.68
HITM0012349,HORD003922,PRD0684,1,2250.74,2250.74
HITM0012350,HORD003923,PRD0278,1,623.42,623.42
HITM0012351,HORD003923,PRD0027,1,615.88,615.88
HITM0012352,HORD003923,PRD0488,1,658.75,658.75
HITM0012353,HORD003924,PRD0382,2,1459.89,2919.78
HITM0012354,HORD003924,PRD0765,1,1162.91,1162.91
HITM0012355,HORD003924,PRD0219,2,227.25,454.5
HITM0012356,HORD003925,PRD0961,1,1295.76,1295.76
HITM0012357,HORD003925,PRD0808,1,566.96,566.96
HITM0012358,HORD003925,PRD0135,2,1054.93,2109.86
HITM0012359,HORD003926,PRD0050,1,56.24,56.24
HITM0012360,HORD003926,PRD0041,2,3199.1,6398.2
HITM0012361,HORD003926,PRD0955,1,56.91,56.91
HITM0012362,HORD003927,PRD0553,1,1464.9,1464.9
HITM0012363,HORD003927,PRD0662,1,808.63,808.63
HITM0012364,HORD003927,PRD0021,1,1229.32,1229.32
HITM0012365,HORD003927,PRD0780,1,94.47,94.47
HITM0012366,HORD003928,PRD0300,1,305.18,305.18
HITM0012367,HORD003928,PRD0014,1,953.24,953.24
HITM0012368,HORD003929,PRD0006,1,319.31,319.31
HITM0012369,HORD003929,PRD0991,1,1900.16,1900.16
HITM0012370,HORD003929,PRD0956,1,86.17,86.17
HITM0012371,HORD003930,PRD0357,2,2299.18,4598.36
HITM0012372,HORD003931,PRD0100,2,206.02,412.04
HITM0012373,HORD003931,PRD0955,1,56.91,56.91
HITM0012374,HORD003931,PRD0156,1,402.17,402.17
HITM0012375,HORD003931,PRD0438,1,185.01,185.01
HITM0012376,HORD003932,PRD0177,1,1856.25,1856.25
HITM0012377,HORD003932,PRD0580,1,180.48,180.48
HITM0012378,HORD003932,PRD0722,1,373.93,373.93
HITM0012379,HORD003933,PRD0529,1,915.61,915.61
HITM0012380,HORD003933,PRD0970,1,403.08,403.08
HITM0012381,HORD003933,PRD0480,2,379.33,758.66
HITM0012382,HORD003933,PRD0258,2,649.82,1299.64
HITM0012383,HORD003934,PRD0858,1,188.42,188.42
HITM0012384,HORD003934,PRD0656,1,473.06,473.06
HITM0012385,HORD003934,PRD0226,1,497.16,497.16
HITM0012386,HORD003934,PRD0476,1,181.3,181.3
HITM0012387,HORD003935,PRD0535,1,1030.78,1030.78
HITM0012388,HORD003935,PRD0929,1,897.78,897.78
HITM0012389,HORD003935,PRD0969,1,748.26,748.26
HITM0012390,HORD003935,PRD0971,2,2276.46,4552.92
HITM0012391,HORD003935,PRD0004,1,468.81,468.81
HITM0012392,HORD003936,PRD0301,3,1027.91,3083.73
HITM0012393,HORD003936,PRD0126,1,273.65,273.65
HITM0012394,HORD003936,PRD0387,1,2307.58,2307.58
HITM0012395,HORD003936,PRD0803,1,585.93,585.93
HITM0012396,HORD003936,PRD0518,2,365.35,730.7
HITM0012397,HORD003937,PRD0757,1,1258.09,1258.09
HITM0012398,HORD003937,PRD0352,1,1200.9,1200.9
HITM0012399,HORD003937,PRD0377,1,941.97,941.97
HITM0012400,HORD003938,PRD0113,2,418.73,837.46
HITM0012401,HORD003938,PRD0674,3,3423.74,10271.22
HITM0012402,HORD003939,PRD0490,1,337.69,337.69
HITM0012403,HORD003939,PRD0330,1,222.78,222.78
HITM0012404,HORD003940,PRD0402,1,335.07,335.07
HITM0012405,HORD003940,PRD0274,1,2425.87,2425.87
HITM0012406,HORD003940,PRD0465,3,276.29,828.87
HITM0012407,HORD003940,PRD0394,1,1051.66,1051.66
HITM0012408,HORD003940,PRD0712,1,1402.88,1402.88
HITM0012409,HORD003941,PRD0525,3,589.06,1767.18
HITM0012410,HORD003941,PRD0543,1,303.53,303.53
HITM0012411,HORD003941,PRD0929,1,897.78,897.78
HITM0012412,HORD003942,PRD0680,1,369.12,369.12
HITM0012413,HORD003942,PRD0575,1,177.67,177.67
HITM0012414,HORD003943,PRD0742,2,1738.97,3477.94
HITM0012415,HORD003944,PRD0557,1,743.48,743.48
HITM0012416,HORD003944,PRD0426,1,571.98,571.98
HITM0012417,HORD003944,PRD0785,1,91.04,91.04
HITM0012418,HORD003945,PRD0935,2,41.85,83.7
HITM0012419,HORD003945,PRD0088,1,767.45,767.45
HITM0012420,HORD003945,PRD0698,1,445.24,445.24
HITM0012421,HORD003945,PRD0793,1,476.45,476.45
HITM0012422,HORD003946,PRD0245,2,616.59,1233.18
HITM0012423,HORD003946,PRD0568,1,237.73,237.73
HITM0012424,HORD003947,PRD0276,1,443.22,443.22
HITM0012425,HORD003947,PRD0738,2,778.08,1556.16
HITM0012426,HORD003947,PRD0827,1,1290.81,1290.81
HITM0012427,HORD003947,PRD0838,1,904.43,904.43
HITM0012428,HORD003947,PRD0580,1,180.48,180.48
HITM0012429,HORD003948,PRD0660,1,15.31,15.31
HITM0012430,HORD003948,PRD0165,1,471.13,471.13
HITM0012431,HORD003948,PRD0532,1,1430.86,1430.86
HITM0012432,HORD003949,PRD0749,1,529.95,529.95
HITM0012433,HORD003949,PRD0129,1,1446.26,1446.26
HITM0012434,HORD003949,PRD0069,1,1370.67,1370.67
HITM0012435,HORD003949,PRD0687,1,729.09,729.09
HITM0012436,HORD003950,PRD0149,2,427.78,855.56
HITM0012437,HORD003950,PRD0905,1,951.23,951.23
HITM0012438,HORD003950,PRD0265,1,94.03,94.03
HITM0012439,HORD003951,PRD0115,2,678.71,1357.42
HITM0012440,HORD003951,PRD0569,1,238.57,238.57
HITM0012441,HORD003951,PRD0987,1,1413.83,1413.83
HITM0012442,HORD003952,PRD0201,1,2237.43,2237.43
HITM0012443,HORD003952,PRD0500,2,250.29,500.58
HITM0012444,HORD003952,PRD0410,1,212.08,212.08
HITM0012445,HORD003953,PRD0892,1,602.8,602.8
HITM0012446,HORD003953,PRD0692,1,488.18,488.18
HITM0012447,HORD003954,PRD0485,2,178.75,357.5
HITM0012448,HORD003954,PRD0874,2,4174.45,8348.9
HITM0012449,HORD003954,PRD0969,1,748.26,748.26
HITM0012450,HORD003955,PRD0661,1,1048.18,1048.18
HITM0012451,HORD003955,PRD0854,1,2184.3,2184.3
HITM0012452,HORD003956,PRD0299,2,1325.19,2650.38
HITM0012453,HORD003957,PRD0140,1,394.57,394.57
HITM0012454,HORD003957,PRD0453,1,1232.3,1232.3
HITM0012455,HORD003958,PRD0687,1,729.09,729.09
HITM0012456,HORD003958,PRD0170,1,202.15,202.15
HITM0012457,HORD003958,PRD0661,2,1048.18,2096.36
HITM0012458,HORD003959,PRD0950,1,71.67,71.67
HITM0012459,HORD003959,PRD0256,1,297.13,297.13
HITM0012460,HORD003959,PRD0085,1,477.42,477.42
HITM0012461,HORD003959,PRD0496,1,223.21,223.21
HITM0012462,HORD003959,PRD0380,2,370.74,741.48
HITM0012463,HORD003960,PRD0335,1,439.66,439.66
HITM0012464,HORD003960,PRD0281,1,1296.1,1296.1
HITM0012465,HORD003960,PRD0865,1,308.23,308.23
HITM0012466,HORD003961,PRD0623,1,1221.11,1221.11
HITM0012467,HORD003961,PRD0160,1,140.78,140.78
HITM0012468,HORD003961,PRD0410,1,212.08,212.08
HITM0012469,HORD003962,PRD0924,1,1071.28,1071.28
HITM0012470,HORD003962,PRD0880,1,148.01,148.01
HITM0012471,HORD003962,PRD0990,1,268.68,268.68
HITM0012472,HORD003962,PRD0690,1,30.42,30.42
HITM0012473,HORD003963,PRD0726,1,479.51,479.51
HITM0012474,HORD003963,PRD0333,1,1274.3,1274.3
HITM0012475,HORD003963,PRD0592,1,471.73,471.73
HITM0012476,HORD003963,PRD0827,1,1290.81,1290.81
HITM0012477,HORD003963,PRD0298,2,724.89,1449.78
HITM0012478,HORD003964,PRD0223,1,1235.21,1235.21
HITM0012479,HORD003964,PRD0937,1,2275.76,2275.76
HITM0012480,HORD003964,PRD0512,1,1057.04,1057.04
HITM0012481,HORD003964,PRD0545,2,219.94,439.88
HITM0012482,HORD003965,PRD0316,1,640.98,640.98
HITM0012483,HORD003966,PRD0627,1,869.77,869.77
HITM0012484,HORD003966,PRD0776,1,143.41,143.41
HITM0012485,HORD003966,PRD0316,1,640.98,640.98
HITM0012486,HORD003966,PRD0955,2,56.91,113.82
HITM0012487,HORD003966,PRD0750,3,181.18,543.54
HITM0012488,HORD003967,PRD0829,1,964.04,964.04
HITM0012489,HORD003967,PRD0357,2,2299.18,4598.36
HITM0012490,HORD003967,PRD0500,1,250.29,250.29
HITM0012491,HORD003967,PRD0403,1,615.54,615.54
HITM0012492,HORD003968,PRD0842,1,1418.63,1418.63
HITM0012493,HORD003968,PRD0308,1,1088.84,1088.84
HITM0012494,HORD003969,PRD0793,1,476.45,476.45
HITM0012495,HORD003969,PRD0904,1,1097.17,1097.17
HITM0012496,HORD003969,PRD0669,1,603.87,603.87
HITM0012497,HORD003970,PRD0330,1,222.78,222.78
HITM0012498,HORD003970,PRD0763,1,485.63,485.63
HITM0012499,HORD003971,PRD0214,2,2467.77,4935.54
HITM0012500,HORD003971,PRD0106,1,40.68,40.68
HITM0012501,HORD003971,PRD0962,2,1496.58,2993.16
HITM0012502,HORD003972,PRD0618,1,421.89,421.89
HITM0012503,HORD003972,PRD0360,2,362.06,724.12
HITM0012504,HORD003973,PRD0113,3,418.73,1256.19
HITM0012505,HORD003973,PRD0339,1,1457.58,1457.58
HITM0012506,HORD003973,PRD0979,1,1164.08,1164.08
HITM0012507,HORD003973,PRD0249,1,1193.82,1193.82
HITM0012508,HORD003974,PRD0294,1,2659.23,2659.23
HITM0012509,HORD003974,PRD0760,1,145.6,145.6
HITM0012510,HORD003974,PRD0533,1,367.95,367.95
HITM0012511,HORD003975,PRD0787,2,527.32,1054.64
HITM0012512,HORD003975,PRD0491,1,1885.4,1885.4
HITM0012513,HORD003976,PRD0558,1,1044.96,1044.96
HITM0012514,HORD003976,PRD0481,3,2924.28,8772.84
HITM0012515,HORD003977,PRD0655,1,261.66,261.66
HITM0012516,HORD003977,PRD0803,1,585.93,585.93
HITM0012517,HORD003977,PRD0792,2,1199.37,2398.74
HITM0012518,HORD003978,PRD0036,1,120.39,120.39
HITM0012519,HORD003978,PRD0750,1,181.18,181.18
HITM0012520,HORD003978,PRD0071,3,1342.48,4027.44
HITM0012521,HORD003979,PRD0494,2,1961.68,3923.36
HITM0012522,HORD003979,PRD0021,1,1229.32,1229.32
HITM0012523,HORD003979,PRD0451,1,2851.18,2851.18
HITM0012524,HORD003979,PRD0548,1,957.21,957.21
HITM0012525,HORD003980,PRD0613,1,644.35,644.35
HITM0012526,HORD003980,PRD0808,3,566.96,1700.88
HITM0012527,HORD003980,PRD0193,1,596.94,596.94
HITM0012528,HORD003981,PRD0692,1,488.18,488.18
HITM0012529,HORD003981,PRD0695,1,980.37,980.37
HITM0012530,HORD003981,PRD0728,3,649.9,1949.7
HITM0012531,HORD003981,PRD0890,2,279.59,559.18
HITM0012532,HORD003982,PRD0110,1,110.2,110.2
HITM0012533,HORD003982,PRD0757,1,1258.09,1258.09
HITM0012534,HORD003982,PRD0698,1,445.24,445.24
HITM0012535,HORD003982,PRD0159,1,1223.4,1223.4
HITM0012536,HORD003983,PRD0550,2,178.21,356.42
HITM0012537,HORD003983,PRD0290,1,151.92,151.92
HITM0012538,HORD003983,PRD0802,1,593.98,593.98
HITM0012539,HORD003984,PRD0885,1,689.68,689.68
HITM0012540,HORD003984,PRD0726,1,479.51,479.51
HITM0012541,HORD003984,PRD0252,1,457.51,457.51
HITM0012542,HORD003985,PRD0576,1,30.87,30.87
HITM0012543,HORD003985,PRD0104,2,1407.8,2815.6
HITM0012544,HORD003986,PRD0917,1,1549.86,1549.86
HITM0012545,HORD003986,PRD0048,3,176.51,529.53
HITM0012546,HORD003986,PRD0890,1,279.59,279.59
HITM0012547,HORD003986,PRD0960,1,155.66,155.66
HITM0012548,HORD003987,PRD0513,1,532.33,532.33
HITM0012549,HORD003987,PRD0409,1,178.56,178.56
HITM0012550,HORD003987,PRD0050,1,56.24,56.24
HITM0012551,HORD003988,PRD0923,1,819.32,819.32
HITM0012552,HORD003988,PRD0997,1,1971.69,1971.69
HITM0012553,HORD003989,PRD0780,1,94.47,94.47
HITM0012554,HORD003989,PRD0462,1,595.57,595.57
HITM0012555,HORD003990,PRD0445,1,1026.22,1026.22
HITM0012556,HORD003990,PRD0820,1,135.5,135.5
HITM0012557,HORD003990,PRD0339,3,1457.58,4372.74
HITM0012558,HORD003990,PRD0689,3,1230.12,3690.36
HITM0012559,HORD003991,PRD0826,2,402.15,804.3
HITM0012560,HORD003991,PRD0120,1,46.82,46.82
HITM0012561,HORD003991,PRD0290,1,151.92,151.92
HITM0012562,HORD003992,PRD0109,1,326.84,326.84
HITM0012563,HORD003993,PRD0170,1,202.15,202.15
HITM0012564,HORD003993,PRD0697,1,2301.55,2301.55
HITM0012565,HORD003993,PRD0120,3,46.82,140.46
HITM0012566,HORD003993,PRD0418,3,301.4,904.2
HITM0012567,HORD003993,PRD0312,2,1449.43,2898.86
HITM0012568,HORD003994,PRD0248,1,451.1,451.1
HITM0012569,HORD003994,PRD0421,1,2441.59,2441.59
HITM0012570,HORD003995,PRD0522,1,1323.78,1323.78
HITM0012571,HORD003995,PRD0607,2,1809.95,3619.9
HITM0012572,HORD003995,PRD0302,1,1005.45,1005.45
HITM0012573,HORD003995,PRD0492,1,961.25,961.25
HITM0012574,HORD003995,PRD0418,1,301.4,301.4
HITM0012575,HORD003996,PRD0252,1,457.51,457.51
HITM0012576,HORD003996,PRD0780,1,94.47,94.47
HITM0012577,HORD003997,PRD0725,1,107.02,107.02
HITM0012578,HORD003997,PRD0984,1,1014.29,1014.29
HITM0012579,HORD003997,PRD0830,1,57.62,57.62
HITM0012580,HORD003997,PRD0870,2,370.25,740.5
HITM0012581,HORD003998,PRD0142,1,1647.71,1647.71
HITM0012582,HORD003998,PRD0070,1,376.35,376.35
HITM0012583,HORD003998,PRD0298,2,724.89,1449.78
HITM0012584,HORD003998,PRD0012,1,711.13,711.13
HITM0012585,HORD003998,PRD0150,1,338.38,338.38
HITM0012586,HORD003999,PRD0800,1,274.87,274.87
HITM0012587,HORD003999,PRD0505,1,967.54,967.54
HITM0012588,HORD004000,PRD0914,1,1089.48,1089.48
HITM0012589,HORD004000,PRD0198,1,736.33,736.33
HITM0012590,HORD004000,PRD0116,1,333.11,333.11
HITM0012591,HORD004001,PRD0876,2,61.28,122.56
HITM0012592,HORD004002,PRD0776,3,143.41,430.23
HITM0012593,HORD004002,PRD0935,1,41.85,41.85
HITM0012594,HORD004003,PRD0829,3,964.04,2892.12
HITM0012595,HORD004003,PRD0889,2,893.76,1787.52
HITM0012596,HORD004004,PRD0989,1,1013.01,1013.01
HITM0012597,HORD004004,PRD0731,1,1026.14,1026.14
HITM0012598,HORD004004,PRD0701,1,3133.77,3133.77
HITM0012599,HORD004004,PRD0720,1,313.84,313.84
HITM0012600,HORD004004,PRD0530,1,210.45,210.45
HITM0012601,HORD004005,PRD0323,1,1588.55,1588.55
HITM0012602,HORD004005,PRD0642,2,1399.48,2798.96
HITM0012603,HORD004005,PRD0150,1,338.38,338.38
HITM0012604,HORD004005,PRD0736,1,828.82,828.82
HITM0012605,HORD004006,PRD0532,1,1430.86,1430.86
HITM0012606,HORD004006,PRD0477,1,1488.86,1488.86
HITM0012607,HORD004006,PRD0575,1,177.67,177.67
HITM0012608,HORD004007,PRD0434,1,388.26,388.26
HITM0012609,HORD004007,PRD0505,1,967.54,967.54
HITM0012610,HORD004007,PRD0172,1,642.62,642.62
HITM0012611,HORD004007,PRD0146,1,508.56,508.56
HITM0012612,HORD004008,PRD0747,2,619.18,1238.36
HITM0012613,HORD004008,PRD0440,1,57.41,57.41
HITM0012614,HORD004008,PRD0408,1,1038.75,1038.75
HITM0012615,HORD004009,PRD0548,1,957.21,957.21
HITM0012616,HORD004009,PRD0520,1,298.12,298.12
HITM0012617,HORD004010,PRD0505,1,967.54,967.54
HITM0012618,HORD004010,PRD0167,2,2514.98,5029.96
HITM0012619,HORD004010,PRD0065,1,515.94,515.94
HITM0012620,HORD004010,PRD0502,1,1737.87,1737.87
HITM0012621,HORD004010,PRD0685,1,963.7,963.7
HITM0012622,HORD004011,PRD0776,1,143.41,143.41
HITM0012623,HORD004011,PRD0196,1,483.11,483.11
HITM0012624,HORD004011,PRD0017,1,1611.29,1611.29
HITM0012625,HORD004011,PRD0808,1,566.96,566.96
HITM0012626,HORD004011,PRD0679,1,1370.51,1370.51
HITM0012627,HORD004012,PRD0918,2,270.82,541.64
HITM0012628,HORD004012,PRD0937,1,2275.76,2275.76
HITM0012629,HORD004013,PRD0610,1,159.67,159.67
HITM0012630,HORD004013,PRD0649,2,1306.2,2612.4
HITM0012631,HORD004014,PRD0979,1,1164.08,1164.08
HITM0012632,HORD004014,PRD0821,2,1235.41,2470.82
HITM0012633,HORD004014,PRD0918,1,270.82,270.82
HITM0012634,HORD004015,PRD0270,1,381.87,381.87
HITM0012635,HORD004015,PRD0755,1,417.76,417.76
HITM0012636,HORD004016,PRD0933,1,1394.64,1394.64
HITM0012637,HORD004016,PRD0074,1,587.22,587.22
HITM0012638,HORD004017,PRD0426,1,571.98,571.98
HITM0012639,HORD004017,PRD0595,1,758.18,758.18
HITM0012640,HORD004018,PRD0400,1,158.67,158.67
HITM0012641,HORD004018,PRD0680,1,369.12,369.12
HITM0012642,HORD004019,PRD0415,1,78.5,78.5
HITM0012643,HORD004019,PRD0794,1,464.13,464.13
HITM0012644,HORD004019,PRD0434,1,388.26,388.26
HITM0012645,HORD004019,PRD0304,2,966.94,1933.88
HITM0012646,HORD004020,PRD0609,1,510.8,510.8
HITM0012647,HORD004020,PRD0316,1,640.98,640.98
HITM0012648,HORD004020,PRD0159,2,1223.4,2446.8
HITM0012649,HORD004020,PRD0876,2,61.28,122.56
HITM0012650,HORD004020,PRD0048,1,176.51,176.51
HITM0012651,HORD004021,PRD0788,1,319.54,319.54
HITM0012652,HORD004021,PRD0299,2,1325.19,2650.38
HITM0012653,HORD004021,PRD0847,2,370.04,740.08
HITM0012654,HORD004022,PRD0504,1,3043.58,3043.58
HITM0012655,HORD004022,PRD0912,1,752.42,752.42
HITM0012656,HORD004022,PRD0605,2,903.46,1806.92
HITM0012657,HORD004022,PRD0990,1,268.68,268.68
HITM0012658,HORD004022,PRD0735,1,557.24,557.24
HITM0012659,HORD004023,PRD0610,1,159.67,159.67
HITM0012660,HORD004023,PRD0776,1,143.41,143.41
HITM0012661,HORD004024,PRD0725,2,107.02,214.04
HITM0012662,HORD004024,PRD0603,1,851.99,851.99
HITM0012663,HORD004025,PRD0764,1,3198.68,3198.68
HITM0012664,HORD004025,PRD0009,1,1213.1,1213.1
HITM0012665,HORD004025,PRD0319,1,882.45,882.45
HITM0012666,HORD004025,PRD0269,1,236.51,236.51
HITM0012667,HORD004025,PRD0674,2,3423.74,6847.48
HITM0012668,HORD004026,PRD0628,1,62.19,62.19
HITM0012669,HORD004026,PRD0081,1,1506.97,1506.97
HITM0012670,HORD004026,PRD0205,2,864.54,1729.08
HITM0012671,HORD004027,PRD0089,1,1041.14,1041.14
HITM0012672,HORD004027,PRD0368,1,372.64,372.64
HITM0012673,HORD004027,PRD0829,1,964.04,964.04
HITM0012674,HORD004027,PRD0758,1,282.47,282.47
HITM0012675,HORD004028,PRD0304,3,966.94,2900.82
HITM0012676,HORD004028,PRD0066,1,66.71,66.71
HITM0012677,HORD004028,PRD0374,2,1846.98,3693.96
HITM0012678,HORD004028,PRD0981,2,2016.47,4032.94
HITM0012679,HORD004029,PRD0143,1,926.46,926.46
HITM0012680,HORD004029,PRD0470,1,116.53,116.53
HITM0012681,HORD004029,PRD0860,1,359.33,359.33
HITM0012682,HORD004029,PRD0741,1,1525.47,1525.47
HITM0012683,HORD004030,PRD0455,1,679.95,679.95
HITM0012684,HORD004030,PRD0768,1,1063.13,1063.13
HITM0012685,HORD004031,PRD0490,1,337.69,337.69
HITM0012686,HORD004032,PRD0576,1,30.87,30.87
HITM0012687,HORD004032,PRD0799,1,246.05,246.05
HITM0012688,HORD004032,PRD0133,2,772.02,1544.04
HITM0012689,HORD004033,PRD0675,2,98.97,197.94
HITM0012690,HORD004033,PRD0106,1,40.68,40.68
HITM0012691,HORD004033,PRD0536,2,274.78,549.56
HITM0012692,HORD004033,PRD0307,1,2081.93,2081.93
HITM0012693,HORD004034,PRD0887,1,159.97,159.97
HITM0012694,HORD004034,PRD0745,1,882.2,882.2
HITM0012695,HORD004035,PRD0669,1,603.87,603.87
HITM0012696,HORD004035,PRD0843,1,676.52,676.52
HITM0012697,HORD004036,PRD0377,1,941.97,941.97
HITM0012698,HORD004036,PRD0908,1,826.2,826.2
HITM0012699,HORD004036,PRD0494,1,1961.68,1961.68
HITM0012700,HORD004037,PRD0270,1,381.87,381.87
HITM0012701,HORD004037,PRD0159,1,1223.4,1223.4
HITM0012702,HORD004037,PRD0421,1,2441.59,2441.59
HITM0012703,HORD004037,PRD0158,1,561.62,561.62
HITM0012704,HORD004038,PRD0909,1,167.36,167.36
HITM0012705,HORD004038,PRD0636,1,801.41,801.41
HITM0012706,HORD004038,PRD0010,1,386.41,386.41
HITM0012707,HORD004038,PRD0036,1,120.39,120.39
HITM0012708,HORD004039,PRD0746,2,683.7,1367.4
HITM0012709,HORD004039,PRD0951,2,1391.02,2782.04
HITM0012710,HORD004040,PRD0940,1,200.38,200.38
HITM0012711,HORD004040,PRD0669,2,603.87,1207.74
HITM0012712,HORD004041,PRD0113,2,418.73,837.46
HITM0012713,HORD004041,PRD0134,1,1214.25,1214.25
HITM0012714,HORD004041,PRD0827,1,1290.81,1290.81
HITM0012715,HORD004042,PRD0665,3,758.8,2276.4
HITM0012716,HORD004042,PRD0190,1,274.29,274.29
HITM0012717,HORD004042,PRD0627,1,869.77,869.77
HITM0012718,HORD004042,PRD0438,2,185.01,370.02
HITM0012719,HORD004042,PRD0781,1,2891.34,2891.34
HITM0012720,HORD004043,PRD0635,1,140.41,140.41
HITM0012721,HORD004044,PRD0146,1,508.56,508.56
HITM0012722,HORD004044,PRD0066,1,66.71,66.71
HITM0012723,HORD004044,PRD0687,1,729.09,729.09
HITM0012724,HORD004045,PRD0415,1,78.5,78.5
HITM0012725,HORD004045,PRD0074,1,587.22,587.22
HITM0012726,HORD004045,PRD0057,1,768.67,768.67
HITM0012727,HORD004045,PRD0619,1,394.74,394.74
HITM0012728,HORD004046,PRD0756,1,238.54,238.54
HITM0012729,HORD004046,PRD0310,1,83.71,83.71
HITM0012730,HORD004046,PRD0271,1,2076.99,2076.99
HITM0012731,HORD004046,PRD0967,2,530.38,1060.76
HITM0012732,HORD004046,PRD0224,1,3534.57,3534.57
HITM0012733,HORD004047,PRD0651,1,2713.88,2713.88
HITM0012734,HORD004047,PRD0412,1,383.4,383.4
HITM0012735,HORD004047,PRD0405,1,146.11,146.11
HITM0012736,HORD004047,PRD0523,1,462.11,462.11
HITM0012737,HORD004048,PRD0203,1,1327.73,1327.73
HITM0012738,HORD004048,PRD0226,1,497.16,497.16
HITM0012739,HORD004048,PRD0800,1,274.87,274.87
HITM0012740,HORD004048,PRD0370,1,285.36,285.36
HITM0012741,HORD004049,PRD0137,1,1138.46,1138.46
HITM0012742,HORD004049,PRD0212,2,369.65,739.3
HITM0012743,HORD004049,PRD0595,1,758.18,758.18
HITM0012744,HORD004049,PRD0571,1,1263.4,1263.4
HITM0012745,HORD004050,PRD0959,1,631.82,631.82
HITM0012746,HORD004050,PRD0288,1,324.08,324.08
HITM0012747,HORD004051,PRD0991,2,1900.16,3800.32
HITM0012748,HORD004051,PRD0403,1,615.54,615.54
HITM0012749,HORD004051,PRD0748,1,147.02,147.02
HITM0012750,HORD004052,PRD0545,1,219.94,219.94
HITM0012751,HORD004052,PRD0848,1,522.45,522.45
HITM0012752,HORD004052,PRD0750,1,181.18,181.18
HITM0012753,HORD004052,PRD0468,2,523.04,1046.08
HITM0012754,HORD004053,PRD0771,1,1105.04,1105.04
HITM0012755,HORD004053,PRD0984,1,1014.29,1014.29
HITM0012756,HORD004053,PRD0467,1,1381.47,1381.47
HITM0012757,HORD004053,PRD0155,1,372.71,372.71
HITM0012758,HORD004053,PRD0437,1,2082.66,2082.66
HITM0012759,HORD004054,PRD0416,1,420.25,420.25
HITM0012760,HORD004054,PRD0594,1,2046.58,2046.58
HITM0012761,HORD004054,PRD0585,1,81.84,81.84
HITM0012762,HORD004055,PRD0415,1,78.5,78.5
HITM0012763,HORD004055,PRD0533,3,367.95,1103.85
HITM0012764,HORD004056,PRD0240,2,417.49,834.98
HITM0012765,HORD004056,PRD0041,1,3199.1,3199.1
HITM0012766,HORD004057,PRD0997,1,1971.69,1971.69
HITM0012767,HORD004057,PRD0368,1,372.64,372.64
HITM0012768,HORD004057,PRD0360,1,362.06,362.06
HITM0012769,HORD004057,PRD0490,1,337.69,337.69
HITM0012770,HORD004057,PRD0009,1,1213.1,1213.1
HITM0012771,HORD004058,PRD0398,2,567.86,1135.72
HITM0012772,HORD004058,PRD0740,1,326.46,326.46
HITM0012773,HORD004059,PRD0468,1,523.04,523.04
HITM0012774,HORD004059,PRD0968,1,409.17,409.17
HITM0012775,HORD004059,PRD0355,1,412.17,412.17
HITM0012776,HORD004060,PRD0882,2,404.51,809.02
HITM0012777,HORD004061,PRD0568,2,237.73,475.46
HITM0012778,HORD004061,PRD0655,1,261.66,261.66
HITM0012779,HORD004061,PRD0544,1,975.01,975.01
HITM0012780,HORD004062,PRD0629,1,925.23,925.23
HITM0012781,HORD004062,PRD0236,3,131.33,393.99
HITM0012782,HORD004062,PRD0246,1,674.8,674.8
HITM0012783,HORD004063,PRD0978,2,897.68,1795.36
HITM0012784,HORD004063,PRD0318,1,930.52,930.52
HITM0012785,HORD004063,PRD0403,1,615.54,615.54
HITM0012786,HORD004063,PRD0635,1,140.41,140.41
HITM0012787,HORD004064,PRD0232,1,1634.96,1634.96
HITM0012788,HORD004064,PRD0622,1,678.69,678.69
HITM0012789,HORD004065,PRD0280,1,149.57,149.57
HITM0012790,HORD004065,PRD0776,3,143.41,430.23
HITM0012791,HORD004065,PRD0716,2,197.99,395.98
HITM0012792,HORD004066,PRD0012,1,711.13,711.13
HITM0012793,HORD004066,PRD0762,1,1038.24,1038.24
HITM0012794,HORD004067,PRD0956,1,86.17,86.17
HITM0012795,HORD004067,PRD0356,3,215.96,647.88
HITM0012796,HORD004067,PRD0585,1,81.84,81.84
HITM0012797,HORD004067,PRD0386,3,703.44,2110.32
HITM0012798,HORD004067,PRD0963,2,464.21,928.42
HITM0012799,HORD004068,PRD0566,1,665.53,665.53
HITM0012800,HORD004068,PRD0786,1,400.03,400.03
HITM0012801,HORD004069,PRD0146,1,508.56,508.56
HITM0012802,HORD004069,PRD0771,1,1105.04,1105.04
HITM0012803,HORD004069,PRD0439,1,1460.48,1460.48
HITM0012804,HORD004069,PRD0410,1,212.08,212.08
HITM0012805,HORD004070,PRD0260,1,386.46,386.46
HITM0012806,HORD004070,PRD0536,2,274.78,549.56
HITM0012807,HORD004070,PRD0950,2,71.67,143.34
HITM0012808,HORD004070,PRD0676,1,499.99,499.99
HITM0012809,HORD004071,PRD0833,1,941.26,941.26
HITM0012810,HORD004072,PRD0401,2,2421.46,4842.92
HITM0012811,HORD004072,PRD0418,1,301.4,301.4
HITM0012812,HORD004072,PRD0087,1,164.58,164.58
HITM0012813,HORD004073,PRD0515,1,1139.31,1139.31
HITM0012814,HORD004073,PRD0521,1,2581.65,2581.65
HITM0012815,HORD004073,PRD0725,1,107.02,107.02
HITM0012816,HORD004073,PRD0415,3,78.5,235.5
HITM0012817,HORD004073,PRD0526,1,84.58,84.58
HITM0012818,HORD004074,PRD0115,1,678.71,678.71
HITM0012819,HORD004074,PRD0072,2,713.12,1426.24
HITM0012820,HORD004074,PRD0521,2,2581.65,5163.3
HITM0012821,HORD004074,PRD0706,1,173.61,173.61
HITM0012822,HORD004074,PRD0425,3,615.94,1847.82
HITM0012823,HORD004075,PRD0896,1,810.67,810.67
HITM0012824,HORD004075,PRD0136,3,360.6,1081.8
HITM0012825,HORD004075,PRD0805,1,997.5,997.5
HITM0012826,HORD004075,PRD0057,2,768.67,1537.34
HITM0012827,HORD004076,PRD0458,1,960.04,960.04
HITM0012828,HORD004076,PRD0418,1,301.4,301.4
HITM0012829,HORD004077,PRD0821,1,1235.41,1235.41
HITM0012830,HORD004077,PRD0994,2,916.4,1832.8
HITM0012831,HORD004077,PRD0955,1,56.91,56.91
HITM0012832,HORD004077,PRD0537,1,669.66,669.66
HITM0012833,HORD004078,PRD0865,1,308.23,308.23
HITM0012834,HORD004078,PRD0576,1,30.87,30.87
HITM0012835,HORD004078,PRD0500,1,250.29,250.29
HITM0012836,HORD004078,PRD0032,2,581.78,1163.56
HITM0012837,HORD004078,PRD0103,1,619.16,619.16
HITM0012838,HORD004079,PRD0477,1,1488.86,1488.86
HITM0012839,HORD004079,PRD0987,1,1413.83,1413.83
HITM0012840,HORD004079,PRD0100,1,206.02,206.02
HITM0012841,HORD004079,PRD0518,1,365.35,365.35
HITM0012842,HORD004080,PRD0718,1,214.61,214.61
HITM0012843,HORD004080,PRD0730,1,241.01,241.01
HITM0012844,HORD004081,PRD0846,1,427.97,427.97
HITM0012845,HORD004081,PRD0016,1,255.89,255.89
HITM0012846,HORD004081,PRD0757,3,1258.09,3774.27
HITM0012847,HORD004082,PRD0990,1,268.68,268.68
HITM0012848,HORD004083,PRD0826,1,402.15,402.15
HITM0012849,HORD004083,PRD0142,1,1647.71,1647.71
HITM0012850,HORD004083,PRD0767,1,2003.56,2003.56
HITM0012851,HORD004083,PRD0595,1,758.18,758.18
HITM0012852,HORD004083,PRD0645,2,206.79,413.58
HITM0012853,HORD004084,PRD0373,1,664.52,664.52
HITM0012854,HORD004084,PRD0539,1,968.63,968.63
HITM0012855,HORD004085,PRD0470,2,116.53,233.06
HITM0012856,HORD004085,PRD0918,1,270.82,270.82
HITM0012857,HORD004085,PRD0330,1,222.78,222.78
HITM0012858,HORD004085,PRD0998,2,819.98,1639.96
HITM0012859,HORD004085,PRD0392,1,647.54,647.54
HITM0012860,HORD004086,PRD0349,1,1056.93,1056.93
HITM0012861,HORD004087,PRD0265,1,94.03,94.03
HITM0012862,HORD004087,PRD0652,1,1180.91,1180.91
HITM0012863,HORD004087,PRD0723,1,461.99,461.99
HITM0012864,HORD004087,PRD0886,2,529.82,1059.64
HITM0012865,HORD004088,PRD0233,1,804.27,804.27
HITM0012866,HORD004088,PRD0731,1,1026.14,1026.14
HITM0012867,HORD004089,PRD0305,1,260.29,260.29
HITM0012868,HORD004089,PRD0697,1,2301.55,2301.55
HITM0012869,HORD004089,PRD0710,1,221.52,221.52
HITM0012870,HORD004090,PRD0426,2,571.98,1143.96
HITM0012871,HORD004090,PRD0170,2,202.15,404.3
HITM0012872,HORD004091,PRD0175,1,883.13,883.13
HITM0012873,HORD004091,PRD0236,1,131.33,131.33
HITM0012874,HORD004091,PRD0441,1,2838.69,2838.69
HITM0012875,HORD004091,PRD0249,1,1193.82,1193.82
HITM0012876,HORD004091,PRD0292,1,1683.43,1683.43
HITM0012877,HORD004092,PRD0968,2,409.17,818.34
HITM0012878,HORD004092,PRD0155,1,372.71,372.71
HITM0012879,HORD004092,PRD0031,2,2841.2,5682.4
HITM0012880,HORD004092,PRD0848,1,522.45,522.45
HITM0012881,HORD004093,PRD0259,1,1140.48,1140.48
HITM0012882,HORD004093,PRD0156,2,402.17,804.34
HITM0012883,HORD004094,PRD0050,1,56.24,56.24
HITM0012884,HORD004094,PRD0835,1,982.79,982.79
HITM0012885,HORD004094,PRD0370,3,285.36,856.08
HITM0012886,HORD004095,PRD0839,1,1311.55,1311.55
HITM0012887,HORD004095,PRD0579,1,1153.54,1153.54
HITM0012888,HORD004095,PRD1000,1,120.72,120.72
HITM0012889,HORD004095,PRD0829,1,964.04,964.04
HITM0012890,HORD004096,PRD0430,1,126.46,126.46
HITM0012891,HORD004096,PRD0070,1,376.35,376.35
HITM0012892,HORD004096,PRD0298,1,724.89,724.89
HITM0012893,HORD004097,PRD0756,1,238.54,238.54
HITM0012894,HORD004097,PRD0176,1,408.12,408.12
HITM0012895,HORD004097,PRD0115,1,678.71,678.71
HITM0012896,HORD004098,PRD0805,1,997.5,997.5
HITM0012897,HORD004098,PRD0548,1,957.21,957.21
HITM0012898,HORD004098,PRD0033,2,884.6,1769.2
HITM0012899,HORD004098,PRD0046,1,355.51,355.51
HITM0012900,HORD004099,PRD0460,1,250.7,250.7
HITM0012901,HORD004099,PRD0357,1,2299.18,2299.18
HITM0012902,HORD004100,PRD0935,1,41.85,41.85
HITM0012903,HORD004100,PRD0498,1,536.61,536.61
HITM0012904,HORD004100,PRD0228,1,121.94,121.94
HITM0012905,HORD004101,PRD0929,1,897.78,897.78
HITM0012906,HORD004101,PRD0407,2,607.64,1215.28
HITM0012907,HORD004102,PRD0925,1,327.94,327.94
HITM0012908,HORD004102,PRD0324,1,632.08,632.08
HITM0012909,HORD004102,PRD0268,1,395.01,395.01
HITM0012910,HORD004102,PRD0011,1,1160.31,1160.31
HITM0012911,HORD004103,PRD0576,1,30.87,30.87
HITM0012912,HORD004103,PRD0292,3,1683.43,5050.29
HITM0012913,HORD004103,PRD0930,2,360.98,721.96
HITM0012914,HORD004103,PRD0837,1,471.38,471.38
HITM0012915,HORD004103,PRD0808,1,566.96,566.96
HITM0012916,HORD004104,PRD0344,1,2796.46,2796.46
HITM0012917,HORD004104,PRD0326,2,62.48,124.96
HITM0012918,HORD004105,PRD0706,1,173.61,173.61
HITM0012919,HORD004105,PRD0828,1,457.81,457.81
HITM0012920,HORD004106,PRD0218,1,637.83,637.83
HITM0012921,HORD004106,PRD0217,1,648.29,648.29
HITM0012922,HORD004106,PRD0265,1,94.03,94.03
HITM0012923,HORD004107,PRD0680,1,369.12,369.12
HITM0012924,HORD004107,PRD0125,1,517.12,517.12
HITM0012925,HORD004107,PRD0099,1,245.95,245.95
HITM0012926,HORD004107,PRD0197,1,179.71,179.71
HITM0012927,HORD004107,PRD0496,1,223.21,223.21
HITM0012928,HORD004108,PRD0357,1,2299.18,2299.18
HITM0012929,HORD004108,PRD0014,1,953.24,953.24
HITM0012930,HORD004108,PRD0337,1,2341.34,2341.34
HITM0012931,HORD004109,PRD0063,2,1461.12,2922.24
HITM0012932,HORD004109,PRD0910,1,19.2,19.2
HITM0012933,HORD004109,PRD0938,1,929.59,929.59
HITM0012934,HORD004110,PRD0935,1,41.85,41.85
HITM0012935,HORD004110,PRD0860,1,359.33,359.33
HITM0012936,HORD004110,PRD0832,1,1257.86,1257.86
HITM0012937,HORD004111,PRD0249,1,1193.82,1193.82
HITM0012938,HORD004111,PRD0525,3,589.06,1767.18
HITM0012939,HORD004112,PRD0291,2,2517.39,5034.78
HITM0012940,HORD004112,PRD0953,1,1430.97,1430.97
HITM0012941,HORD004112,PRD0329,1,320.22,320.22
HITM0012942,HORD004112,PRD0258,1,649.82,649.82
HITM0012943,HORD004112,PRD0871,1,3102.51,3102.51
HITM0012944,HORD004113,PRD0394,1,1051.66,1051.66
HITM0012945,HORD004113,PRD0950,2,71.67,143.34
HITM0012946,HORD004114,PRD0850,1,312.03,312.03
HITM0012947,HORD004114,PRD0124,1,659.93,659.93
HITM0012948,HORD004115,PRD0992,1,1671.9,1671.9
HITM0012949,HORD004115,PRD0445,1,1026.22,1026.22
HITM0012950,HORD004115,PRD0570,1,394.68,394.68
HITM0012951,HORD004115,PRD0898,1,272.18,272.18
HITM0012952,HORD004116,PRD0449,1,483.76,483.76
HITM0012953,HORD004116,PRD0858,1,188.42,188.42
HITM0012954,HORD004116,PRD0031,1,2841.2,2841.2
HITM0012955,HORD004116,PRD0542,1,1746.75,1746.75
HITM0012956,HORD004116,PRD0409,1,178.56,178.56
HITM0012957,HORD004117,PRD0060,1,147.43,147.43
HITM0012958,HORD004117,PRD0725,1,107.02,107.02
HITM0012959,HORD004117,PRD0870,1,370.25,370.25
HITM0012960,HORD004117,PRD0968,1,409.17,409.17
HITM0012961,HORD004117,PRD0976,3,838.03,2514.09
HITM0012962,HORD004118,PRD0832,1,1257.86,1257.86
HITM0012963,HORD004118,PRD0490,1,337.69,337.69
HITM0012964,HORD004118,PRD0563,1,530.17,530.17
HITM0012965,HORD004118,PRD0666,1,703.13,703.13
HITM0012966,HORD004119,PRD0569,3,238.57,715.71
HITM0012967,HORD004119,PRD0513,1,532.33,532.33
HITM0012968,HORD004119,PRD0048,1,176.51,176.51
HITM0012969,HORD004119,PRD0270,3,381.87,1145.61
HITM0012970,HORD004120,PRD0023,1,620.72,620.72
HITM0012971,HORD004120,PRD0957,2,1732.9,3465.8
HITM0012972,HORD004120,PRD0520,1,298.12,298.12
HITM0012973,HORD004120,PRD0898,1,272.18,272.18
HITM0012974,HORD004120,PRD0776,2,143.41,286.82
HITM0012975,HORD004121,PRD0712,3,1402.88,4208.64
HITM0012976,HORD004121,PRD0326,1,62.48,62.48
HITM0012977,HORD004121,PRD0310,2,83.71,167.42
HITM0012978,HORD004122,PRD0309,2,1023.7,2047.4
HITM0012979,HORD004122,PRD0922,2,905.58,1811.16
HITM0012980,HORD004123,PRD0642,1,1399.48,1399.48
HITM0012981,HORD004123,PRD0964,1,449.57,449.57
HITM0012982,HORD004123,PRD0680,1,369.12,369.12
HITM0012983,HORD004124,PRD0398,2,567.86,1135.72
HITM0012984,HORD004124,PRD0390,2,391.31,782.62
HITM0012985,HORD004124,PRD0158,1,561.62,561.62
HITM0012986,HORD004124,PRD0109,2,326.84,653.68
HITM0012987,HORD004124,PRD0080,1,15.23,15.23
HITM0012988,HORD004125,PRD0696,1,137.51,137.51
HITM0012989,HORD004125,PRD0675,1,98.97,98.97
HITM0012990,HORD004126,PRD0634,1,2121.75,2121.75
HITM0012991,HORD004126,PRD0446,1,132.64,132.64
HITM0012992,HORD004126,PRD0889,2,893.76,1787.52
HITM0012993,HORD004127,PRD0078,1,1051.69,1051.69
HITM0012994,HORD004128,PRD0487,1,136.07,136.07
HITM0012995,HORD004128,PRD0680,1,369.12,369.12
HITM0012996,HORD004128,PRD0768,2,1063.13,2126.26
HITM0012997,HORD004128,PRD0875,1,1168.64,1168.64
HITM0012998,HORD004128,PRD0073,1,1270.32,1270.32
HITM0012999,HORD004129,PRD0106,2,40.68,81.36
HITM0013000,HORD004129,PRD0715,1,61.65,61.65
HITM0013001,HORD004129,PRD0135,1,1054.93,1054.93
HITM0013002,HORD004129,PRD0239,2,761.02,1522.04
HITM0013003,HORD004130,PRD0317,1,2234.93,2234.93
HITM0013004,HORD004130,PRD0237,1,2383.14,2383.14
HITM0013005,HORD004131,PRD0648,1,469.36,469.36
HITM0013006,HORD004131,PRD0858,2,188.42,376.84
HITM0013007,HORD004131,PRD0725,1,107.02,107.02
HITM0013008,HORD004131,PRD0230,1,290.53,290.53
HITM0013009,HORD004132,PRD0700,1,105.41,105.41
HITM0013010,HORD004132,PRD0191,1,2181.41,2181.41
HITM0013011,HORD004132,PRD0360,1,362.06,362.06
HITM0013012,HORD004132,PRD0462,2,595.57,1191.14
HITM0013013,HORD004133,PRD0950,1,71.67,71.67
HITM0013014,HORD004133,PRD0604,1,3124.49,3124.49
HITM0013015,HORD004133,PRD0039,1,951.13,951.13
HITM0013016,HORD004133,PRD0381,1,2583.59,2583.59
HITM0013017,HORD004134,PRD0106,2,40.68,81.36
HITM0013018,HORD004134,PRD0854,1,2184.3,2184.3
HITM0013019,HORD004135,PRD0620,2,220.61,441.22
HITM0013020,HORD004135,PRD0910,2,19.2,38.4
HITM0013021,HORD004135,PRD0787,2,527.32,1054.64
HITM0013022,HORD004135,PRD0500,2,250.29,500.58
HITM0013023,HORD004135,PRD0752,1,1395.28,1395.28
HITM0013024,HORD004136,PRD0533,1,367.95,367.95
HITM0013025,HORD004136,PRD0002,2,1391.38,2782.76
HITM0013026,HORD004136,PRD0753,1,272.68,272.68
HITM0013027,HORD004137,PRD0660,1,15.31,15.31
HITM0013028,HORD004137,PRD0979,1,1164.08,1164.08
HITM0013029,HORD004137,PRD0858,2,188.42,376.84
HITM0013030,HORD004138,PRD0057,1,768.67,768.67
HITM0013031,HORD004138,PRD0316,1,640.98,640.98
HITM0013032,HORD004138,PRD0763,2,485.63,971.26
HITM0013033,HORD004138,PRD0628,2,62.19,124.38
HITM0013034,HORD004138,PRD0080,1,15.23,15.23
HITM0013035,HORD004139,PRD0265,1,94.03,94.03
HITM0013036,HORD004139,PRD0247,2,694.04,1388.08
HITM0013037,HORD004139,PRD0491,1,1885.4,1885.4
HITM0013038,HORD004140,PRD0297,1,2214.14,2214.14
HITM0013039,HORD004140,PRD0509,1,306.02,306.02
HITM0013040,HORD004140,PRD0132,1,1616.97,1616.97
HITM0013041,HORD004140,PRD0102,3,1075.3,3225.9
HITM0013042,HORD004140,PRD0427,1,1212.42,1212.42
HITM0013043,HORD004141,PRD0443,1,393.59,393.59
HITM0013044,HORD004141,PRD0032,1,581.78,581.78
HITM0013045,HORD004141,PRD0110,1,110.2,110.2
HITM0013046,HORD004142,PRD0423,2,1099.29,2198.58
HITM0013047,HORD004142,PRD0942,1,500.96,500.96
HITM0013048,HORD004142,PRD0868,1,956.14,956.14
HITM0013049,HORD004142,PRD0135,1,1054.93,1054.93
HITM0013050,HORD004143,PRD0510,1,176.33,176.33
HITM0013051,HORD004143,PRD0797,3,850.77,2552.31
HITM0013052,HORD004143,PRD0518,1,365.35,365.35
HITM0013053,HORD004144,PRD0846,1,427.97,427.97
HITM0013054,HORD004144,PRD0425,2,615.94,1231.88
HITM0013055,HORD004144,PRD0853,1,1558.78,1558.78
HITM0013056,HORD004144,PRD0376,1,689.26,689.26
HITM0013057,HORD004145,PRD0621,1,1275.57,1275.57
HITM0013058,HORD004145,PRD0482,1,1511.77,1511.77
HITM0013059,HORD004145,PRD0598,2,825.04,1650.08
HITM0013060,HORD004145,PRD0123,1,906.0,906.0
HITM0013061,HORD004146,PRD0897,1,368.24,368.24
HITM0013062,HORD004146,PRD0329,1,320.22,320.22
HITM0013063,HORD004146,PRD0690,1,30.42,30.42
HITM0013064,HORD004147,PRD0535,1,1030.78,1030.78
HITM0013065,HORD004147,PRD0968,1,409.17,409.17
HITM0013066,HORD004147,PRD0780,1,94.47,94.47
HITM0013067,HORD004147,PRD0924,2,1071.28,2142.56
HITM0013068,HORD004148,PRD0655,2,261.66,523.32
HITM0013069,HORD004149,PRD0207,2,2221.73,4443.46
HITM0013070,HORD004149,PRD0103,1,619.16,619.16
HITM0013071,HORD004149,PRD0310,1,83.71,83.71
HITM0013072,HORD004150,PRD0587,1,1683.8,1683.8
HITM0013073,HORD004150,PRD0230,1,290.53,290.53
HITM0013074,HORD004150,PRD0201,1,2237.43,2237.43
HITM0013075,HORD004150,PRD0377,1,941.97,941.97
HITM0013076,HORD004151,PRD0861,1,1625.97,1625.97
HITM0013077,HORD004151,PRD0080,1,15.23,15.23
HITM0013078,HORD004151,PRD0320,1,190.98,190.98
HITM0013079,HORD004151,PRD0599,1,854.55,854.55
HITM0013080,HORD004152,PRD0065,1,515.94,515.94
HITM0013081,HORD004153,PRD0730,2,241.01,482.02
HITM0013082,HORD004153,PRD0206,2,633.94,1267.88
HITM0013083,HORD004153,PRD0267,2,657.53,1315.06
HITM0013084,HORD004153,PRD0440,1,57.41,57.41
HITM0013085,HORD004154,PRD0142,1,1647.71,1647.71
HITM0013086,HORD004154,PRD0027,2,615.88,1231.76
HITM0013087,HORD004154,PRD0675,2,98.97,197.94
HITM0013088,HORD004154,PRD0648,2,469.36,938.72
HITM0013089,HORD004155,PRD0405,1,146.11,146.11
HITM0013090,HORD004155,PRD0486,3,297.99,893.97
HITM0013091,HORD004156,PRD0662,1,808.63,808.63
HITM0013092,HORD004156,PRD0050,1,56.24,56.24
HITM0013093,HORD004156,PRD0228,1,121.94,121.94
HITM0013094,HORD004156,PRD0753,1,272.68,272.68
HITM0013095,HORD004157,PRD0666,2,703.13,1406.26
HITM0013096,HORD004157,PRD0616,1,480.04,480.04
HITM0013097,HORD004157,PRD0866,1,684.58,684.58
HITM0013098,HORD004157,PRD0504,1,3043.58,3043.58
HITM0013099,HORD004157,PRD0105,1,431.76,431.76
HITM0013100,HORD004158,PRD0935,1,41.85,41.85
HITM0013101,HORD004159,PRD0970,1,403.08,403.08
HITM0013102,HORD004159,PRD0878,1,453.39,453.39
HITM0013103,HORD004159,PRD0220,2,144.35,288.7
HITM0013104,HORD004159,PRD0819,1,282.56,282.56
HITM0013105,HORD004160,PRD0160,2,140.78,281.56
HITM0013106,HORD004160,PRD0816,1,213.13,213.13
HITM0013107,HORD004160,PRD0443,1,393.59,393.59
HITM0013108,HORD004161,PRD0750,2,181.18,362.36
HITM0013109,HORD004161,PRD0163,1,459.77,459.77
HITM0013110,HORD004161,PRD0096,1,327.95,327.95
HITM0013111,HORD004161,PRD0467,2,1381.47,2762.94
HITM0013112,HORD004161,PRD0666,1,703.13,703.13
HITM0013113,HORD004162,PRD0909,2,167.36,334.72
HITM0013114,HORD004162,PRD0722,2,373.93,747.86
HITM0013115,HORD004163,PRD0639,2,912.42,1824.84
HITM0013116,HORD004163,PRD0801,1,1009.09,1009.09
HITM0013117,HORD004163,PRD0394,1,1051.66,1051.66
HITM0013118,HORD004163,PRD0996,2,643.77,1287.54
HITM0013119,HORD004164,PRD0165,1,471.13,471.13
HITM0013120,HORD004164,PRD0421,1,2441.59,2441.59
HITM0013121,HORD004164,PRD0510,1,176.33,176.33
HITM0013122,HORD004164,PRD0266,1,667.96,667.96
HITM0013123,HORD004165,PRD0250,1,79.79,79.79
HITM0013124,HORD004165,PRD0415,1,78.5,78.5
HITM0013125,HORD004165,PRD0051,1,2153.52,2153.52
HITM0013126,HORD004166,PRD0933,2,1394.64,2789.28
HITM0013127,HORD004166,PRD0666,1,703.13,703.13
HITM0013128,HORD004166,PRD0050,1,56.24,56.24
HITM0013129,HORD004166,PRD0837,2,471.38,942.76
HITM0013130,HORD004167,PRD0536,1,274.78,274.78
HITM0013131,HORD004167,PRD0667,1,1136.29,1136.29
HITM0013132,HORD004167,PRD0100,1,206.02,206.02
HITM0013133,HORD004168,PRD0368,1,372.64,372.64
HITM0013134,HORD004168,PRD0138,1,818.63,818.63
HITM0013135,HORD004169,PRD0250,1,79.79,79.79
HITM0013136,HORD004169,PRD0859,2,530.9,1061.8
HITM0013137,HORD004169,PRD0629,2,925.23,1850.46
HITM0013138,HORD004170,PRD0928,1,302.59,302.59
HITM0013139,HORD004170,PRD0198,2,736.33,1472.66
HITM0013140,HORD004170,PRD0374,1,1846.98,1846.98
HITM0013141,HORD004171,PRD0810,1,325.73,325.73
HITM0013142,HORD004171,PRD0236,1,131.33,131.33
HITM0013143,HORD004171,PRD0410,1,212.08,212.08
HITM0013144,HORD004171,PRD0741,1,1525.47,1525.47
HITM0013145,HORD004172,PRD0690,1,30.42,30.42
HITM0013146,HORD004172,PRD0802,1,593.98,593.98
HITM0013147,HORD004172,PRD0848,1,522.45,522.45
HITM0013148,HORD004172,PRD0925,1,327.94,327.94
HITM0013149,HORD004172,PRD0256,1,297.13,297.13
HITM0013150,HORD004173,PRD0925,1,327.94,327.94
HITM0013151,HORD004173,PRD0253,1,1494.32,1494.32
HITM0013152,HORD004173,PRD0060,1,147.43,147.43
HITM0013153,HORD004173,PRD0835,2,982.79,1965.58
HITM0013154,HORD004174,PRD0249,1,1193.82,1193.82
HITM0013155,HORD004174,PRD0874,1,4174.45,4174.45
HITM0013156,HORD004175,PRD0524,1,3613.52,3613.52
HITM0013157,HORD004175,PRD0266,1,667.96,667.96
HITM0013158,HORD004176,PRD0409,1,178.56,178.56
HITM0013159,HORD004177,PRD0565,1,294.27,294.27
HITM0013160,HORD004177,PRD0690,1,30.42,30.42
HITM0013161,HORD004177,PRD0279,1,165.58,165.58
HITM0013162,HORD004177,PRD0576,1,30.87,30.87
HITM0013163,HORD004177,PRD0833,1,941.26,941.26
HITM0013164,HORD004178,PRD0429,1,1195.52,1195.52
HITM0013165,HORD004178,PRD0525,1,589.06,589.06
HITM0013166,HORD004178,PRD0877,2,921.48,1842.96
HITM0013167,HORD004178,PRD0242,1,390.52,390.52
HITM0013168,HORD004179,PRD0515,1,1139.31,1139.31
HITM0013169,HORD004180,PRD0295,1,1095.89,1095.89
HITM0013170,HORD004180,PRD0951,1,1391.02,1391.02
HITM0013171,HORD004180,PRD0109,2,326.84,653.68
HITM0013172,HORD004180,PRD0858,1,188.42,188.42
HITM0013173,HORD004180,PRD0740,1,326.46,326.46
HITM0013174,HORD004181,PRD0045,2,124.62,249.24
HITM0013175,HORD004181,PRD0644,1,2975.58,2975.58
HITM0013176,HORD004181,PRD0085,1,477.42,477.42
HITM0013177,HORD004182,PRD0226,1,497.16,497.16
HITM0013178,HORD004182,PRD0139,1,1416.61,1416.61
HITM0013179,HORD004182,PRD0082,2,1853.06,3706.12
HITM0013180,HORD004183,PRD0228,1,121.94,121.94
HITM0013181,HORD004183,PRD0477,1,1488.86,1488.86
HITM0013182,HORD004183,PRD0074,1,587.22,587.22
HITM0013183,HORD004183,PRD0760,1,145.6,145.6
HITM0013184,HORD004183,PRD0192,1,796.68,796.68
HITM0013185,HORD004184,PRD0996,1,643.77,643.77
HITM0013186,HORD004184,PRD0783,1,1292.19,1292.19
HITM0013187,HORD004184,PRD0521,1,2581.65,2581.65
HITM0013188,HORD004185,PRD0509,1,306.02,306.02
HITM0013189,HORD004185,PRD0325,2,926.64,1853.28
HITM0013190,HORD004185,PRD0001,1,2393.92,2393.92
HITM0013191,HORD004186,PRD0557,1,743.48,743.48
HITM0013192,HORD004186,PRD0626,1,529.21,529.21
HITM0013193,HORD004186,PRD0484,1,1093.53,1093.53
HITM0013194,HORD004186,PRD0700,1,105.41,105.41
HITM0013195,HORD004187,PRD0268,1,395.01,395.01
HITM0013196,HORD004187,PRD0199,1,1201.16,1201.16
HITM0013197,HORD004188,PRD0388,1,981.72,981.72
HITM0013198,HORD004188,PRD0580,3,180.48,541.44
HITM0013199,HORD004188,PRD0057,2,768.67,1537.34
HITM0013200,HORD004189,PRD0395,2,366.66,733.32
HITM0013201,HORD004189,PRD0957,1,1732.9,1732.9
HITM0013202,HORD004190,PRD0798,2,647.08,1294.16
HITM0013203,HORD004190,PRD0008,1,146.16,146.16
HITM0013204,HORD004190,PRD0228,1,121.94,121.94
HITM0013205,HORD004190,PRD0185,1,884.92,884.92
HITM0013206,HORD004191,PRD0009,1,1213.1,1213.1
HITM0013207,HORD004191,PRD0762,1,1038.24,1038.24
HITM0013208,HORD004191,PRD0252,1,457.51,457.51
HITM0013209,HORD004191,PRD0658,2,471.69,943.38
HITM0013210,HORD004192,PRD0449,1,483.76,483.76
HITM0013211,HORD004192,PRD0074,1,587.22,587.22
HITM0013212,HORD004192,PRD0128,1,237.78,237.78
HITM0013213,HORD004193,PRD0842,1,1418.63,1418.63
HITM0013214,HORD004193,PRD0655,1,261.66,261.66
HITM0013215,HORD004194,PRD0496,2,223.21,446.42
HITM0013216,HORD004194,PRD0940,1,200.38,200.38
HITM0013217,HORD004194,PRD0048,2,176.51,353.02
HITM0013218,HORD004195,PRD0555,1,1183.16,1183.16
HITM0013219,HORD004195,PRD0686,1,654.4,654.4
HITM0013220,HORD004195,PRD0785,1,91.04,91.04
HITM0013221,HORD004196,PRD0005,1,503.71,503.71
HITM0013222,HORD004196,PRD0578,2,718.33,1436.66
HITM0013223,HORD004196,PRD0925,1,327.94,327.94
HITM0013224,HORD004197,PRD0656,1,473.06,473.06
HITM0013225,HORD004197,PRD0143,1,926.46,926.46
HITM0013226,HORD004198,PRD0781,3,2891.34,8674.02
HITM0013227,HORD004198,PRD0769,1,333.15,333.15
HITM0013228,HORD004198,PRD0148,1,457.28,457.28
HITM0013229,HORD004199,PRD0642,1,1399.48,1399.48
HITM0013230,HORD004199,PRD0648,1,469.36,469.36
HITM0013231,HORD004199,PRD0035,1,215.11,215.11
HITM0013232,HORD004199,PRD0992,2,1671.9,3343.8
HITM0013233,HORD004200,PRD0840,1,48.65,48.65
HITM0013234,HORD004201,PRD0178,2,184.26,368.52
HITM0013235,HORD004201,PRD0186,1,280.16,280.16
HITM0013236,HORD004201,PRD0099,1,245.95,245.95
HITM0013237,HORD004202,PRD0345,1,437.36,437.36
HITM0013238,HORD004202,PRD0022,1,1385.01,1385.01
HITM0013239,HORD004203,PRD0010,2,386.41,772.82
HITM0013240,HORD004203,PRD0346,1,291.88,291.88
HITM0013241,HORD004203,PRD0675,1,98.97,98.97
HITM0013242,HORD004203,PRD0033,1,884.6,884.6
HITM0013243,HORD004203,PRD0585,2,81.84,163.68
HITM0013244,HORD004204,PRD0283,1,427.47,427.47
HITM0013245,HORD004204,PRD0702,1,1587.86,1587.86
HITM0013246,HORD004205,PRD0698,1,445.24,445.24
HITM0013247,HORD004205,PRD0715,1,61.65,61.65
HITM0013248,HORD004205,PRD0268,1,395.01,395.01
HITM0013249,HORD004205,PRD0887,2,159.97,319.94
HITM0013250,HORD004206,PRD0999,2,1457.06,2914.12
HITM0013251,HORD004206,PRD0086,2,747.25,1494.5
HITM0013252,HORD004206,PRD0144,1,2737.49,2737.49
HITM0013253,HORD004206,PRD0965,1,1142.59,1142.59
HITM0013254,HORD004207,PRD0577,1,2330.53,2330.53
HITM0013255,HORD004207,PRD0462,1,595.57,595.57
HITM0013256,HORD004207,PRD0575,1,177.67,177.67
HITM0013257,HORD004208,PRD0403,1,615.54,615.54
HITM0013258,HORD004208,PRD0263,2,590.67,1181.34
HITM0013259,HORD004209,PRD0948,2,583.21,1166.42
HITM0013260,HORD004210,PRD0061,1,1070.18,1070.18
HITM0013261,HORD004210,PRD0091,2,2959.54,5919.08
HITM0013262,HORD004211,PRD0653,1,608.0,608.0
HITM0013263,HORD004211,PRD0585,2,81.84,163.68
HITM0013264,HORD004211,PRD0645,1,206.79,206.79
HITM0013265,HORD004212,PRD0245,1,616.59,616.59
HITM0013266,HORD004212,PRD0536,1,274.78,274.78
HITM0013267,HORD004212,PRD0476,2,181.3,362.6
HITM0013268,HORD004212,PRD0884,1,1847.69,1847.69
HITM0013269,HORD004213,PRD0139,1,1416.61,1416.61
HITM0013270,HORD004213,PRD0509,1,306.02,306.02
HITM0013271,HORD004213,PRD0285,1,709.46,709.46
HITM0013272,HORD004214,PRD0876,1,61.28,61.28
HITM0013273,HORD004214,PRD0808,1,566.96,566.96
HITM0013274,HORD004214,PRD0466,2,520.19,1040.38
HITM0013275,HORD004215,PRD0900,1,204.44,204.44
HITM0013276,HORD004215,PRD0677,1,197.41,197.41
HITM0013277,HORD004215,PRD0440,1,57.41,57.41
HITM0013278,HORD004215,PRD0103,1,619.16,619.16
HITM0013279,HORD004216,PRD0725,1,107.02,107.02
HITM0013280,HORD004216,PRD0442,1,1331.04,1331.04
HITM0013281,HORD004216,PRD0415,1,78.5,78.5
HITM0013282,HORD004216,PRD0918,1,270.82,270.82
HITM0013283,HORD004216,PRD0586,3,110.38,331.14
HITM0013284,HORD004217,PRD0485,2,178.75,357.5
HITM0013285,HORD004217,PRD0665,2,758.8,1517.6
HITM0013286,HORD004217,PRD0585,2,81.84,163.68
HITM0013287,HORD004217,PRD0688,3,921.64,2764.92
HITM0013288,HORD004218,PRD0940,1,200.38,200.38
HITM0013289,HORD004218,PRD0134,1,1214.25,1214.25
HITM0013290,HORD004218,PRD0972,1,690.82,690.82
HITM0013291,HORD004219,PRD0469,1,710.35,710.35
HITM0013292,HORD004219,PRD0981,2,2016.47,4032.94
HITM0013293,HORD004219,PRD0206,1,633.94,633.94
HITM0013294,HORD004219,PRD0100,1,206.02,206.02
HITM0013295,HORD004220,PRD0486,1,297.99,297.99
HITM0013296,HORD004221,PRD0057,1,768.67,768.67
HITM0013297,HORD004221,PRD0362,1,1217.27,1217.27
HITM0013298,HORD004221,PRD0476,1,181.3,181.3
HITM0013299,HORD004221,PRD0468,1,523.04,523.04
HITM0013300,HORD004221,PRD0103,2,619.16,1238.32
HITM0013301,HORD004222,PRD0008,1,146.16,146.16
HITM0013302,HORD004222,PRD0403,1,615.54,615.54
HITM0013303,HORD004222,PRD0117,1,684.24,684.24
HITM0013304,HORD004222,PRD0055,1,534.13,534.13
HITM0013305,HORD004223,PRD0240,1,417.49,417.49
HITM0013306,HORD004223,PRD0842,1,1418.63,1418.63
HITM0013307,HORD004223,PRD0080,1,15.23,15.23
HITM0013308,HORD004224,PRD0705,1,200.18,200.18
HITM0013309,HORD004224,PRD0672,1,1330.59,1330.59
HITM0013310,HORD004224,PRD0947,1,451.51,451.51
HITM0013311,HORD004224,PRD0526,1,84.58,84.58
HITM0013312,HORD004225,PRD0908,3,826.2,2478.6
HITM0013313,HORD004225,PRD0110,1,110.2,110.2
HITM0013314,HORD004225,PRD0096,2,327.95,655.9
HITM0013315,HORD004226,PRD0747,1,619.18,619.18
HITM0013316,HORD004226,PRD0022,1,1385.01,1385.01
HITM0013317,HORD004227,PRD0860,2,359.33,718.66
HITM0013318,HORD004227,PRD0965,1,1142.59,1142.59
HITM0013319,HORD004227,PRD0949,2,541.69,1083.38
HITM0013320,HORD004228,PRD0619,1,394.74,394.74
HITM0013321,HORD004228,PRD0938,1,929.59,929.59
HITM0013322,HORD004228,PRD0958,1,997.87,997.87
HITM0013323,HORD004228,PRD0790,1,110.86,110.86
HITM0013324,HORD004229,PRD0330,1,222.78,222.78
HITM0013325,HORD004229,PRD0280,1,149.57,149.57
HITM0013326,HORD004229,PRD0950,1,71.67,71.67
HITM0013327,HORD004230,PRD0575,1,177.67,177.67
HITM0013328,HORD004230,PRD0537,1,669.66,669.66
HITM0013329,HORD004231,PRD0031,2,2841.2,5682.4
HITM0013330,HORD004231,PRD0120,1,46.82,46.82
HITM0013331,HORD004231,PRD0693,1,1149.55,1149.55
HITM0013332,HORD004232,PRD0650,1,233.76,233.76
HITM0013333,HORD004232,PRD0347,2,2438.33,4876.66
HITM0013334,HORD004232,PRD0895,1,1012.5,1012.5
HITM0013335,HORD004233,PRD0688,1,921.64,921.64
HITM0013336,HORD004233,PRD0422,1,1345.12,1345.12
HITM0013337,HORD004233,PRD0801,2,1009.09,2018.18
HITM0013338,HORD004234,PRD0954,1,848.21,848.21
HITM0013339,HORD004234,PRD0037,1,1207.21,1207.21
HITM0013340,HORD004234,PRD0180,1,270.59,270.59
HITM0013341,HORD004235,PRD0576,1,30.87,30.87
HITM0013342,HORD004235,PRD0603,3,851.99,2555.97
HITM0013343,HORD004235,PRD0931,1,2472.47,2472.47
HITM0013344,HORD004235,PRD0782,1,452.61,452.61
HITM0013345,HORD004235,PRD0564,1,3629.67,3629.67
HITM0013346,HORD004236,PRD0785,1,91.04,91.04
HITM0013347,HORD004236,PRD0532,2,1430.86,2861.72
HITM0013348,HORD004236,PRD0148,1,457.28,457.28
HITM0013349,HORD004236,PRD0865,2,308.23,616.46
HITM0013350,HORD004237,PRD0217,1,648.29,648.29
HITM0013351,HORD004237,PRD0061,2,1070.18,2140.36
HITM0013352,HORD004237,PRD0373,1,664.52,664.52
HITM0013353,HORD004237,PRD0858,2,188.42,376.84
HITM0013354,HORD004238,PRD0039,1,951.13,951.13
HITM0013355,HORD004238,PRD0267,1,657.53,657.53
HITM0013356,HORD004239,PRD0126,1,273.65,273.65
HITM0013357,HORD004239,PRD0726,1,479.51,479.51
HITM0013358,HORD004239,PRD0594,2,2046.58,4093.16
HITM0013359,HORD004240,PRD0639,3,912.42,2737.26
HITM0013360,HORD004240,PRD0914,1,1089.48,1089.48
HITM0013361,HORD004240,PRD0796,1,214.68,214.68
HITM0013362,HORD004240,PRD0682,1,1238.87,1238.87
HITM0013363,HORD004240,PRD0206,1,633.94,633.94
HITM0013364,HORD004241,PRD0290,1,151.92,151.92
HITM0013365,HORD004241,PRD0726,2,479.51,959.02
HITM0013366,HORD004241,PRD0178,1,184.26,184.26
HITM0013367,HORD004241,PRD0584,1,2264.13,2264.13
HITM0013368,HORD004242,PRD0223,2,1235.21,2470.42
HITM0013369,HORD004242,PRD0621,1,1275.57,1275.57
HITM0013370,HORD004242,PRD0610,1,159.67,159.67
HITM0013371,HORD004242,PRD0255,1,718.45,718.45
HITM0013372,HORD004243,PRD0847,2,370.04,740.08
HITM0013373,HORD004243,PRD0687,1,729.09,729.09
HITM0013374,HORD004243,PRD0468,1,523.04,523.04
HITM0013375,HORD004243,PRD0425,2,615.94,1231.88
HITM0013376,HORD004243,PRD0657,1,1527.29,1527.29
HITM0013377,HORD004244,PRD0753,1,272.68,272.68
HITM0013378,HORD004244,PRD0788,1,319.54,319.54
HITM0013379,HORD004244,PRD0901,1,1092.12,1092.12
HITM0013380,HORD004244,PRD0918,2,270.82,541.64
HITM0013381,HORD004245,PRD0080,1,15.23,15.23
HITM0013382,HORD004245,PRD0090,1,223.82,223.82
HITM0013383,HORD004245,PRD0190,2,274.29,548.58
HITM0013384,HORD004245,PRD0823,2,631.56,1263.12
HITM0013385,HORD004246,PRD0672,1,1330.59,1330.59
HITM0013386,HORD004246,PRD0244,3,847.84,2543.52
HITM0013387,HORD004246,PRD0671,1,1480.66,1480.66
HITM0013388,HORD004247,PRD0970,2,403.08,806.16
HITM0013389,HORD004248,PRD0280,1,149.57,149.57
HITM0013390,HORD004248,PRD0131,1,2047.43,2047.43
HITM0013391,HORD004248,PRD0541,1,3125.61,3125.61
HITM0013392,HORD004249,PRD0195,1,89.95,89.95
HITM0013393,HORD004249,PRD0779,1,621.7,621.7
HITM0013394,HORD004249,PRD0055,1,534.13,534.13
HITM0013395,HORD004249,PRD0242,2,390.52,781.04
HITM0013396,HORD004249,PRD0685,1,963.7,963.7
HITM0013397,HORD004250,PRD0265,2,94.03,188.06
HITM0013398,HORD004251,PRD0407,2,607.64,1215.28
HITM0013399,HORD004251,PRD0335,2,439.66,879.32
HITM0013400,HORD004251,PRD0500,2,250.29,500.58
HITM0013401,HORD004251,PRD0325,1,926.64,926.64
HITM0013402,HORD004251,PRD0319,2,882.45,1764.9
HITM0013403,HORD004252,PRD0220,1,144.35,144.35
HITM0013404,HORD004252,PRD0690,1,30.42,30.42
HITM0013405,HORD004252,PRD0073,1,1270.32,1270.32
HITM0013406,HORD004252,PRD0965,2,1142.59,2285.18
HITM0013407,HORD004253,PRD0008,1,146.16,146.16
HITM0013408,HORD004253,PRD0352,1,1200.9,1200.9
HITM0013409,HORD004253,PRD0575,1,177.67,177.67
HITM0013410,HORD004254,PRD0169,1,1449.49,1449.49
HITM0013411,HORD004254,PRD0756,2,238.54,477.08
HITM0013412,HORD004254,PRD0882,1,404.51,404.51
HITM0013413,HORD004255,PRD0170,1,202.15,202.15
HITM0013414,HORD004255,PRD0616,1,480.04,480.04
HITM0013415,HORD004256,PRD0135,1,1054.93,1054.93
HITM0013416,HORD004256,PRD0769,1,333.15,333.15
HITM0013417,HORD004256,PRD0513,1,532.33,532.33
HITM0013418,HORD004257,PRD0085,1,477.42,477.42
HITM0013419,HORD004257,PRD0223,1,1235.21,1235.21
HITM0013420,HORD004257,PRD0578,1,718.33,718.33
HITM0013421,HORD004257,PRD0668,1,982.03,982.03
HITM0013422,HORD004258,PRD0090,2,223.82,447.64
HITM0013423,HORD004259,PRD0163,1,459.77,459.77
HITM0013424,HORD004259,PRD0148,1,457.28,457.28
HITM0013425,HORD004259,PRD0872,1,1383.23,1383.23
HITM0013426,HORD004259,PRD0692,1,488.18,488.18
HITM0013427,HORD004259,PRD0227,2,1769.34,3538.68
HITM0013428,HORD004260,PRD0573,1,281.0,281.0
HITM0013429,HORD004260,PRD0324,1,632.08,632.08
HITM0013430,HORD004261,PRD0610,1,159.67,159.67
HITM0013431,HORD004261,PRD0235,2,452.44,904.88
HITM0013432,HORD004261,PRD0790,1,110.86,110.86
HITM0013433,HORD004262,PRD0317,2,2234.93,4469.86
HITM0013434,HORD004262,PRD0686,3,654.4,1963.2
HITM0013435,HORD004262,PRD0496,1,223.21,223.21
HITM0013436,HORD004262,PRD0015,1,828.91,828.91
HITM0013437,HORD004263,PRD0928,1,302.59,302.59
HITM0013438,HORD004263,PRD0575,1,177.67,177.67
HITM0013439,HORD004263,PRD0695,1,980.37,980.37
HITM0013440,HORD004263,PRD0911,1,2044.96,2044.96
HITM0013441,HORD004264,PRD0660,1,15.31,15.31
HITM0013442,HORD004264,PRD0420,3,365.11,1095.33
HITM0013443,HORD004264,PRD0974,1,701.83,701.83
HITM0013444,HORD004265,PRD0305,1,260.29,260.29
HITM0013445,HORD004265,PRD0436,1,525.13,525.13
HITM0013446,HORD004265,PRD0915,1,682.13,682.13
HITM0013447,HORD004265,PRD0627,2,869.77,1739.54
HITM0013448,HORD004265,PRD0950,2,71.67,143.34
HITM0013449,HORD004266,PRD0212,2,369.65,739.3
HITM0013450,HORD004266,PRD0090,1,223.82,223.82
HITM0013451,HORD004266,PRD0500,2,250.29,500.58
HITM0013452,HORD004266,PRD0311,1,1369.17,1369.17
HITM0013453,HORD004266,PRD0852,2,465.95,931.9
HITM0013454,HORD004267,PRD0206,1,633.94,633.94
HITM0013455,HORD004267,PRD0580,1,180.48,180.48
HITM0013456,HORD004267,PRD0414,1,1024.71,1024.71
HITM0013457,HORD004268,PRD0500,1,250.29,250.29
HITM0013458,HORD004268,PRD0207,1,2221.73,2221.73
HITM0013459,HORD004269,PRD0950,1,71.67,71.67
HITM0013460,HORD004269,PRD0736,1,828.82,828.82
HITM0013461,HORD004269,PRD0640,1,415.26,415.26
HITM0013462,HORD004270,PRD0466,1,520.19,520.19
HITM0013463,HORD004270,PRD0805,1,997.5,997.5
HITM0013464,HORD004270,PRD0246,2,674.8,1349.6
HITM0013465,HORD004271,PRD0613,1,644.35,644.35
HITM0013466,HORD004271,PRD0518,2,365.35,730.7
HITM0013467,HORD004271,PRD0058,1,137.85,137.85
HITM0013468,HORD004271,PRD0896,1,810.67,810.67
HITM0013469,HORD004272,PRD0364,1,3680.48,3680.48
HITM0013470,HORD004272,PRD0269,1,236.51,236.51
HITM0013471,HORD004272,PRD0415,1,78.5,78.5
HITM0013472,HORD004272,PRD0066,1,66.71,66.71
HITM0013473,HORD004273,PRD0289,2,553.34,1106.68
HITM0013474,HORD004273,PRD0011,1,1160.31,1160.31
HITM0013475,HORD004273,PRD0928,1,302.59,302.59
HITM0013476,HORD004274,PRD0449,1,483.76,483.76
HITM0013477,HORD004274,PRD0144,1,2737.49,2737.49
HITM0013478,HORD004274,PRD0194,1,537.22,537.22
HITM0013479,HORD004274,PRD0789,1,776.9,776.9
HITM0013480,HORD004275,PRD0356,1,215.96,215.96
HITM0013481,HORD004275,PRD0058,1,137.85,137.85
HITM0013482,HORD004276,PRD0917,1,1549.86,1549.86
HITM0013483,HORD004276,PRD0596,1,846.46,846.46
HITM0013484,HORD004276,PRD0900,1,204.44,204.44
HITM0013485,HORD004276,PRD0552,3,1741.06,5223.18
HITM0013486,HORD004276,PRD0230,1,290.53,290.53
HITM0013487,HORD004277,PRD0551,1,2017.82,2017.82
HITM0013488,HORD004277,PRD0543,1,303.53,303.53
HITM0013489,HORD004278,PRD0690,2,30.42,60.84
HITM0013490,HORD004278,PRD0983,2,854.84,1709.68
HITM0013491,HORD004278,PRD0710,3,221.52,664.56
HITM0013492,HORD004279,PRD0365,1,1165.16,1165.16
HITM0013493,HORD004279,PRD0303,1,1580.3,1580.3
HITM0013494,HORD004279,PRD0690,1,30.42,30.42
HITM0013495,HORD004280,PRD0358,1,1013.74,1013.74
HITM0013496,HORD004280,PRD0800,1,274.87,274.87
HITM0013497,HORD004280,PRD0163,2,459.77,919.54
HITM0013498,HORD004280,PRD0297,1,2214.14,2214.14
HITM0013499,HORD004281,PRD0355,3,412.17,1236.51
HITM0013500,HORD004282,PRD0785,1,91.04,91.04
HITM0013501,HORD004282,PRD0208,2,425.89,851.78
HITM0013502,HORD004282,PRD0665,1,758.8,758.8
HITM0013503,HORD004282,PRD0621,1,1275.57,1275.57
HITM0013504,HORD004283,PRD0810,2,325.73,651.46
HITM0013505,HORD004283,PRD0984,1,1014.29,1014.29
HITM0013506,HORD004283,PRD0386,1,703.44,703.44
HITM0013507,HORD004283,PRD0705,1,200.18,200.18
HITM0013508,HORD004283,PRD0627,1,869.77,869.77
HITM0013509,HORD004284,PRD0145,1,564.49,564.49
HITM0013510,HORD004285,PRD0657,1,1527.29,1527.29
HITM0013511,HORD004286,PRD0732,1,1280.4,1280.4
HITM0013512,HORD004286,PRD0580,2,180.48,360.96
HITM0013513,HORD004286,PRD0696,1,137.51,137.51
HITM0013514,HORD004286,PRD0690,1,30.42,30.42
HITM0013515,HORD004286,PRD0463,1,1498.56,1498.56
HITM0013516,HORD004287,PRD0696,1,137.51,137.51
HITM0013517,HORD004287,PRD0666,2,703.13,1406.26
HITM0013518,HORD004287,PRD0563,3,530.17,1590.51
HITM0013519,HORD004287,PRD0270,1,381.87,381.87
HITM0013520,HORD004287,PRD0617,1,2145.95,2145.95
HITM0013521,HORD004288,PRD0706,1,173.61,173.61
HITM0013522,HORD004288,PRD0612,1,1688.14,1688.14
HITM0013523,HORD004288,PRD0747,1,619.18,619.18
HITM0013524,HORD004289,PRD0032,1,581.78,581.78
HITM0013525,HORD004289,PRD0223,1,1235.21,1235.21
HITM0013526,HORD004290,PRD0940,1,200.38,200.38
HITM0013527,HORD004290,PRD0545,1,219.94,219.94
HITM0013528,HORD004290,PRD0585,1,81.84,81.84
HITM0013529,HORD004290,PRD0770,1,144.73,144.73
HITM0013530,HORD004290,PRD0511,1,2672.61,2672.61
HITM0013531,HORD004291,PRD0427,1,1212.42,1212.42
HITM0013532,HORD004291,PRD0910,1,19.2,19.2
HITM0013533,HORD004291,PRD0067,1,1666.09,1666.09
HITM0013534,HORD004292,PRD0155,2,372.71,745.42
HITM0013535,HORD004292,PRD0278,1,623.42,623.42
HITM0013536,HORD004292,PRD0487,1,136.07,136.07
HITM0013537,HORD004293,PRD0696,1,137.51,137.51
HITM0013538,HORD004293,PRD0415,1,78.5,78.5
HITM0013539,HORD004293,PRD0047,1,425.59,425.59
HITM0013540,HORD004293,PRD0356,1,215.96,215.96
HITM0013541,HORD004294,PRD0785,2,91.04,182.08
HITM0013542,HORD004294,PRD0218,1,637.83,637.83
HITM0013543,HORD004295,PRD0495,1,1086.82,1086.82
HITM0013544,HORD004295,PRD0890,1,279.59,279.59
HITM0013545,HORD004295,PRD0236,1,131.33,131.33
HITM0013546,HORD004295,PRD0126,1,273.65,273.65
HITM0013547,HORD004296,PRD0100,1,206.02,206.02
HITM0013548,HORD004296,PRD0876,2,61.28,122.56
HITM0013549,HORD004296,PRD0786,1,400.03,400.03
HITM0013550,HORD004296,PRD0427,1,1212.42,1212.42
HITM0013551,HORD004296,PRD0677,1,197.41,197.41
HITM0013552,HORD004297,PRD0655,2,261.66,523.32
HITM0013553,HORD004298,PRD0585,2,81.84,163.68
HITM0013554,HORD004298,PRD0931,1,2472.47,2472.47
HITM0013555,HORD004299,PRD0714,1,2934.49,2934.49
HITM0013556,HORD004299,PRD0182,1,680.44,680.44
HITM0013557,HORD004299,PRD0683,3,609.14,1827.42
HITM0013558,HORD004299,PRD0158,1,561.62,561.62
HITM0013559,HORD004300,PRD0430,1,126.46,126.46
HITM0013560,HORD004300,PRD0702,1,1587.86,1587.86
HITM0013561,HORD004300,PRD0614,1,2379.02,2379.02
HITM0013562,HORD004301,PRD0215,1,273.66,273.66
HITM0013563,HORD004301,PRD0392,1,647.54,647.54
HITM0013564,HORD004302,PRD0806,1,351.54,351.54
HITM0013565,HORD004302,PRD0385,1,272.03,272.03
HITM0013566,HORD004302,PRD0326,3,62.48,187.44
HITM0013567,HORD004303,PRD0704,1,3699.65,3699.65
HITM0013568,HORD004303,PRD0861,1,1625.97,1625.97
HITM0013569,HORD004303,PRD0097,1,2221.25,2221.25
HITM0013570,HORD004304,PRD0940,3,200.38,601.14
HITM0013571,HORD004304,PRD0480,1,379.33,379.33
HITM0013572,HORD004304,PRD0310,1,83.71,83.71
HITM0013573,HORD004304,PRD0552,1,1741.06,1741.06
HITM0013574,HORD004305,PRD0174,2,2319.35,4638.7
HITM0013575,HORD004305,PRD0549,1,290.7,290.7
HITM0013576,HORD004305,PRD0898,1,272.18,272.18
HITM0013577,HORD004306,PRD0040,2,239.17,478.34
HITM0013578,HORD004306,PRD0578,2,718.33,1436.66
HITM0013579,HORD004307,PRD0383,1,1128.0,1128.0
HITM0013580,HORD004307,PRD0071,2,1342.48,2684.96
HITM0013581,HORD004307,PRD0183,2,442.77,885.54
HITM0013582,HORD004308,PRD0307,1,2081.93,2081.93
HITM0013583,HORD004308,PRD0179,1,769.0,769.0
HITM0013584,HORD004309,PRD0732,1,1280.4,1280.4
HITM0013585,HORD004309,PRD0853,1,1558.78,1558.78
HITM0013586,HORD004310,PRD0910,1,19.2,19.2
HITM0013587,HORD004310,PRD0833,1,941.26,941.26
HITM0013588,HORD004310,PRD0353,1,1349.93,1349.93
HITM0013589,HORD004311,PRD0748,1,147.02,147.02
HITM0013590,HORD004311,PRD0424,2,2256.09,4512.18
HITM0013591,HORD004312,PRD0027,1,615.88,615.88
HITM0013592,HORD004313,PRD0918,1,270.82,270.82
HITM0013593,HORD004313,PRD0276,1,443.22,443.22
HITM0013594,HORD004313,PRD0470,1,116.53,116.53
HITM0013595,HORD004313,PRD0653,1,608.0,608.0
HITM0013596,HORD004314,PRD0246,1,674.8,674.8
HITM0013597,HORD004314,PRD0650,1,233.76,233.76
HITM0013598,HORD004315,PRD0937,1,2275.76,2275.76
HITM0013599,HORD004315,PRD0090,3,223.82,671.46
HITM0013600,HORD004315,PRD0586,1,110.38,110.38
HITM0013601,HORD004315,PRD0706,1,173.61,173.61
HITM0013602,HORD004316,PRD0412,1,383.4,383.4
HITM0013603,HORD004316,PRD0301,2,1027.91,2055.82
HITM0013604,HORD004316,PRD0760,2,145.6,291.2
HITM0013605,HORD004317,PRD0787,1,527.32,527.32
HITM0013606,HORD004318,PRD0611,1,1787.47,1787.47
HITM0013607,HORD004318,PRD0560,1,414.95,414.95
HITM0013608,HORD004318,PRD0767,1,2003.56,2003.56
HITM0013609,HORD004318,PRD0597,1,1647.12,1647.12
HITM0013610,HORD004319,PRD0520,1,298.12,298.12
HITM0013611,HORD004319,PRD0606,1,556.12,556.12
HITM0013612,HORD004320,PRD0118,1,578.97,578.97
HITM0013613,HORD004320,PRD0073,1,1270.32,1270.32
HITM0013614,HORD004320,PRD0322,2,1333.07,2666.14
HITM0013615,HORD004320,PRD0715,1,61.65,61.65
HITM0013616,HORD004321,PRD0700,3,105.41,316.23
HITM0013617,HORD004321,PRD0028,1,831.06,831.06
HITM0013618,HORD004322,PRD0749,2,529.95,1059.9
HITM0013619,HORD004322,PRD0715,1,61.65,61.65
HITM0013620,HORD004322,PRD0290,1,151.92,151.92
HITM0013621,HORD004322,PRD0829,1,964.04,964.04
HITM0013622,HORD004322,PRD0839,1,1311.55,1311.55
HITM0013623,HORD004323,PRD0861,1,1625.97,1625.97
HITM0013624,HORD004323,PRD0737,1,540.55,540.55
HITM0013625,HORD004324,PRD0690,1,30.42,30.42
HITM0013626,HORD004324,PRD0877,1,921.48,921.48
HITM0013627,HORD004324,PRD0787,1,527.32,527.32
HITM0013628,HORD004325,PRD0525,1,589.06,589.06
HITM0013629,HORD004325,PRD0280,1,149.57,149.57
HITM0013630,HORD004325,PRD0390,1,391.31,391.31
HITM0013631,HORD004325,PRD0148,1,457.28,457.28
HITM0013632,HORD004325,PRD0839,1,1311.55,1311.55
HITM0013633,HORD004326,PRD0035,1,215.11,215.11
HITM0013634,HORD004326,PRD0985,1,602.55,602.55
HITM0013635,HORD004327,PRD0585,1,81.84,81.84
HITM0013636,HORD004327,PRD0150,1,338.38,338.38
HITM0013637,HORD004327,PRD0956,1,86.17,86.17
HITM0013638,HORD004328,PRD0887,1,159.97,159.97
HITM0013639,HORD004328,PRD0359,1,597.95,597.95
HITM0013640,HORD004329,PRD0846,1,427.97,427.97
HITM0013641,HORD004329,PRD0296,1,767.13,767.13
HITM0013642,HORD004329,PRD0822,2,1374.65,2749.3
HITM0013643,HORD004330,PRD0827,1,1290.81,1290.81
HITM0013644,HORD004330,PRD0016,1,255.89,255.89
HITM0013645,HORD004330,PRD0543,2,303.53,607.06
HITM0013646,HORD004330,PRD0914,2,1089.48,2178.96
HITM0013647,HORD004331,PRD0022,1,1385.01,1385.01
HITM0013648,HORD004331,PRD0700,1,105.41,105.41
HITM0013649,HORD004331,PRD0853,1,1558.78,1558.78
HITM0013650,HORD004332,PRD0638,2,249.29,498.58
HITM0013651,HORD004332,PRD0335,1,439.66,439.66
HITM0013652,HORD004332,PRD0909,1,167.36,167.36
HITM0013653,HORD004333,PRD0090,1,223.82,223.82
HITM0013654,HORD004333,PRD0847,1,370.04,370.04
HITM0013655,HORD004333,PRD0407,1,607.64,607.64
HITM0013656,HORD004333,PRD0250,1,79.79,79.79
HITM0013657,HORD004334,PRD0908,1,826.2,826.2
HITM0013658,HORD004334,PRD0316,1,640.98,640.98
HITM0013659,HORD004334,PRD0551,1,2017.82,2017.82
HITM0013660,HORD004335,PRD0027,2,615.88,1231.76
HITM0013661,HORD004336,PRD0136,1,360.6,360.6
HITM0013662,HORD004336,PRD0594,1,2046.58,2046.58
HITM0013663,HORD004336,PRD0457,1,1014.79,1014.79
HITM0013664,HORD004337,PRD0770,2,144.73,289.46
HITM0013665,HORD004337,PRD0091,1,2959.54,2959.54
HITM0013666,HORD004337,PRD0199,1,1201.16,1201.16
HITM0013667,HORD004337,PRD0623,1,1221.11,1221.11
HITM0013668,HORD004337,PRD0226,2,497.16,994.32
HITM0013669,HORD004338,PRD0839,1,1311.55,1311.55
HITM0013670,HORD004338,PRD0782,1,452.61,452.61
HITM0013671,HORD004338,PRD0307,1,2081.93,2081.93
HITM0013672,HORD004338,PRD0369,2,123.0,246.0
HITM0013673,HORD004338,PRD0742,1,1738.97,1738.97
HITM0013674,HORD004339,PRD0090,1,223.82,223.82
HITM0013675,HORD004339,PRD0080,1,15.23,15.23
HITM0013676,HORD004339,PRD0619,1,394.74,394.74
HITM0013677,HORD004340,PRD0562,1,1226.97,1226.97
HITM0013678,HORD004340,PRD0716,2,197.99,395.98
HITM0013679,HORD004340,PRD0661,1,1048.18,1048.18
HITM0013680,HORD004341,PRD0901,1,1092.12,1092.12
HITM0013681,HORD004341,PRD0102,1,1075.3,1075.3
HITM0013682,HORD004341,PRD0162,1,1783.95,1783.95
HITM0013683,HORD004341,PRD0039,2,951.13,1902.26
HITM0013684,HORD004342,PRD0967,1,530.38,530.38
HITM0013685,HORD004342,PRD0419,1,1458.66,1458.66
HITM0013686,HORD004342,PRD0384,1,2615.99,2615.99
HITM0013687,HORD004342,PRD0889,1,893.76,893.76
HITM0013688,HORD004343,PRD0936,1,214.36,214.36
HITM0013689,HORD004343,PRD0260,3,386.46,1159.38
HITM0013690,HORD004343,PRD0378,1,472.12,472.12
HITM0013691,HORD004344,PRD0953,1,1430.97,1430.97
HITM0013692,HORD004345,PRD0485,1,178.75,178.75
HITM0013693,HORD004345,PRD0425,2,615.94,1231.88
HITM0013694,HORD004345,PRD0609,2,510.8,1021.6
HITM0013695,HORD004346,PRD0866,1,684.58,684.58
HITM0013696,HORD004346,PRD0444,1,617.76,617.76
HITM0013697,HORD004346,PRD0078,1,1051.69,1051.69
HITM0013698,HORD004346,PRD0694,1,1984.32,1984.32
HITM0013699,HORD004347,PRD0936,1,214.36,214.36
HITM0013700,HORD004347,PRD0005,1,503.71,503.71
HITM0013701,HORD004347,PRD0530,1,210.45,210.45
HITM0013702,HORD004347,PRD0387,1,2307.58,2307.58
HITM0013703,HORD004347,PRD0690,1,30.42,30.42
HITM0013704,HORD004348,PRD0275,1,928.24,928.24
HITM0013705,HORD004348,PRD0005,1,503.71,503.71
HITM0013706,HORD004348,PRD0046,1,355.51,355.51
HITM0013707,HORD004349,PRD0139,2,1416.61,2833.22
HITM0013708,HORD004349,PRD0828,1,457.81,457.81
HITM0013709,HORD004349,PRD0872,2,1383.23,2766.46
HITM0013710,HORD004349,PRD0757,1,1258.09,1258.09
HITM0013711,HORD004349,PRD0696,1,137.51,137.51
HITM0013712,HORD004350,PRD0226,1,497.16,497.16
HITM0013713,HORD004351,PRD0679,1,1370.51,1370.51
HITM0013714,HORD004351,PRD0918,3,270.82,812.46
HITM0013715,HORD004351,PRD0279,1,165.58,165.58
HITM0013716,HORD004352,PRD0991,1,1900.16,1900.16
HITM0013717,HORD004352,PRD0350,2,175.83,351.66
HITM0013718,HORD004352,PRD0134,1,1214.25,1214.25
HITM0013719,HORD004352,PRD0790,1,110.86,110.86
HITM0013720,HORD004353,PRD0611,2,1787.47,3574.94
HITM0013721,HORD004353,PRD0679,1,1370.51,1370.51
HITM0013722,HORD004353,PRD0949,1,541.69,541.69
HITM0013723,HORD004354,PRD0095,1,697.69,697.69
HITM0013724,HORD004354,PRD0753,1,272.68,272.68
HITM0013725,HORD004355,PRD0051,1,2153.52,2153.52
HITM0013726,HORD004355,PRD0137,1,1138.46,1138.46
HITM0013727,HORD004355,PRD0736,1,828.82,828.82
HITM0013728,HORD004355,PRD0972,1,690.82,690.82
HITM0013729,HORD004355,PRD0202,1,1282.0,1282.0
HITM0013730,HORD004356,PRD0012,1,711.13,711.13
HITM0013731,HORD004356,PRD0774,1,3381.71,3381.71
HITM0013732,HORD004357,PRD0107,1,1780.98,1780.98
HITM0013733,HORD004357,PRD0607,1,1809.95,1809.95
HITM0013734,HORD004357,PRD0490,1,337.69,337.69
HITM0013735,HORD004357,PRD0399,2,273.24,546.48
HITM0013736,HORD004358,PRD0628,1,62.19,62.19
HITM0013737,HORD004358,PRD0392,1,647.54,647.54
HITM0013738,HORD004359,PRD0661,1,1048.18,1048.18
HITM0013739,HORD004359,PRD0620,1,220.61,220.61
HITM0013740,HORD004359,PRD0487,1,136.07,136.07
HITM0013741,HORD004359,PRD0535,1,1030.78,1030.78
HITM0013742,HORD004360,PRD0186,1,280.16,280.16
HITM0013743,HORD004360,PRD0836,2,826.24,1652.48
HITM0013744,HORD004360,PRD0106,1,40.68,40.68
HITM0013745,HORD004361,PRD0578,1,718.33,718.33
HITM0013746,HORD004361,PRD0258,3,649.82,1949.46
HITM0013747,HORD004362,PRD0245,1,616.59,616.59
HITM0013748,HORD004362,PRD0423,1,1099.29,1099.29
HITM0013749,HORD004362,PRD0420,2,365.11,730.22
HITM0013750,HORD004363,PRD0844,1,1595.23,1595.23
HITM0013751,HORD004363,PRD0808,2,566.96,1133.92
HITM0013752,HORD004363,PRD0254,1,952.39,952.39
HITM0013753,HORD004364,PRD0357,3,2299.18,6897.54
HITM0013754,HORD004364,PRD0580,1,180.48,180.48
HITM0013755,HORD004365,PRD0580,1,180.48,180.48
HITM0013756,HORD004365,PRD0243,1,1176.42,1176.42
HITM0013757,HORD004365,PRD0989,1,1013.01,1013.01
HITM0013758,HORD004365,PRD0448,1,974.99,974.99
HITM0013759,HORD004366,PRD0094,1,627.77,627.77
HITM0013760,HORD004366,PRD0681,2,963.93,1927.86
HITM0013761,HORD004366,PRD0607,1,1809.95,1809.95
HITM0013762,HORD004366,PRD0967,1,530.38,530.38
HITM0013763,HORD004367,PRD0729,1,691.76,691.76
HITM0013764,HORD004367,PRD0385,1,272.03,272.03
HITM0013765,HORD004367,PRD0857,3,998.5,2995.5
HITM0013766,HORD004368,PRD0748,1,147.02,147.02
HITM0013767,HORD004368,PRD0945,3,113.23,339.69
HITM0013768,HORD004368,PRD0351,2,1823.65,3647.3
HITM0013769,HORD004369,PRD0703,1,289.3,289.3
HITM0013770,HORD004369,PRD0222,1,1210.33,1210.33
HITM0013771,HORD004369,PRD0143,1,926.46,926.46
HITM0013772,HORD004369,PRD0578,1,718.33,718.33
HITM0013773,HORD004370,PRD0630,1,399.15,399.15
HITM0013774,HORD004370,PRD0220,1,144.35,144.35
HITM0013775,HORD004370,PRD0665,1,758.8,758.8
HITM0013776,HORD004371,PRD0843,1,676.52,676.52
HITM0013777,HORD004371,PRD0183,1,442.77,442.77
HITM0013778,HORD004371,PRD0939,1,866.1,866.1
HITM0013779,HORD004371,PRD0265,1,94.03,94.03
HITM0013780,HORD004372,PRD0680,1,369.12,369.12
HITM0013781,HORD004372,PRD0101,1,1188.71,1188.71
HITM0013782,HORD004372,PRD0915,1,682.13,682.13
HITM0013783,HORD004372,PRD0529,1,915.61,915.61
HITM0013784,HORD004373,PRD0298,1,724.89,724.89
HITM0013785,HORD004373,PRD0367,1,179.97,179.97
HITM0013786,HORD004373,PRD0536,1,274.78,274.78
HITM0013787,HORD004374,PRD0707,1,1182.83,1182.83
HITM0013788,HORD004374,PRD0320,1,190.98,190.98
HITM0013789,HORD004375,PRD0782,1,452.61,452.61
HITM0013790,HORD004375,PRD0031,1,2841.2,2841.2
HITM0013791,HORD004375,PRD0935,1,41.85,41.85
HITM0013792,HORD004376,PRD0886,1,529.82,529.82
HITM0013793,HORD004376,PRD0340,1,244.07,244.07
HITM0013794,HORD004376,PRD0963,1,464.21,464.21
HITM0013795,HORD004376,PRD0738,1,778.08,778.08
HITM0013796,HORD004377,PRD0424,2,2256.09,4512.18
HITM0013797,HORD004377,PRD0613,1,644.35,644.35
HITM0013798,HORD004377,PRD0579,1,1153.54,1153.54
HITM0013799,HORD004377,PRD0668,1,982.03,982.03
HITM0013800,HORD004378,PRD0794,2,464.13,928.26
HITM0013801,HORD004378,PRD0828,2,457.81,915.62
HITM0013802,HORD004378,PRD0331,1,1007.66,1007.66
HITM0013803,HORD004379,PRD0289,1,553.34,553.34
HITM0013804,HORD004379,PRD0877,1,921.48,921.48
HITM0013805,HORD004379,PRD0076,1,729.89,729.89
HITM0013806,HORD004379,PRD0269,1,236.51,236.51
HITM0013807,HORD004379,PRD0026,1,841.05,841.05
HITM0013808,HORD004380,PRD0935,1,41.85,41.85
HITM0013809,HORD004380,PRD0381,1,2583.59,2583.59
HITM0013810,HORD004380,PRD0862,1,1164.81,1164.81
HITM0013811,HORD004380,PRD0066,1,66.71,66.71
HITM0013812,HORD004381,PRD0149,1,427.78,427.78
HITM0013813,HORD004381,PRD0960,1,155.66,155.66
HITM0013814,HORD004381,PRD0350,1,175.83,175.83
HITM0013815,HORD004382,PRD0609,2,510.8,1021.6
HITM0013816,HORD004382,PRD0560,1,414.95,414.95
HITM0013817,HORD004382,PRD0621,1,1275.57,1275.57
HITM0013818,HORD004382,PRD0841,1,2157.33,2157.33
HITM0013819,HORD004383,PRD0236,1,131.33,131.33
HITM0013820,HORD004383,PRD0932,1,1610.28,1610.28
HITM0013821,HORD004383,PRD0190,2,274.29,548.58
HITM0013822,HORD004384,PRD0792,1,1199.37,1199.37
HITM0013823,HORD004385,PRD0645,2,206.79,413.58
HITM0013824,HORD004385,PRD0671,1,1480.66,1480.66
HITM0013825,HORD004386,PRD0952,1,550.92,550.92
HITM0013826,HORD004386,PRD0577,1,2330.53,2330.53
HITM0013827,HORD004386,PRD0795,1,1118.81,1118.81
HITM0013828,HORD004387,PRD0727,1,1874.18,1874.18
HITM0013829,HORD004387,PRD0589,3,241.6,724.8
HITM0013830,HORD004387,PRD0155,1,372.71,372.71
HITM0013831,HORD004387,PRD0670,1,152.13,152.13
HITM0013832,HORD004387,PRD0082,2,1853.06,3706.12
HITM0013833,HORD004388,PRD0011,1,1160.31,1160.31
HITM0013834,HORD004388,PRD0547,1,2316.63,2316.63
HITM0013835,HORD004388,PRD0573,1,281.0,281.0
HITM0013836,HORD004389,PRD0714,2,2934.49,5868.98
HITM0013837,HORD004389,PRD0147,2,1002.37,2004.74
HITM0013838,HORD004389,PRD0726,2,479.51,959.02
HITM0013839,HORD004390,PRD0490,1,337.69,337.69
HITM0013840,HORD004390,PRD0731,2,1026.14,2052.28
HITM0013841,HORD004391,PRD0662,1,808.63,808.63
HITM0013842,HORD004391,PRD0487,2,136.07,272.14
HITM0013843,HORD004391,PRD0914,1,1089.48,1089.48
HITM0013844,HORD004392,PRD0388,1,981.72,981.72
HITM0013845,HORD004392,PRD0162,1,1783.95,1783.95
HITM0013846,HORD004392,PRD0964,1,449.57,449.57
HITM0013847,HORD004393,PRD0731,1,1026.14,1026.14
HITM0013848,HORD004393,PRD0130,2,234.4,468.8
HITM0013849,HORD004394,PRD0045,2,124.62,249.24
HITM0013850,HORD004394,PRD0104,1,1407.8,1407.8
HITM0013851,HORD004394,PRD0292,1,1683.43,1683.43
HITM0013852,HORD004395,PRD0696,1,137.51,137.51
HITM0013853,HORD004395,PRD0898,1,272.18,272.18
HITM0013854,HORD004395,PRD0449,1,483.76,483.76
HITM0013855,HORD004396,PRD0115,1,678.71,678.71
HITM0013856,HORD004396,PRD0748,1,147.02,147.02
HITM0013857,HORD004396,PRD0734,2,3509.26,7018.52
HITM0013858,HORD004397,PRD0807,1,1766.65,1766.65
HITM0013859,HORD004397,PRD0853,1,1558.78,1558.78
HITM0013860,HORD004397,PRD0218,1,637.83,637.83
HITM0013861,HORD004397,PRD0016,3,255.89,767.67
HITM0013862,HORD004397,PRD0135,2,1054.93,2109.86
HITM0013863,HORD004398,PRD0074,1,587.22,587.22
HITM0013864,HORD004398,PRD0654,1,2311.57,2311.57
HITM0013865,HORD004398,PRD0063,1,1461.12,1461.12
HITM0013866,HORD004399,PRD0266,2,667.96,1335.92
HITM0013867,HORD004399,PRD0655,1,261.66,261.66
HITM0013868,HORD004399,PRD0449,1,483.76,483.76
HITM0013869,HORD004399,PRD0009,1,1213.1,1213.1
HITM0013870,HORD004400,PRD0854,1,2184.3,2184.3
HITM0013871,HORD004400,PRD0818,1,1065.11,1065.11
HITM0013872,HORD004400,PRD0832,2,1257.86,2515.72
HITM0013873,HORD004400,PRD0806,1,351.54,351.54
HITM0013874,HORD004400,PRD0220,1,144.35,144.35
HITM0013875,HORD004401,PRD0298,2,724.89,1449.78
HITM0013876,HORD004401,PRD0825,1,606.92,606.92
HITM0013877,HORD004402,PRD0067,1,1666.09,1666.09
HITM0013878,HORD004402,PRD0360,1,362.06,362.06
HITM0013879,HORD004402,PRD0402,1,335.07,335.07
HITM0013880,HORD004402,PRD0790,1,110.86,110.86
HITM0013881,HORD004403,PRD0628,1,62.19,62.19
HITM0013882,HORD004403,PRD0410,1,212.08,212.08
HITM0013883,HORD004403,PRD0898,2,272.18,544.36
HITM0013884,HORD004404,PRD0324,1,632.08,632.08
HITM0013885,HORD004404,PRD0250,1,79.79,79.79
HITM0013886,HORD004404,PRD0951,1,1391.02,1391.02
HITM0013887,HORD004404,PRD0573,1,281.0,281.0
HITM0013888,HORD004404,PRD0053,1,884.08,884.08
HITM0013889,HORD004405,PRD0992,1,1671.9,1671.9
HITM0013890,HORD004405,PRD0153,1,718.81,718.81
HITM0013891,HORD004405,PRD0433,2,983.68,1967.36
HITM0013892,HORD004405,PRD0305,1,260.29,260.29
HITM0013893,HORD004406,PRD0358,1,1013.74,1013.74
HITM0013894,HORD004406,PRD0123,1,906.0,906.0
HITM0013895,HORD004406,PRD0958,3,997.87,2993.61
HITM0013896,HORD004406,PRD0681,1,963.93,963.93
HITM0013897,HORD004407,PRD0499,1,253.73,253.73
HITM0013898,HORD004407,PRD0538,1,986.28,986.28
HITM0013899,HORD004407,PRD0700,2,105.41,210.82
HITM0013900,HORD004407,PRD0545,1,219.94,219.94
HITM0013901,HORD004408,PRD0927,1,1547.06,1547.06
HITM0013902,HORD004408,PRD0249,1,1193.82,1193.82
HITM0013903,HORD004409,PRD0238,1,814.82,814.82
HITM0013904,HORD004409,PRD0619,3,394.74,1184.22
HITM0013905,HORD004409,PRD0029,1,476.78,476.78
HITM0013906,HORD004409,PRD0825,1,606.92,606.92
HITM0013907,HORD004410,PRD0483,1,998.58,998.58
HITM0013908,HORD004411,PRD0160,1,140.78,140.78
HITM0013909,HORD004411,PRD0706,1,173.61,173.61
HITM0013910,HORD004411,PRD0250,1,79.79,79.79
HITM0013911,HORD004412,PRD0166,1,401.82,401.82
HITM0013912,HORD004412,PRD0374,1,1846.98,1846.98
HITM0013913,HORD004412,PRD0681,3,963.93,2891.79
HITM0013914,HORD004413,PRD0368,1,372.64,372.64
HITM0013915,HORD004413,PRD0280,1,149.57,149.57
HITM0013916,HORD004413,PRD0490,2,337.69,675.38
HITM0013917,HORD004414,PRD0981,1,2016.47,2016.47
HITM0013918,HORD004414,PRD0971,1,2276.46,2276.46
HITM0013919,HORD004414,PRD0002,1,1391.38,1391.38
HITM0013920,HORD004414,PRD0098,3,848.52,2545.56
HITM0013921,HORD004415,PRD0288,1,324.08,324.08
HITM0013922,HORD004415,PRD0345,1,437.36,437.36
HITM0013923,HORD004415,PRD0146,1,508.56,508.56
HITM0013924,HORD004415,PRD0229,1,963.55,963.55
HITM0013925,HORD004416,PRD0890,2,279.59,559.18
HITM0013926,HORD004416,PRD0216,3,503.39,1510.17
HITM0013927,HORD004416,PRD0690,1,30.42,30.42
HITM0013928,HORD004417,PRD0099,1,245.95,245.95
HITM0013929,HORD004417,PRD0903,1,805.15,805.15
HITM0013930,HORD004417,PRD0901,1,1092.12,1092.12
HITM0013931,HORD004417,PRD0578,1,718.33,718.33
HITM0013932,HORD004417,PRD0935,2,41.85,83.7
HITM0013933,HORD004418,PRD0588,1,828.34,828.34
HITM0013934,HORD004418,PRD0708,1,545.08,545.08
HITM0013935,HORD004418,PRD0496,1,223.21,223.21
HITM0013936,HORD004418,PRD0027,1,615.88,615.88
HITM0013937,HORD004418,PRD0603,1,851.99,851.99
HITM0013938,HORD004419,PRD0685,2,963.7,1927.4
HITM0013939,HORD004419,PRD0973,3,975.98,2927.94
HITM0013940,HORD004419,PRD0459,2,553.35,1106.7
HITM0013941,HORD004420,PRD0554,1,2812.01,2812.01
HITM0013942,HORD004420,PRD0579,1,1153.54,1153.54
HITM0013943,HORD004420,PRD0893,1,739.92,739.92
HITM0013944,HORD004420,PRD0740,1,326.46,326.46
HITM0013945,HORD004420,PRD0308,2,1088.84,2177.68
HITM0013946,HORD004421,PRD0026,1,841.05,841.05
HITM0013947,HORD004421,PRD0376,1,689.26,689.26
HITM0013948,HORD004421,PRD0220,1,144.35,144.35
HITM0013949,HORD004422,PRD0328,1,490.58,490.58
HITM0013950,HORD004422,PRD0337,2,2341.34,4682.68
HITM0013951,HORD004422,PRD0539,1,968.63,968.63
HITM0013952,HORD004422,PRD0897,1,368.24,368.24
HITM0013953,HORD004422,PRD0828,1,457.81,457.81
HITM0013954,HORD004423,PRD0466,1,520.19,520.19
HITM0013955,HORD004423,PRD0273,1,697.23,697.23
HITM0013956,HORD004423,PRD0950,1,71.67,71.67
HITM0013957,HORD004424,PRD0031,1,2841.2,2841.2
HITM0013958,HORD004424,PRD0812,1,972.39,972.39
HITM0013959,HORD004425,PRD0949,1,541.69,541.69
HITM0013960,HORD004425,PRD0545,1,219.94,219.94
HITM0013961,HORD004426,PRD0087,1,164.58,164.58
HITM0013962,HORD004426,PRD0513,1,532.33,532.33
HITM0013963,HORD004427,PRD0427,1,1212.42,1212.42
HITM0013964,HORD004427,PRD0006,1,319.31,319.31
HITM0013965,HORD004428,PRD0750,1,181.18,181.18
HITM0013966,HORD004428,PRD0852,1,465.95,465.95
HITM0013967,HORD004428,PRD0236,1,131.33,131.33
HITM0013968,HORD004429,PRD0705,3,200.18,600.54
HITM0013969,HORD004429,PRD0255,1,718.45,718.45
HITM0013970,HORD004429,PRD0066,2,66.71,133.42
HITM0013971,HORD004430,PRD0609,1,510.8,510.8
HITM0013972,HORD004430,PRD0159,1,1223.4,1223.4
HITM0013973,HORD004430,PRD0295,2,1095.89,2191.78
HITM0013974,HORD004430,PRD0700,1,105.41,105.41
HITM0013975,HORD004431,PRD0019,1,1020.41,1020.41
HITM0013976,HORD004431,PRD0634,1,2121.75,2121.75
HITM0013977,HORD004431,PRD0926,1,315.02,315.02
HITM0013978,HORD004431,PRD0927,1,1547.06,1547.06
HITM0013979,HORD004431,PRD0513,1,532.33,532.33
HITM0013980,HORD004432,PRD0095,1,697.69,697.69
HITM0013981,HORD004432,PRD0956,1,86.17,86.17
HITM0013982,HORD004432,PRD0690,2,30.42,60.84
HITM0013983,HORD004432,PRD0200,2,160.69,321.38
HITM0013984,HORD004433,PRD0121,1,2314.16,2314.16
HITM0013985,HORD004433,PRD0953,2,1430.97,2861.94
HITM0013986,HORD004433,PRD0105,1,431.76,431.76
HITM0013987,HORD004434,PRD0603,1,851.99,851.99
HITM0013988,HORD004434,PRD0732,2,1280.4,2560.8
HITM0013989,HORD004434,PRD0111,1,2227.8,2227.8
HITM0013990,HORD004435,PRD0589,2,241.6,483.2
HITM0013991,HORD004435,PRD0330,1,222.78,222.78
HITM0013992,HORD004435,PRD0778,1,769.84,769.84
HITM0013993,HORD004435,PRD0766,2,734.79,1469.58
HITM0013994,HORD004435,PRD0356,1,215.96,215.96
HITM0013995,HORD004436,PRD0718,1,214.61,214.61
HITM0013996,HORD004436,PRD0402,2,335.07,670.14
HITM0013997,HORD004436,PRD0930,1,360.98,360.98
HITM0013998,HORD004437,PRD0612,2,1688.14,3376.28
HITM0013999,HORD004437,PRD0802,1,593.98,593.98
HITM0014000,HORD004437,PRD0845,1,1093.84,1093.84
HITM0014001,HORD004437,PRD0858,1,188.42,188.42
HITM0014002,HORD004438,PRD0840,1,48.65,48.65
HITM0014003,HORD004438,PRD0770,1,144.73,144.73
HITM0014004,HORD004438,PRD0085,1,477.42,477.42
HITM0014005,HORD004438,PRD0907,2,1941.5,3883.0
HITM0014006,HORD004439,PRD0388,1,981.72,981.72
HITM0014007,HORD004439,PRD0050,3,56.24,168.72
HITM0014008,HORD004440,PRD0345,1,437.36,437.36
HITM0014009,HORD004440,PRD0080,2,15.23,30.46
HITM0014010,HORD004440,PRD0673,2,1159.13,2318.26
HITM0014011,HORD004440,PRD0129,1,1446.26,1446.26
HITM0014012,HORD004440,PRD0714,1,2934.49,2934.49
HITM0014013,HORD004441,PRD0424,1,2256.09,2256.09
HITM0014014,HORD004441,PRD0593,1,703.89,703.89
HITM0014015,HORD004441,PRD0301,2,1027.91,2055.82
HITM0014016,HORD004441,PRD0806,1,351.54,351.54
HITM0014017,HORD004441,PRD0262,1,973.33,973.33
HITM0014018,HORD004442,PRD0942,2,500.96,1001.92
HITM0014019,HORD004442,PRD0580,1,180.48,180.48
HITM0014020,HORD004442,PRD0087,1,164.58,164.58
HITM0014021,HORD004442,PRD0425,1,615.94,615.94
HITM0014022,HORD004443,PRD0424,2,2256.09,4512.18
HITM0014023,HORD004443,PRD0460,2,250.7,501.4
HITM0014024,HORD004443,PRD0120,1,46.82,46.82
HITM0014025,HORD004444,PRD0886,1,529.82,529.82
HITM0014026,HORD004445,PRD0654,1,2311.57,2311.57
HITM0014027,HORD004445,PRD0067,1,1666.09,1666.09
HITM0014028,HORD004445,PRD0850,1,312.03,312.03
HITM0014029,HORD004446,PRD0288,1,324.08,324.08
HITM0014030,HORD004446,PRD0639,2,912.42,1824.84
HITM0014031,HORD004446,PRD0784,1,1118.82,1118.82
HITM0014032,HORD004446,PRD0168,1,654.31,654.31
HITM0014033,HORD004447,PRD0315,1,197.15,197.15
HITM0014034,HORD004447,PRD0245,1,616.59,616.59
HITM0014035,HORD004447,PRD0426,1,571.98,571.98
HITM0014036,HORD004448,PRD0699,1,508.79,508.79
HITM0014037,HORD004448,PRD0048,1,176.51,176.51
HITM0014038,HORD004448,PRD0537,3,669.66,2008.98
HITM0014039,HORD004448,PRD0796,1,214.68,214.68
HITM0014040,HORD004448,PRD0215,1,273.66,273.66
HITM0014041,HORD004449,PRD0265,1,94.03,94.03
HITM0014042,HORD004449,PRD0082,1,1853.06,1853.06
HITM0014043,HORD004449,PRD0178,1,184.26,184.26
HITM0014044,HORD004450,PRD0918,1,270.82,270.82
HITM0014045,HORD004450,PRD0264,2,2735.39,5470.78
HITM0014046,HORD004450,PRD0636,1,801.41,801.41
HITM0014047,HORD004450,PRD0842,2,1418.63,2837.26
HITM0014048,HORD004451,PRD0928,1,302.59,302.59
HITM0014049,HORD004451,PRD0760,1,145.6,145.6
HITM0014050,HORD004451,PRD0043,2,1487.36,2974.72
HITM0014051,HORD004452,PRD0439,1,1460.48,1460.48
HITM0014052,HORD004452,PRD0890,1,279.59,279.59
HITM0014053,HORD004452,PRD0449,1,483.76,483.76
HITM0014054,HORD004453,PRD0499,2,253.73,507.46
HITM0014055,HORD004453,PRD0058,1,137.85,137.85
HITM0014056,HORD004453,PRD0675,1,98.97,98.97
HITM0014057,HORD004453,PRD0905,2,951.23,1902.46
HITM0014058,HORD004454,PRD0552,1,1741.06,1741.06
HITM0014059,HORD004454,PRD0801,2,1009.09,2018.18
HITM0014060,HORD004454,PRD0166,1,401.82,401.82
HITM0014061,HORD004454,PRD0032,2,581.78,1163.56
HITM0014062,HORD004455,PRD0624,1,588.21,588.21
HITM0014063,HORD004455,PRD0098,2,848.52,1697.04
HITM0014064,HORD004456,PRD0908,1,826.2,826.2
HITM0014065,HORD004456,PRD0388,1,981.72,981.72
HITM0014066,HORD004456,PRD0080,2,15.23,30.46
HITM0014067,HORD004457,PRD0596,1,846.46,846.46
HITM0014068,HORD004457,PRD0755,2,417.76,835.52
HITM0014069,HORD004458,PRD0300,1,305.18,305.18
HITM0014070,HORD004458,PRD0141,2,2256.8,4513.6
HITM0014071,HORD004458,PRD0160,2,140.78,281.56
HITM0014072,HORD004458,PRD0446,2,132.64,265.28
HITM0014073,HORD004458,PRD0960,1,155.66,155.66
HITM0014074,HORD004459,PRD0023,1,620.72,620.72
HITM0014075,HORD004459,PRD0746,2,683.7,1367.4
HITM0014076,HORD004459,PRD0106,1,40.68,40.68
HITM0014077,HORD004459,PRD0236,1,131.33,131.33
HITM0014078,HORD004460,PRD0986,2,445.06,890.12
HITM0014079,HORD004460,PRD0211,2,2355.83,4711.66
HITM0014080,HORD004460,PRD0007,1,1073.56,1073.56
HITM0014081,HORD004460,PRD0074,2,587.22,1174.44
HITM0014082,HORD004461,PRD0880,2,148.01,296.02
HITM0014083,HORD004461,PRD0473,1,1395.59,1395.59
HITM0014084,HORD004461,PRD0522,1,1323.78,1323.78
HITM0014085,HORD004461,PRD0042,1,1502.85,1502.85
HITM0014086,HORD004462,PRD0543,2,303.53,607.06
HITM0014087,HORD004462,PRD0382,1,1459.89,1459.89
HITM0014088,HORD004463,PRD0266,1,667.96,667.96
HITM0014089,HORD004463,PRD0164,1,1650.2,1650.2
HITM0014090,HORD004463,PRD0676,1,499.99,499.99
HITM0014091,HORD004463,PRD0512,1,1057.04,1057.04
HITM0014092,HORD004463,PRD0246,1,674.8,674.8
HITM0014093,HORD004464,PRD0951,2,1391.02,2782.04
HITM0014094,HORD004464,PRD0932,2,1610.28,3220.56
HITM0014095,HORD004465,PRD0526,1,84.58,84.58
HITM0014096,HORD004465,PRD0669,1,603.87,603.87
HITM0014097,HORD004466,PRD0978,1,897.68,897.68
HITM0014098,HORD004466,PRD0662,1,808.63,808.63
HITM0014099,HORD004466,PRD0701,3,3133.77,9401.31
HITM0014100,HORD004466,PRD0175,1,883.13,883.13
HITM0014101,HORD004466,PRD0050,2,56.24,112.48
HITM0014102,HORD004467,PRD0328,1,490.58,490.58
HITM0014103,HORD004467,PRD0509,1,306.02,306.02
HITM0014104,HORD004467,PRD0412,1,383.4,383.4
HITM0014105,HORD004468,PRD0143,2,926.46,1852.92
HITM0014106,HORD004469,PRD0750,2,181.18,362.36
HITM0014107,HORD004469,PRD0217,2,648.29,1296.58
HITM0014108,HORD004470,PRD0707,1,1182.83,1182.83
HITM0014109,HORD004470,PRD0493,1,1091.53,1091.53
HITM0014110,HORD004470,PRD0109,3,326.84,980.52
HITM0014111,HORD004471,PRD0203,2,1327.73,2655.46
HITM0014112,HORD004471,PRD0128,1,237.78,237.78
HITM0014113,HORD004471,PRD0520,1,298.12,298.12
HITM0014114,HORD004471,PRD0453,1,1232.3,1232.3
HITM0014115,HORD004472,PRD0256,3,297.13,891.39
HITM0014116,HORD004473,PRD0927,1,1547.06,1547.06
HITM0014117,HORD004473,PRD0396,1,672.25,672.25
HITM0014118,HORD004473,PRD0936,1,214.36,214.36
HITM0014119,HORD004474,PRD0880,2,148.01,296.02
HITM0014120,HORD004474,PRD0058,1,137.85,137.85
HITM0014121,HORD004475,PRD0914,1,1089.48,1089.48
HITM0014122,HORD004475,PRD0793,1,476.45,476.45
HITM0014123,HORD004476,PRD0389,1,452.02,452.02
HITM0014124,HORD004476,PRD0002,1,1391.38,1391.38
HITM0014125,HORD004476,PRD0401,1,2421.46,2421.46
HITM0014126,HORD004476,PRD0811,1,1099.78,1099.78
HITM0014127,HORD004477,PRD0040,1,239.17,239.17
HITM0014128,HORD004477,PRD0897,1,368.24,368.24
HITM0014129,HORD004477,PRD0233,1,804.27,804.27
HITM0014130,HORD004478,PRD0683,1,609.14,609.14
HITM0014131,HORD004479,PRD0518,2,365.35,730.7
HITM0014132,HORD004479,PRD0823,1,631.56,631.56
HITM0014133,HORD004479,PRD0601,1,2323.87,2323.87
HITM0014134,HORD004480,PRD0818,1,1065.11,1065.11
HITM0014135,HORD004480,PRD0534,1,3831.9,3831.9
HITM0014136,HORD004480,PRD0361,1,1242.28,1242.28
HITM0014137,HORD004480,PRD0204,1,2130.68,2130.68
HITM0014138,HORD004481,PRD0449,1,483.76,483.76
HITM0014139,HORD004481,PRD0730,1,241.01,241.01
HITM0014140,HORD004481,PRD0089,2,1041.14,2082.28
HITM0014141,HORD004482,PRD0556,1,177.48,177.48
HITM0014142,HORD004483,PRD0980,1,286.55,286.55
HITM0014143,HORD004483,PRD0592,2,471.73,943.46
HITM0014144,HORD004483,PRD0650,1,233.76,233.76
HITM0014145,HORD004484,PRD0136,1,360.6,360.6
HITM0014146,HORD004484,PRD0458,1,960.04,960.04
HITM0014147,HORD004484,PRD0663,1,337.29,337.29
HITM0014148,HORD004484,PRD0733,1,1586.43,1586.43
HITM0014149,HORD004485,PRD0061,2,1070.18,2140.36
HITM0014150,HORD004485,PRD0909,1,167.36,167.36
HITM0014151,HORD004486,PRD0193,1,596.94,596.94
HITM0014152,HORD004486,PRD0260,1,386.46,386.46
HITM0014153,HORD004486,PRD0036,1,120.39,120.39
HITM0014154,HORD004487,PRD0725,1,107.02,107.02
HITM0014155,HORD004487,PRD0140,1,394.57,394.57
HITM0014156,HORD004488,PRD0917,1,1549.86,1549.86
HITM0014157,HORD004488,PRD0786,1,400.03,400.03
HITM0014158,HORD004488,PRD0310,2,83.71,167.42
HITM0014159,HORD004488,PRD0760,1,145.6,145.6
HITM0014160,HORD004488,PRD0695,3,980.37,2941.11
HITM0014161,HORD004489,PRD0219,1,227.25,227.25
HITM0014162,HORD004489,PRD0753,1,272.68,272.68
HITM0014163,HORD004490,PRD0909,1,167.36,167.36
HITM0014164,HORD004490,PRD0486,1,297.99,297.99
HITM0014165,HORD004490,PRD0312,1,1449.43,1449.43
HITM0014166,HORD004490,PRD0120,1,46.82,46.82
HITM0014167,HORD004491,PRD0709,1,928.13,928.13
HITM0014168,HORD004492,PRD0400,1,158.67,158.67
HITM0014169,HORD004492,PRD0699,1,508.79,508.79
HITM0014170,HORD004492,PRD0509,1,306.02,306.02
HITM0014171,HORD004493,PRD0940,2,200.38,400.76
HITM0014172,HORD004493,PRD0578,2,718.33,1436.66
HITM0014173,HORD004493,PRD0904,2,1097.17,2194.34
HITM0014174,HORD004494,PRD0486,1,297.99,297.99
HITM0014175,HORD004494,PRD0810,1,325.73,325.73
HITM0014176,HORD004494,PRD0277,2,1740.27,3480.54
HITM0014177,HORD004494,PRD0630,1,399.15,399.15
HITM0014178,HORD004495,PRD0533,1,367.95,367.95
HITM0014179,HORD004495,PRD0622,1,678.69,678.69
HITM0014180,HORD004495,PRD0755,1,417.76,417.76
HITM0014181,HORD004495,PRD0406,1,403.51,403.51
HITM0014182,HORD004496,PRD0245,2,616.59,1233.18
HITM0014183,HORD004496,PRD0853,2,1558.78,3117.56
HITM0014184,HORD004496,PRD0634,1,2121.75,2121.75
HITM0014185,HORD004497,PRD0937,3,2275.76,6827.28
HITM0014186,HORD004497,PRD0479,1,527.96,527.96
HITM0014187,HORD004497,PRD0974,2,701.83,1403.66
HITM0014188,HORD004497,PRD0165,1,471.13,471.13
HITM0014189,HORD004498,PRD0994,1,916.4,916.4
HITM0014190,HORD004498,PRD0433,1,983.68,983.68
HITM0014191,HORD004498,PRD0448,2,974.99,1949.98
HITM0014192,HORD004498,PRD0182,1,680.44,680.44
HITM0014193,HORD004499,PRD0573,2,281.0,562.0
HITM0014194,HORD004499,PRD0224,1,3534.57,3534.57
HITM0014195,HORD004500,PRD0465,1,276.29,276.29
HITM0014196,HORD004500,PRD0152,1,575.19,575.19
HITM0014197,HORD004500,PRD0006,2,319.31,638.62
HITM0014198,HORD004501,PRD0488,1,658.75,658.75
HITM0014199,HORD004501,PRD0812,1,972.39,972.39
HITM0014200,HORD004501,PRD0122,1,1652.29,1652.29
HITM0014201,HORD004502,PRD0539,1,968.63,968.63
HITM0014202,HORD004502,PRD0414,1,1024.71,1024.71
HITM0014203,HORD004502,PRD0873,1,343.79,343.79
HITM0014204,HORD004503,PRD0087,2,164.58,329.16
HITM0014205,HORD004503,PRD0301,1,1027.91,1027.91
HITM0014206,HORD004504,PRD0534,2,3831.9,7663.8
HITM0014207,HORD004504,PRD0022,1,1385.01,1385.01
HITM0014208,HORD004505,PRD0276,1,443.22,443.22
HITM0014209,HORD004505,PRD0215,1,273.66,273.66
HITM0014210,HORD004505,PRD0810,1,325.73,325.73
HITM0014211,HORD004506,PRD0799,2,246.05,492.1
HITM0014212,HORD004506,PRD0849,2,272.8,545.6
HITM0014213,HORD004506,PRD0250,1,79.79,79.79
HITM0014214,HORD004506,PRD0950,3,71.67,215.01
HITM0014215,HORD004507,PRD0265,1,94.03,94.03
HITM0014216,HORD004507,PRD0579,1,1153.54,1153.54
HITM0014217,HORD004507,PRD0096,1,327.95,327.95
HITM0014218,HORD004507,PRD0380,2,370.74,741.48
HITM0014219,HORD004508,PRD0769,1,333.15,333.15
HITM0014220,HORD004508,PRD0217,1,648.29,648.29
HITM0014221,HORD004509,PRD0494,1,1961.68,1961.68
HITM0014222,HORD004509,PRD0827,1,1290.81,1290.81
HITM0014223,HORD004509,PRD0509,1,306.02,306.02
HITM0014224,HORD004510,PRD0868,1,956.14,956.14
HITM0014225,HORD004510,PRD0854,2,2184.3,4368.6
HITM0014226,HORD004510,PRD0526,2,84.58,169.16
HITM0014227,HORD004511,PRD0305,1,260.29,260.29
HITM0014228,HORD004511,PRD0066,1,66.71,66.71
HITM0014229,HORD004511,PRD0507,1,2282.08,2282.08
HITM0014230,HORD004512,PRD0988,2,236.45,472.9
HITM0014231,HORD004512,PRD0896,1,810.67,810.67
HITM0014232,HORD004513,PRD0512,1,1057.04,1057.04
HITM0014233,HORD004513,PRD0079,1,1319.99,1319.99
HITM0014234,HORD004513,PRD0110,3,110.2,330.6
HITM0014235,HORD004513,PRD0301,2,1027.91,2055.82
HITM0014236,HORD004513,PRD0049,1,917.1,917.1
HITM0014237,HORD004514,PRD0412,1,383.4,383.4
HITM0014238,HORD004514,PRD0499,1,253.73,253.73
HITM0014239,HORD004514,PRD0388,1,981.72,981.72
HITM0014240,HORD004515,PRD0780,1,94.47,94.47
HITM0014241,HORD004515,PRD0499,1,253.73,253.73
HITM0014242,HORD004516,PRD0753,1,272.68,272.68
HITM0014243,HORD004516,PRD0487,1,136.07,136.07
HITM0014244,HORD004517,PRD0923,1,819.32,819.32
HITM0014245,HORD004517,PRD0003,1,316.95,316.95
HITM0014246,HORD004518,PRD0483,1,998.58,998.58
HITM0014247,HORD004518,PRD0878,2,453.39,906.78
HITM0014248,HORD004519,PRD0242,2,390.52,781.04
HITM0014249,HORD004519,PRD0085,1,477.42,477.42
HITM0014250,HORD004519,PRD0976,1,838.03,838.03
HITM0014251,HORD004519,PRD0907,2,1941.5,3883.0
HITM0014252,HORD004520,PRD0395,2,366.66,733.32
HITM0014253,HORD004520,PRD0517,1,466.6,466.6
HITM0014254,HORD004520,PRD0881,1,1901.2,1901.2
HITM0014255,HORD004520,PRD0940,2,200.38,400.76
HITM0014256,HORD004521,PRD0224,1,3534.57,3534.57
HITM0014257,HORD004521,PRD0499,1,253.73,253.73
HITM0014258,HORD004521,PRD0430,3,126.46,379.38
HITM0014259,HORD004522,PRD0916,1,110.26,110.26
HITM0014260,HORD004522,PRD0588,1,828.34,828.34
HITM0014261,HORD004522,PRD0033,2,884.6,1769.2
HITM0014262,HORD004522,PRD0426,2,571.98,1143.96
HITM0014263,HORD004522,PRD0375,1,901.8,901.8
HITM0014264,HORD004523,PRD0321,1,2525.88,2525.88
HITM0014265,HORD004523,PRD0554,1,2812.01,2812.01
HITM0014266,HORD004523,PRD0155,2,372.71,745.42
HITM0014267,HORD004524,PRD0443,1,393.59,393.59
HITM0014268,HORD004524,PRD0301,1,1027.91,1027.91
HITM0014269,HORD004524,PRD0405,2,146.11,292.22
HITM0014270,HORD004524,PRD0976,1,838.03,838.03
HITM0014271,HORD004525,PRD0895,1,1012.5,1012.5
HITM0014272,HORD004525,PRD0386,1,703.44,703.44
HITM0014273,HORD004525,PRD0317,1,2234.93,2234.93
HITM0014274,HORD004525,PRD0250,1,79.79,79.79
HITM0014275,HORD004526,PRD0950,2,71.67,143.34
HITM0014276,HORD004526,PRD0731,1,1026.14,1026.14
HITM0014277,HORD004526,PRD0952,2,550.92,1101.84
HITM0014278,HORD004526,PRD0256,2,297.13,594.26
HITM0014279,HORD004527,PRD0198,1,736.33,736.33
HITM0014280,HORD004527,PRD0424,1,2256.09,2256.09
HITM0014281,HORD004527,PRD0935,1,41.85,41.85
HITM0014282,HORD004528,PRD0645,1,206.79,206.79
HITM0014283,HORD004528,PRD0412,1,383.4,383.4
HITM0014284,HORD004528,PRD0955,1,56.91,56.91
HITM0014285,HORD004528,PRD0513,1,532.33,532.33
HITM0014286,HORD004528,PRD0830,1,57.62,57.62
HITM0014287,HORD004529,PRD0899,1,1056.76,1056.76
HITM0014288,HORD004529,PRD0964,2,449.57,899.14
HITM0014289,HORD004529,PRD0059,1,748.03,748.03
HITM0014290,HORD004529,PRD0296,1,767.13,767.13
HITM0014291,HORD004530,PRD0235,1,452.44,452.44
HITM0014292,HORD004531,PRD0115,1,678.71,678.71
HITM0014293,HORD004531,PRD0244,2,847.84,1695.68
HITM0014294,HORD004531,PRD0392,1,647.54,647.54
HITM0014295,HORD004532,PRD0311,2,1369.17,2738.34
HITM0014296,HORD004532,PRD0939,1,866.1,866.1
HITM0014297,HORD004532,PRD0052,1,1050.73,1050.73
HITM0014298,HORD004533,PRD0430,1,126.46,126.46
HITM0014299,HORD004533,PRD0786,1,400.03,400.03
HITM0014300,HORD004533,PRD0882,3,404.51,1213.53
HITM0014301,HORD004534,PRD0952,1,550.92,550.92
HITM0014302,HORD004534,PRD0932,2,1610.28,3220.56
HITM0014303,HORD004534,PRD0666,1,703.13,703.13
HITM0014304,HORD004534,PRD0600,2,198.56,397.12
HITM0014305,HORD004535,PRD0497,1,2082.0,2082.0
HITM0014306,HORD004535,PRD0496,1,223.21,223.21
HITM0014307,HORD004535,PRD0816,3,213.13,639.39
HITM0014308,HORD004536,PRD0214,2,2467.77,4935.54
HITM0014309,HORD004536,PRD0200,1,160.69,160.69
HITM0014310,HORD004536,PRD0138,1,818.63,818.63
HITM0014311,HORD004536,PRD0188,2,936.44,1872.88
HITM0014312,HORD004537,PRD0822,2,1374.65,2749.3
HITM0014313,HORD004537,PRD0570,1,394.68,394.68
HITM0014314,HORD004537,PRD0512,1,1057.04,1057.04
HITM0014315,HORD004537,PRD1000,1,120.72,120.72
HITM0014316,HORD004537,PRD0690,1,30.42,30.42
HITM0014317,HORD004538,PRD0815,2,748.08,1496.16
HITM0014318,HORD004538,PRD0906,1,150.8,150.8
HITM0014319,HORD004538,PRD0905,1,951.23,951.23
HITM0014320,HORD004539,PRD0792,1,1199.37,1199.37
HITM0014321,HORD004539,PRD0208,1,425.89,425.89
HITM0014322,HORD004539,PRD0969,1,748.26,748.26
HITM0014323,HORD004540,PRD0396,1,672.25,672.25
HITM0014324,HORD004540,PRD0394,1,1051.66,1051.66
HITM0014325,HORD004540,PRD0956,2,86.17,172.34
HITM0014326,HORD004540,PRD0778,1,769.84,769.84
HITM0014327,HORD004541,PRD0449,1,483.76,483.76
HITM0014328,HORD004541,PRD0025,1,399.48,399.48
HITM0014329,HORD004541,PRD0803,1,585.93,585.93
HITM0014330,HORD004541,PRD0060,1,147.43,147.43
HITM0014331,HORD004542,PRD0220,1,144.35,144.35
HITM0014332,HORD004542,PRD0917,1,1549.86,1549.86
HITM0014333,HORD004542,PRD0329,1,320.22,320.22
HITM0014334,HORD004542,PRD0702,2,1587.86,3175.72
HITM0014335,HORD004543,PRD0240,1,417.49,417.49
HITM0014336,HORD004543,PRD0692,1,488.18,488.18
HITM0014337,HORD004543,PRD0316,1,640.98,640.98
HITM0014338,HORD004544,PRD0250,1,79.79,79.79
HITM0014339,HORD004544,PRD0840,1,48.65,48.65
HITM0014340,HORD004544,PRD0351,1,1823.65,1823.65
HITM0014341,HORD004544,PRD0442,1,1331.04,1331.04
HITM0014342,HORD004545,PRD0613,1,644.35,644.35
HITM0014343,HORD004545,PRD0589,1,241.6,241.6
HITM0014344,HORD004545,PRD0406,1,403.51,403.51
HITM0014345,HORD004545,PRD0198,1,736.33,736.33
HITM0014346,HORD004546,PRD0477,1,1488.86,1488.86
HITM0014347,HORD004546,PRD0173,2,1519.14,3038.28
HITM0014348,HORD004547,PRD0426,2,571.98,1143.96
HITM0014349,HORD004547,PRD0752,1,1395.28,1395.28
HITM0014350,HORD004548,PRD0232,1,1634.96,1634.96
HITM0014351,HORD004548,PRD0290,1,151.92,151.92
HITM0014352,HORD004548,PRD0048,1,176.51,176.51
HITM0014353,HORD004549,PRD0178,1,184.26,184.26
HITM0014354,HORD004549,PRD0374,1,1846.98,1846.98
HITM0014355,HORD004550,PRD0020,2,254.09,508.18
HITM0014356,HORD004550,PRD0918,1,270.82,270.82
HITM0014357,HORD004550,PRD0555,1,1183.16,1183.16
HITM0014358,HORD004551,PRD0524,2,3613.52,7227.04
HITM0014359,HORD004551,PRD0287,1,2324.3,2324.3
HITM0014360,HORD004552,PRD0354,1,2902.62,2902.62
HITM0014361,HORD004552,PRD0073,3,1270.32,3810.96
HITM0014362,HORD004552,PRD0773,1,1247.83,1247.83
HITM0014363,HORD004552,PRD0220,2,144.35,288.7
HITM0014364,HORD004553,PRD0667,1,1136.29,1136.29
HITM0014365,HORD004554,PRD0500,1,250.29,250.29
HITM0014366,HORD004554,PRD0533,1,367.95,367.95
HITM0014367,HORD004554,PRD0609,1,510.8,510.8
HITM0014368,HORD004554,PRD0926,1,315.02,315.02
HITM0014369,HORD004554,PRD0647,2,818.2,1636.4
HITM0014370,HORD004555,PRD0114,1,2474.92,2474.92
HITM0014371,HORD004555,PRD0963,1,464.21,464.21
HITM0014372,HORD004555,PRD0801,1,1009.09,1009.09
HITM0014373,HORD004555,PRD0486,1,297.99,297.99
HITM0014374,HORD004556,PRD0139,1,1416.61,1416.61
HITM0014375,HORD004556,PRD0422,1,1345.12,1345.12
HITM0014376,HORD004556,PRD0310,1,83.71,83.71
HITM0014377,HORD004557,PRD0076,1,729.89,729.89
HITM0014378,HORD004557,PRD0240,1,417.49,417.49
HITM0014379,HORD004557,PRD0862,1,1164.81,1164.81
HITM0014380,HORD004557,PRD0288,1,324.08,324.08
HITM0014381,HORD004558,PRD0767,1,2003.56,2003.56
HITM0014382,HORD004558,PRD0112,1,1668.77,1668.77
HITM0014383,HORD004559,PRD0887,1,159.97,159.97
HITM0014384,HORD004560,PRD0550,1,178.21,178.21
HITM0014385,HORD004560,PRD0487,1,136.07,136.07
HITM0014386,HORD004560,PRD0530,1,210.45,210.45
HITM0014387,HORD004560,PRD0631,1,2823.87,2823.87
HITM0014388,HORD004560,PRD0712,1,1402.88,1402.88
HITM0014389,HORD004561,PRD0749,3,529.95,1589.85
HITM0014390,HORD004561,PRD0146,1,508.56,508.56
HITM0014391,HORD004561,PRD0175,1,883.13,883.13
HITM0014392,HORD004561,PRD0169,1,1449.49,1449.49
HITM0014393,HORD004562,PRD0769,1,333.15,333.15
HITM0014394,HORD004562,PRD0056,1,485.36,485.36
HITM0014395,HORD004562,PRD0228,2,121.94,243.88
HITM0014396,HORD004562,PRD0224,2,3534.57,7069.14
HITM0014397,HORD004563,PRD0127,2,415.41,830.82
HITM0014398,HORD004563,PRD0643,2,1556.87,3113.74
HITM0014399,HORD004563,PRD0086,1,747.25,747.25
HITM0014400,HORD004564,PRD0542,1,1746.75,1746.75
HITM0014401,HORD004564,PRD0800,1,274.87,274.87
HITM0014402,HORD004565,PRD0453,1,1232.3,1232.3
HITM0014403,HORD004565,PRD0510,1,176.33,176.33
HITM0014404,HORD004566,PRD0239,1,761.02,761.02
HITM0014405,HORD004566,PRD0820,1,135.5,135.5
HITM0014406,HORD004567,PRD0451,2,2851.18,5702.36
HITM0014407,HORD004567,PRD0553,3,1464.9,4394.7
HITM0014408,HORD004567,PRD0336,1,657.61,657.61
HITM0014409,HORD004567,PRD0785,1,91.04,91.04
HITM0014410,HORD004567,PRD0594,2,2046.58,4093.16
HITM0014411,HORD004568,PRD0323,2,1588.55,3177.1
HITM0014412,HORD004568,PRD0120,1,46.82,46.82
HITM0014413,HORD004568,PRD0607,1,1809.95,1809.95
HITM0014414,HORD004569,PRD0560,2,414.95,829.9
HITM0014415,HORD004569,PRD0401,2,2421.46,4842.92
HITM0014416,HORD004569,PRD0633,1,1190.36,1190.36
HITM0014417,HORD004570,PRD0246,1,674.8,674.8
HITM0014418,HORD004570,PRD0991,2,1900.16,3800.32
HITM0014419,HORD004570,PRD0340,1,244.07,244.07
HITM0014420,HORD004570,PRD0317,2,2234.93,4469.86
HITM0014421,HORD004571,PRD0948,1,583.21,583.21
HITM0014422,HORD004571,PRD0663,1,337.29,337.29
HITM0014423,HORD004572,PRD0726,1,479.51,479.51
HITM0014424,HORD004572,PRD0988,3,236.45,709.35
HITM0014425,HORD004573,PRD0388,1,981.72,981.72
HITM0014426,HORD004573,PRD0146,1,508.56,508.56
HITM0014427,HORD004573,PRD0018,1,953.09,953.09
HITM0014428,HORD004573,PRD0431,1,1519.4,1519.4
HITM0014429,HORD004574,PRD0957,1,1732.9,1732.9
HITM0014430,HORD004574,PRD0840,3,48.65,145.95
HITM0014431,HORD004574,PRD0090,1,223.82,223.82
HITM0014432,HORD004575,PRD0103,1,619.16,619.16
HITM0014433,HORD004575,PRD0982,2,973.58,1947.16
HITM0014434,HORD004575,PRD0850,1,312.03,312.03
HITM0014435,HORD004575,PRD0669,1,603.87,603.87
HITM0014436,HORD004576,PRD0948,1,583.21,583.21
HITM0014437,HORD004576,PRD0328,1,490.58,490.58
HITM0014438,HORD004576,PRD0480,1,379.33,379.33
HITM0014439,HORD004576,PRD0389,1,452.02,452.02
HITM0014440,HORD004577,PRD0284,1,4182.34,4182.34
HITM0014441,HORD004577,PRD0444,1,617.76,617.76
HITM0014442,HORD004577,PRD0292,1,1683.43,1683.43
HITM0014443,HORD004578,PRD0215,1,273.66,273.66
HITM0014444,HORD004578,PRD0906,1,150.8,150.8
HITM0014445,HORD004578,PRD0708,1,545.08,545.08
HITM0014446,HORD004578,PRD0317,2,2234.93,4469.86
HITM0014447,HORD004579,PRD0990,2,268.68,537.36
HITM0014448,HORD004579,PRD0197,1,179.71,179.71
HITM0014449,HORD004579,PRD0269,2,236.51,473.02
HITM0014450,HORD004580,PRD0384,1,2615.99,2615.99
HITM0014451,HORD004580,PRD0760,2,145.6,291.2
HITM0014452,HORD004580,PRD0707,1,1182.83,1182.83
HITM0014453,HORD004580,PRD0735,1,557.24,557.24
HITM0014454,HORD004581,PRD0779,1,621.7,621.7
HITM0014455,HORD004581,PRD0840,1,48.65,48.65
HITM0014456,HORD004581,PRD0501,1,2831.58,2831.58
HITM0014457,HORD004581,PRD0200,1,160.69,160.69
HITM0014458,HORD004582,PRD0059,1,748.03,748.03
HITM0014459,HORD004582,PRD0915,1,682.13,682.13
HITM0014460,HORD004582,PRD0136,2,360.6,721.2
HITM0014461,HORD004583,PRD0326,1,62.48,62.48
HITM0014462,HORD004583,PRD0984,1,1014.29,1014.29
HITM0014463,HORD004583,PRD0072,1,713.12,713.12
HITM0014464,HORD004583,PRD0231,1,1674.19,1674.19
HITM0014465,HORD004584,PRD0083,1,1563.94,1563.94
HITM0014466,HORD004584,PRD0004,1,468.81,468.81
HITM0014467,HORD004584,PRD0265,1,94.03,94.03
HITM0014468,HORD004584,PRD0867,2,500.96,1001.92
HITM0014469,HORD004584,PRD0539,1,968.63,968.63
HITM0014470,HORD004585,PRD0893,1,739.92,739.92
HITM0014471,HORD004585,PRD1000,1,120.72,120.72
HITM0014472,HORD004585,PRD0809,1,217.32,217.32
HITM0014473,HORD004586,PRD0780,2,94.47,188.94
HITM0014474,HORD004586,PRD0914,1,1089.48,1089.48
HITM0014475,HORD004586,PRD0354,1,2902.62,2902.62
HITM0014476,HORD004586,PRD0305,2,260.29,520.58
HITM0014477,HORD004586,PRD0233,1,804.27,804.27
HITM0014478,HORD004587,PRD0100,1,206.02,206.02
HITM0014479,HORD004588,PRD0699,2,508.79,1017.58
HITM0014480,HORD004588,PRD0916,1,110.26,110.26
HITM0014481,HORD004588,PRD0298,1,724.89,724.89
HITM0014482,HORD004588,PRD0729,1,691.76,691.76
HITM0014483,HORD004589,PRD0921,2,2084.12,4168.24
HITM0014484,HORD004589,PRD0189,1,325.61,325.61
HITM0014485,HORD004590,PRD0080,1,15.23,15.23
HITM0014486,HORD004590,PRD0889,1,893.76,893.76
HITM0014487,HORD004590,PRD0945,2,113.23,226.46
HITM0014488,HORD004591,PRD0659,1,1247.76,1247.76
HITM0014489,HORD004591,PRD0800,1,274.87,274.87
HITM0014490,HORD004591,PRD0212,1,369.65,369.65
HITM0014491,HORD004592,PRD0896,1,810.67,810.67
HITM0014492,HORD004592,PRD0619,1,394.74,394.74
HITM0014493,HORD004593,PRD0630,1,399.15,399.15
HITM0014494,HORD004593,PRD0809,1,217.32,217.32
HITM0014495,HORD004594,PRD0165,2,471.13,942.26
HITM0014496,HORD004594,PRD0020,1,254.09,254.09
HITM0014497,HORD004594,PRD0378,1,472.12,472.12
HITM0014498,HORD004595,PRD0326,1,62.48,62.48
HITM0014499,HORD004595,PRD0809,1,217.32,217.32
HITM0014500,HORD004596,PRD0726,1,479.51,479.51
HITM0014501,HORD004596,PRD0547,2,2316.63,4633.26
HITM0014502,HORD004596,PRD0885,1,689.68,689.68
HITM0014503,HORD004596,PRD0770,1,144.73,144.73
HITM0014504,HORD004597,PRD0370,1,285.36,285.36
HITM0014505,HORD004597,PRD0236,1,131.33,131.33
HITM0014506,HORD004597,PRD0846,1,427.97,427.97
HITM0014507,HORD004598,PRD0087,1,164.58,164.58
HITM0014508,HORD004598,PRD0313,1,1109.77,1109.77
HITM0014509,HORD004598,PRD0936,1,214.36,214.36
HITM0014510,HORD004598,PRD0051,1,2153.52,2153.52
HITM0014511,HORD004599,PRD0156,1,402.17,402.17
HITM0014512,HORD004599,PRD0103,1,619.16,619.16
HITM0014513,HORD004599,PRD0647,1,818.2,818.2
HITM0014514,HORD004600,PRD0660,1,15.31,15.31
HITM0014515,HORD004600,PRD0545,2,219.94,439.88
HITM0014516,HORD004600,PRD0520,1,298.12,298.12
HITM0014517,HORD004600,PRD0309,1,1023.7,1023.7
HITM0014518,HORD004601,PRD0666,2,703.13,1406.26
HITM0014519,HORD004601,PRD0554,1,2812.01,2812.01
HITM0014520,HORD004601,PRD0311,2,1369.17,2738.34
HITM0014521,HORD004602,PRD0628,1,62.19,62.19
HITM0014522,HORD004602,PRD0532,1,1430.86,1430.86
HITM0014523,HORD004603,PRD0400,2,158.67,317.34
HITM0014524,HORD004603,PRD0617,2,2145.95,4291.9
HITM0014525,HORD004604,PRD0236,3,131.33,393.99
HITM0014526,HORD004604,PRD0246,1,674.8,674.8
HITM0014527,HORD004604,PRD0480,1,379.33,379.33
HITM0014528,HORD004605,PRD0013,2,377.71,755.42
HITM0014529,HORD004605,PRD0706,1,173.61,173.61
HITM0014530,HORD004605,PRD0949,1,541.69,541.69
HITM0014531,HORD004606,PRD0668,1,982.03,982.03
HITM0014532,HORD004606,PRD0983,1,854.84,854.84
HITM0014533,HORD004606,PRD0485,1,178.75,178.75
HITM0014534,HORD004607,PRD0482,1,1511.77,1511.77
HITM0014535,HORD004607,PRD0231,1,1674.19,1674.19
HITM0014536,HORD004607,PRD0867,2,500.96,1001.92
HITM0014537,HORD004608,PRD0252,1,457.51,457.51
HITM0014538,HORD004608,PRD0422,1,1345.12,1345.12
HITM0014539,HORD004608,PRD0949,1,541.69,541.69
HITM0014540,HORD004608,PRD0655,1,261.66,261.66
HITM0014541,HORD004608,PRD0798,1,647.08,647.08
HITM0014542,HORD004609,PRD0247,1,694.04,694.04
HITM0014543,HORD004609,PRD0148,2,457.28,914.56
HITM0014544,HORD004610,PRD0369,2,123.0,246.0
HITM0014545,HORD004610,PRD0105,1,431.76,431.76
HITM0014546,HORD004610,PRD0373,1,664.52,664.52
HITM0014547,HORD004611,PRD0883,2,1440.86,2881.72
HITM0014548,HORD004611,PRD0509,1,306.02,306.02
HITM0014549,HORD004611,PRD0896,1,810.67,810.67
HITM0014550,HORD004611,PRD0788,1,319.54,319.54
HITM0014551,HORD004612,PRD0135,2,1054.93,2109.86
HITM0014552,HORD004612,PRD0655,1,261.66,261.66
HITM0014553,HORD004613,PRD0106,1,40.68,40.68
HITM0014554,HORD004613,PRD0374,1,1846.98,1846.98
HITM0014555,HORD004613,PRD0934,1,4104.95,4104.95
HITM0014556,HORD004614,PRD0418,1,301.4,301.4
HITM0014557,HORD004615,PRD0415,1,78.5,78.5
HITM0014558,HORD004615,PRD0420,1,365.11,365.11
HITM0014559,HORD004615,PRD0460,1,250.7,250.7
HITM0014560,HORD004615,PRD0953,1,1430.97,1430.97
HITM0014561,HORD004616,PRD0151,3,3024.81,9074.43
HITM0014562,HORD004616,PRD0757,1,1258.09,1258.09
HITM0014563,HORD004616,PRD0718,1,214.61,214.61
HITM0014564,HORD004617,PRD0713,2,1024.63,2049.26
HITM0014565,HORD004617,PRD0333,1,1274.3,1274.3
HITM0014566,HORD004617,PRD0968,1,409.17,409.17
HITM0014567,HORD004618,PRD0197,1,179.71,179.71
HITM0014568,HORD004618,PRD0339,2,1457.58,2915.16
HITM0014569,HORD004618,PRD0867,2,500.96,1001.92
HITM0014570,HORD004618,PRD0646,3,155.12,465.36
HITM0014571,HORD004619,PRD0510,1,176.33,176.33
HITM0014572,HORD004619,PRD0067,2,1666.09,3332.18
HITM0014573,HORD004620,PRD0992,1,1671.9,1671.9
HITM0014574,HORD004620,PRD0277,1,1740.27,1740.27
HITM0014575,HORD004621,PRD0305,1,260.29,260.29
HITM0014576,HORD004621,PRD0526,2,84.58,169.16
HITM0014577,HORD004622,PRD0521,1,2581.65,2581.65
HITM0014578,HORD004622,PRD0684,3,2250.74,6752.22
HITM0014579,HORD004623,PRD0828,2,457.81,915.62
HITM0014580,HORD004623,PRD0458,1,960.04,960.04
HITM0014581,HORD004623,PRD0127,1,415.41,415.41
HITM0014582,HORD004623,PRD0259,1,1140.48,1140.48
HITM0014583,HORD004624,PRD0724,2,2281.33,4562.66
HITM0014584,HORD004624,PRD0127,1,415.41,415.41
HITM0014585,HORD004624,PRD0379,2,722.92,1445.84
HITM0014586,HORD004625,PRD0419,1,1458.66,1458.66
HITM0014587,HORD004625,PRD0289,1,553.34,553.34
HITM0014588,HORD004626,PRD0033,1,884.6,884.6
HITM0014589,HORD004626,PRD0003,1,316.95,316.95
HITM0014590,HORD004626,PRD0213,1,1091.55,1091.55
HITM0014591,HORD004626,PRD0367,1,179.97,179.97
HITM0014592,HORD004627,PRD0843,1,676.52,676.52
HITM0014593,HORD004627,PRD0667,2,1136.29,2272.58
HITM0014594,HORD004627,PRD0107,1,1780.98,1780.98
HITM0014595,HORD004627,PRD0308,1,1088.84,1088.84
HITM0014596,HORD004627,PRD0854,1,2184.3,2184.3
HITM0014597,HORD004628,PRD0128,1,237.78,237.78
HITM0014598,HORD004628,PRD0369,1,123.0,123.0
HITM0014599,HORD004629,PRD0174,1,2319.35,2319.35
HITM0014600,HORD004630,PRD0855,1,316.87,316.87
HITM0014601,HORD004630,PRD0310,1,83.71,83.71
HITM0014602,HORD004631,PRD0267,1,657.53,657.53
HITM0014603,HORD004631,PRD0896,1,810.67,810.67
HITM0014604,HORD004632,PRD0789,1,776.9,776.9
HITM0014605,HORD004632,PRD0716,1,197.99,197.99
HITM0014606,HORD004633,PRD0429,3,1195.52,3586.56
HITM0014607,HORD004633,PRD0645,1,206.79,206.79
HITM0014608,HORD004633,PRD0635,1,140.41,140.41
HITM0014609,HORD004633,PRD0290,1,151.92,151.92
HITM0014610,HORD004634,PRD0414,1,1024.71,1024.71
HITM0014611,HORD004634,PRD0489,1,1207.96,1207.96
HITM0014612,HORD004634,PRD0234,1,1058.58,1058.58
HITM0014613,HORD004635,PRD0687,1,729.09,729.09
HITM0014614,HORD004635,PRD0137,2,1138.46,2276.92
HITM0014615,HORD004635,PRD0027,1,615.88,615.88
HITM0014616,HORD004636,PRD0940,1,200.38,200.38
HITM0014617,HORD004636,PRD0458,1,960.04,960.04
HITM0014618,HORD004636,PRD0557,1,743.48,743.48
HITM0014619,HORD004636,PRD0897,1,368.24,368.24
HITM0014620,HORD004637,PRD0970,1,403.08,403.08
HITM0014621,HORD004637,PRD0052,1,1050.73,1050.73
HITM0014622,HORD004637,PRD0358,1,1013.74,1013.74
HITM0014623,HORD004637,PRD0658,1,471.69,471.69
HITM0014624,HORD004638,PRD0833,1,941.26,941.26
HITM0014625,HORD004638,PRD0699,1,508.79,508.79
HITM0014626,HORD004638,PRD0238,1,814.82,814.82
HITM0014627,HORD004639,PRD0328,2,490.58,981.16
HITM0014628,HORD004639,PRD0099,1,245.95,245.95
HITM0014629,HORD004639,PRD0146,1,508.56,508.56
HITM0014630,HORD004640,PRD0419,2,1458.66,2917.32
HITM0014631,HORD004640,PRD0411,1,2843.11,2843.11
HITM0014632,HORD004640,PRD0500,1,250.29,250.29
HITM0014633,HORD004640,PRD0840,1,48.65,48.65
HITM0014634,HORD004640,PRD0760,2,145.6,291.2
HITM0014635,HORD004641,PRD0588,2,828.34,1656.68
HITM0014636,HORD004641,PRD0998,1,819.98,819.98
HITM0014637,HORD004642,PRD0960,2,155.66,311.32
HITM0014638,HORD004642,PRD0315,1,197.15,197.15
HITM0014639,HORD004642,PRD0982,2,973.58,1947.16
HITM0014640,HORD004642,PRD0870,1,370.25,370.25
HITM0014641,HORD004643,PRD0845,1,1093.84,1093.84
HITM0014642,HORD004643,PRD0349,1,1056.93,1056.93
HITM0014643,HORD004643,PRD0592,1,471.73,471.73
HITM0014644,HORD004644,PRD0985,1,602.55,602.55
HITM0014645,HORD004644,PRD0951,1,1391.02,1391.02
HITM0014646,HORD004645,PRD0705,1,200.18,200.18
HITM0014647,HORD004645,PRD0632,1,1826.27,1826.27
HITM0014648,HORD004645,PRD0314,1,1867.88,1867.88
HITM0014649,HORD004646,PRD0097,1,2221.25,2221.25
HITM0014650,HORD004646,PRD0189,3,325.61,976.83
HITM0014651,HORD004646,PRD0471,2,1997.5,3995.0
HITM0014652,HORD004646,PRD0755,1,417.76,417.76
HITM0014653,HORD004646,PRD0630,3,399.15,1197.45
HITM0014654,HORD004647,PRD0947,1,451.51,451.51
HITM0014655,HORD004647,PRD0468,1,523.04,523.04
HITM0014656,HORD004648,PRD0264,1,2735.39,2735.39
HITM0014657,HORD004648,PRD0416,1,420.25,420.25
HITM0014658,HORD004648,PRD0727,1,1874.18,1874.18
HITM0014659,HORD004649,PRD0816,2,213.13,426.26
HITM0014660,HORD004650,PRD0538,1,986.28,986.28
HITM0014661,HORD004650,PRD0186,1,280.16,280.16
HITM0014662,HORD004650,PRD0547,1,2316.63,2316.63
HITM0014663,HORD004651,PRD0335,2,439.66,879.32
HITM0014664,HORD004651,PRD0860,1,359.33,359.33
HITM0014665,HORD004651,PRD0310,3,83.71,251.13
HITM0014666,HORD004652,PRD0616,1,480.04,480.04
HITM0014667,HORD004652,PRD0882,1,404.51,404.51
HITM0014668,HORD004653,PRD0825,1,606.92,606.92
HITM0014669,HORD004653,PRD0342,1,771.91,771.91
HITM0014670,HORD004653,PRD0228,2,121.94,243.88
HITM0014671,HORD004653,PRD0736,2,828.82,1657.64
HITM0014672,HORD004654,PRD0236,1,131.33,131.33
HITM0014673,HORD004654,PRD0752,1,1395.28,1395.28
HITM0014674,HORD004654,PRD0663,1,337.29,337.29
HITM0014675,HORD004655,PRD0126,1,273.65,273.65
HITM0014676,HORD004655,PRD0805,3,997.5,2992.5
HITM0014677,HORD004655,PRD0475,2,1049.43,2098.86
HITM0014678,HORD004655,PRD0585,1,81.84,81.84
HITM0014679,HORD004656,PRD0042,1,1502.85,1502.85
HITM0014680,HORD004656,PRD0410,2,212.08,424.16
HITM0014681,HORD004657,PRD0885,1,689.68,689.68
HITM0014682,HORD004657,PRD0271,1,2076.99,2076.99
HITM0014683,HORD004657,PRD0580,1,180.48,180.48
HITM0014684,HORD004658,PRD0711,1,2949.82,2949.82
HITM0014685,HORD004658,PRD0935,1,41.85,41.85
HITM0014686,HORD004659,PRD0358,2,1013.74,2027.48
HITM0014687,HORD004659,PRD0665,1,758.8,758.8
HITM0014688,HORD004659,PRD0677,2,197.41,394.82
HITM0014689,HORD004660,PRD0003,3,316.95,950.85
HITM0014690,HORD004660,PRD0870,1,370.25,370.25
HITM0014691,HORD004661,PRD0808,1,566.96,566.96
HITM0014692,HORD004661,PRD0208,1,425.89,425.89
HITM0014693,HORD004661,PRD0248,1,451.1,451.1
HITM0014694,HORD004661,PRD0794,1,464.13,464.13
HITM0014695,HORD004661,PRD0336,1,657.61,657.61
HITM0014696,HORD004662,PRD0388,1,981.72,981.72
HITM0014697,HORD004663,PRD0333,1,1274.3,1274.3
HITM0014698,HORD004663,PRD0345,1,437.36,437.36
HITM0014699,HORD004663,PRD0906,1,150.8,150.8
HITM0014700,HORD004663,PRD0683,1,609.14,609.14
HITM0014701,HORD004664,PRD0395,1,366.66,366.66
HITM0014702,HORD004664,PRD0442,1,1331.04,1331.04
HITM0014703,HORD004664,PRD0512,1,1057.04,1057.04
HITM0014704,HORD004665,PRD0753,1,272.68,272.68
HITM0014705,HORD004665,PRD0170,1,202.15,202.15
HITM0014706,HORD004666,PRD0710,2,221.52,443.04
HITM0014707,HORD004666,PRD0760,1,145.6,145.6
HITM0014708,HORD004666,PRD0598,3,825.04,2475.12
HITM0014709,HORD004667,PRD0757,1,1258.09,1258.09
HITM0014710,HORD004667,PRD0063,2,1461.12,2922.24
HITM0014711,HORD004667,PRD0979,1,1164.08,1164.08
HITM0014712,HORD004668,PRD0079,1,1319.99,1319.99
HITM0014713,HORD004668,PRD0413,1,1348.47,1348.47
HITM0014714,HORD004669,PRD0756,1,238.54,238.54
HITM0014715,HORD004669,PRD0712,1,1402.88,1402.88
HITM0014716,HORD004669,PRD0106,1,40.68,40.68
HITM0014717,HORD004669,PRD0819,2,282.56,565.12
HITM0014718,HORD004670,PRD0210,1,389.28,389.28
HITM0014719,HORD004670,PRD0518,2,365.35,730.7
HITM0014720,HORD004670,PRD0476,1,181.3,181.3
HITM0014721,HORD004671,PRD0076,1,729.89,729.89
HITM0014722,HORD004672,PRD0412,1,383.4,383.4
HITM0014723,HORD004673,PRD0027,1,615.88,615.88
HITM0014724,HORD004673,PRD0943,1,862.72,862.72
HITM0014725,HORD004673,PRD0028,2,831.06,1662.12
HITM0014726,HORD004674,PRD0219,1,227.25,227.25
HITM0014727,HORD004674,PRD0316,1,640.98,640.98
HITM0014728,HORD004675,PRD0464,1,3820.07,3820.07
HITM0014729,HORD004675,PRD0173,1,1519.14,1519.14
HITM0014730,HORD004675,PRD0561,1,951.61,951.61
HITM0014731,HORD004675,PRD0527,1,2076.11,2076.11
HITM0014732,HORD004676,PRD0200,1,160.69,160.69
HITM0014733,HORD004676,PRD0276,1,443.22,443.22
HITM0014734,HORD004676,PRD0209,1,767.93,767.93
HITM0014735,HORD004677,PRD0159,1,1223.4,1223.4
HITM0014736,HORD004677,PRD0209,2,767.93,1535.86
HITM0014737,HORD004678,PRD0660,2,15.31,30.62
HITM0014738,HORD004678,PRD0329,1,320.22,320.22
HITM0014739,HORD004679,PRD0586,1,110.38,110.38
HITM0014740,HORD004679,PRD0508,1,652.45,652.45
HITM0014741,HORD004679,PRD0106,1,40.68,40.68
HITM0014742,HORD004680,PRD0815,1,748.08,748.08
HITM0014743,HORD004680,PRD0594,1,2046.58,2046.58
HITM0014744,HORD004681,PRD0488,1,658.75,658.75
HITM0014745,HORD004681,PRD0929,1,897.78,897.78
HITM0014746,HORD004682,PRD0594,1,2046.58,2046.58
HITM0014747,HORD004682,PRD0230,1,290.53,290.53
HITM0014748,HORD004683,PRD0090,1,223.82,223.82
HITM0014749,HORD004683,PRD0395,2,366.66,733.32
HITM0014750,HORD004684,PRD0787,1,527.32,527.32
HITM0014751,HORD004684,PRD0842,1,1418.63,1418.63
HITM0014752,HORD004685,PRD0696,1,137.51,137.51
HITM0014753,HORD004685,PRD0945,1,113.23,113.23
HITM0014754,HORD004685,PRD0782,3,452.61,1357.83
HITM0014755,HORD004686,PRD0287,2,2324.3,4648.6
HITM0014756,HORD004686,PRD0036,1,120.39,120.39
HITM0014757,HORD004686,PRD0745,1,882.2,882.2
HITM0014758,HORD004686,PRD0032,1,581.78,581.78
HITM0014759,HORD004686,PRD0734,1,3509.26,3509.26
HITM0014760,HORD004687,PRD0220,2,144.35,288.7
HITM0014761,HORD004687,PRD0075,1,649.4,649.4
HITM0014762,HORD004687,PRD0400,1,158.67,158.67
HITM0014763,HORD004687,PRD0671,2,1480.66,2961.32
HITM0014764,HORD004687,PRD0042,1,1502.85,1502.85
HITM0014765,HORD004688,PRD0133,1,772.02,772.02
HITM0014766,HORD004689,PRD0183,1,442.77,442.77
HITM0014767,HORD004690,PRD0849,1,272.8,272.8
HITM0014768,HORD004690,PRD0110,1,110.2,110.2
HITM0014769,HORD004690,PRD0287,1,2324.3,2324.3
HITM0014770,HORD004690,PRD0974,1,701.83,701.83
HITM0014771,HORD004691,PRD0568,1,237.73,237.73
HITM0014772,HORD004691,PRD0135,1,1054.93,1054.93
HITM0014773,HORD004691,PRD0332,1,896.69,896.69
HITM0014774,HORD004692,PRD0766,1,734.79,734.79
HITM0014775,HORD004692,PRD0046,1,355.51,355.51
HITM0014776,HORD004693,PRD0258,1,649.82,649.82
HITM0014777,HORD004693,PRD0720,1,313.84,313.84
HITM0014778,HORD004693,PRD0048,1,176.51,176.51
HITM0014779,HORD004693,PRD0562,2,1226.97,2453.94
HITM0014780,HORD004694,PRD0228,3,121.94,365.82
HITM0014781,HORD004694,PRD0584,1,2264.13,2264.13
HITM0014782,HORD004694,PRD0870,1,370.25,370.25
HITM0014783,HORD004695,PRD0856,2,734.6,1469.2
HITM0014784,HORD004695,PRD0589,2,241.6,483.2
HITM0014785,HORD004696,PRD0412,1,383.4,383.4
HITM0014786,HORD004697,PRD0638,1,249.29,249.29
HITM0014787,HORD004697,PRD0731,1,1026.14,1026.14
HITM0014788,HORD004697,PRD0039,2,951.13,1902.26
HITM0014789,HORD004697,PRD0867,1,500.96,500.96
HITM0014790,HORD004697,PRD0890,1,279.59,279.59
HITM0014791,HORD004698,PRD0123,1,906.0,906.0
HITM0014792,HORD004698,PRD0320,2,190.98,381.96
HITM0014793,HORD004698,PRD0760,1,145.6,145.6
HITM0014794,HORD004698,PRD0228,1,121.94,121.94
HITM0014795,HORD004699,PRD0145,1,564.49,564.49
HITM0014796,HORD004699,PRD0740,1,326.46,326.46
HITM0014797,HORD004699,PRD0592,3,471.73,1415.19
HITM0014798,HORD004700,PRD0814,1,1407.66,1407.66
HITM0014799,HORD004700,PRD0674,1,3423.74,3423.74
HITM0014800,HORD004700,PRD0106,1,40.68,40.68
HITM0014801,HORD004701,PRD0736,2,828.82,1657.64
HITM0014802,HORD004701,PRD0234,1,1058.58,1058.58
HITM0014803,HORD004701,PRD0565,1,294.27,294.27
HITM0014804,HORD004701,PRD0024,1,3386.44,3386.44
HITM0014805,HORD004701,PRD0470,1,116.53,116.53
HITM0014806,HORD004702,PRD0525,1,589.06,589.06
HITM0014807,HORD004702,PRD0919,3,202.1,606.3
HITM0014808,HORD004702,PRD0566,1,665.53,665.53
HITM0014809,HORD004703,PRD0068,1,331.71,331.71
HITM0014810,HORD004703,PRD0166,1,401.82,401.82
HITM0014811,HORD004704,PRD0910,1,19.2,19.2
HITM0014812,HORD004705,PRD0881,1,1901.2,1901.2
HITM0014813,HORD004705,PRD0460,1,250.7,250.7
HITM0014814,HORD004705,PRD0040,1,239.17,239.17
HITM0014815,HORD004705,PRD0053,1,884.08,884.08
HITM0014816,HORD004706,PRD0340,1,244.07,244.07
HITM0014817,HORD004706,PRD0274,1,2425.87,2425.87
HITM0014818,HORD004707,PRD0066,1,66.71,66.71
HITM0014819,HORD004707,PRD0052,1,1050.73,1050.73
HITM0014820,HORD004707,PRD0322,1,1333.07,1333.07
HITM0014821,HORD004708,PRD0316,1,640.98,640.98
HITM0014822,HORD004708,PRD0968,1,409.17,409.17
HITM0014823,HORD004708,PRD0690,1,30.42,30.42
HITM0014824,HORD004708,PRD0319,2,882.45,1764.9
HITM0014825,HORD004709,PRD0086,1,747.25,747.25
HITM0014826,HORD004710,PRD0389,1,452.02,452.02
HITM0014827,HORD004710,PRD0230,1,290.53,290.53
HITM0014828,HORD004710,PRD0050,1,56.24,56.24
HITM0014829,HORD004710,PRD0948,1,583.21,583.21
HITM0014830,HORD004710,PRD0219,3,227.25,681.75
HITM0014831,HORD004711,PRD0748,1,147.02,147.02
HITM0014832,HORD004711,PRD0196,1,483.11,483.11
HITM0014833,HORD004711,PRD0244,1,847.84,847.84
HITM0014834,HORD004711,PRD0569,1,238.57,238.57
HITM0014835,HORD004712,PRD0349,1,1056.93,1056.93
HITM0014836,HORD004713,PRD0014,2,953.24,1906.48
HITM0014837,HORD004713,PRD0280,1,149.57,149.57
HITM0014838,HORD004713,PRD0718,1,214.61,214.61
HITM0014839,HORD004713,PRD0309,2,1023.7,2047.4
HITM0014840,HORD004714,PRD0160,3,140.78,422.34
HITM0014841,HORD004714,PRD0204,1,2130.68,2130.68
HITM0014842,HORD004714,PRD0446,1,132.64,132.64
HITM0014843,HORD004714,PRD0635,1,140.41,140.41
HITM0014844,HORD004715,PRD0263,1,590.67,590.67
HITM0014845,HORD004715,PRD0943,2,862.72,1725.44
HITM0014846,HORD004716,PRD0644,1,2975.58,2975.58
HITM0014847,HORD004716,PRD0475,1,1049.43,1049.43
HITM0014848,HORD004716,PRD0768,1,1063.13,1063.13
HITM0014849,HORD004716,PRD0938,1,929.59,929.59
HITM0014850,HORD004717,PRD0706,1,173.61,173.61
HITM0014851,HORD004717,PRD0763,1,485.63,485.63
HITM0014852,HORD004718,PRD0103,1,619.16,619.16
HITM0014853,HORD004718,PRD0679,2,1370.51,2741.02
HITM0014854,HORD004718,PRD0310,1,83.71,83.71
HITM0014855,HORD004719,PRD0063,1,1461.12,1461.12
HITM0014856,HORD004719,PRD0830,1,57.62,57.62
HITM0014857,HORD004719,PRD0092,2,1139.05,2278.1
HITM0014858,HORD004719,PRD0477,1,1488.86,1488.86
HITM0014859,HORD004720,PRD0104,1,1407.8,1407.8
HITM0014860,HORD004721,PRD0445,1,1026.22,1026.22
HITM0014861,HORD004721,PRD0220,1,144.35,144.35
HITM0014862,HORD004721,PRD0775,1,545.51,545.51
HITM0014863,HORD004721,PRD0880,2,148.01,296.02
HITM0014864,HORD004721,PRD0373,1,664.52,664.52
HITM0014865,HORD004722,PRD0367,1,179.97,179.97
HITM0014866,HORD004722,PRD0237,2,2383.14,4766.28
HITM0014867,HORD004722,PRD0480,1,379.33,379.33
HITM0014868,HORD004723,PRD0470,1,116.53,116.53
HITM0014869,HORD004723,PRD0352,1,1200.9,1200.9
HITM0014870,HORD004724,PRD0975,1,1104.47,1104.47
HITM0014871,HORD004724,PRD0570,1,394.68,394.68
HITM0014872,HORD004724,PRD0250,1,79.79,79.79
HITM0014873,HORD004724,PRD0562,1,1226.97,1226.97
HITM0014874,HORD004725,PRD0034,2,797.09,1594.18
HITM0014875,HORD004725,PRD0489,2,1207.96,2415.92
HITM0014876,HORD004725,PRD0271,1,2076.99,2076.99
HITM0014877,HORD004726,PRD0200,1,160.69,160.69
HITM0014878,HORD004726,PRD0486,1,297.99,297.99
HITM0014879,HORD004727,PRD0950,1,71.67,71.67
HITM0014880,HORD004727,PRD0318,1,930.52,930.52
HITM0014881,HORD004728,PRD0498,1,536.61,536.61
HITM0014882,HORD004728,PRD0036,1,120.39,120.39
HITM0014883,HORD004728,PRD0623,1,1221.11,1221.11
HITM0014884,HORD004729,PRD0357,1,2299.18,2299.18
HITM0014885,HORD004729,PRD0526,1,84.58,84.58
HITM0014886,HORD004729,PRD0690,1,30.42,30.42
HITM0014887,HORD004730,PRD0807,1,1766.65,1766.65
HITM0014888,HORD004730,PRD0894,1,2968.01,2968.01
HITM0014889,HORD004730,PRD0334,1,2155.76,2155.76
HITM0014890,HORD004731,PRD0525,1,589.06,589.06
HITM0014891,HORD004731,PRD0397,1,1333.88,1333.88
HITM0014892,HORD004731,PRD0487,1,136.07,136.07
HITM0014893,HORD004732,PRD0515,1,1139.31,1139.31
HITM0014894,HORD004732,PRD0880,1,148.01,148.01
HITM0014895,HORD004733,PRD0072,1,713.12,713.12
HITM0014896,HORD004733,PRD0898,1,272.18,272.18
HITM0014897,HORD004733,PRD0118,1,578.97,578.97
HITM0014898,HORD004733,PRD0307,1,2081.93,2081.93
HITM0014899,HORD004733,PRD0794,1,464.13,464.13
HITM0014900,HORD004734,PRD0826,1,402.15,402.15
HITM0014901,HORD004734,PRD0600,1,198.56,198.56
HITM0014902,HORD004734,PRD0818,1,1065.11,1065.11
HITM0014903,HORD004735,PRD0274,1,2425.87,2425.87
HITM0014904,HORD004735,PRD0590,1,320.53,320.53
HITM0014905,HORD004736,PRD0468,1,523.04,523.04
HITM0014906,HORD004736,PRD1000,1,120.72,120.72
HITM0014907,HORD004736,PRD0499,1,253.73,253.73
HITM0014908,HORD004736,PRD0635,1,140.41,140.41
HITM0014909,HORD004737,PRD0579,2,1153.54,2307.08
HITM0014910,HORD004737,PRD0426,1,571.98,571.98
HITM0014911,HORD004738,PRD0640,1,415.26,415.26
HITM0014912,HORD004738,PRD0379,1,722.92,722.92
HITM0014913,HORD004738,PRD0907,1,1941.5,1941.5
HITM0014914,HORD004738,PRD0954,1,848.21,848.21
HITM0014915,HORD004738,PRD0562,1,1226.97,1226.97
HITM0014916,HORD004739,PRD0491,1,1885.4,1885.4
HITM0014917,HORD004740,PRD0758,1,282.47,282.47
HITM0014918,HORD004740,PRD0753,1,272.68,272.68
HITM0014919,HORD004740,PRD0079,1,1319.99,1319.99
HITM0014920,HORD004741,PRD0867,1,500.96,500.96
HITM0014921,HORD004741,PRD0250,1,79.79,79.79
HITM0014922,HORD004742,PRD0589,3,241.6,724.8
HITM0014923,HORD004742,PRD0876,2,61.28,122.56
HITM0014924,HORD004743,PRD0142,1,1647.71,1647.71
HITM0014925,HORD004743,PRD0430,3,126.46,379.38
HITM0014926,HORD004743,PRD0954,1,848.21,848.21
HITM0014927,HORD004744,PRD0698,2,445.24,890.48
HITM0014928,HORD004744,PRD0904,2,1097.17,2194.34
HITM0014929,HORD004744,PRD0842,1,1418.63,1418.63
HITM0014930,HORD004745,PRD0385,3,272.03,816.09
HITM0014931,HORD004745,PRD0861,2,1625.97,3251.94
HITM0014932,HORD004745,PRD0551,1,2017.82,2017.82
HITM0014933,HORD004745,PRD0855,1,316.87,316.87
HITM0014934,HORD004746,PRD0217,1,648.29,648.29
HITM0014935,HORD004746,PRD0106,1,40.68,40.68
HITM0014936,HORD004747,PRD0201,1,2237.43,2237.43
HITM0014937,HORD004747,PRD0399,2,273.24,546.48
HITM0014938,HORD004748,PRD0346,2,291.88,583.76
HITM0014939,HORD004748,PRD0138,1,818.63,818.63
HITM0014940,HORD004748,PRD0668,1,982.03,982.03
HITM0014941,HORD004749,PRD0234,1,1058.58,1058.58
HITM0014942,HORD004749,PRD0087,1,164.58,164.58
HITM0014943,HORD004750,PRD0468,2,523.04,1046.08
HITM0014944,HORD004750,PRD0331,1,1007.66,1007.66
HITM0014945,HORD004750,PRD0965,1,1142.59,1142.59
HITM0014946,HORD004750,PRD0924,1,1071.28,1071.28
HITM0014947,HORD004750,PRD0967,1,530.38,530.38
HITM0014948,HORD004751,PRD0664,1,3064.35,3064.35
HITM0014949,HORD004751,PRD0735,1,557.24,557.24
HITM0014950,HORD004752,PRD0906,1,150.8,150.8
HITM0014951,HORD004753,PRD0552,1,1741.06,1741.06
HITM0014952,HORD004753,PRD0290,1,151.92,151.92
HITM0014953,HORD004753,PRD0783,2,1292.19,2584.38
HITM0014954,HORD004753,PRD0134,1,1214.25,1214.25
HITM0014955,HORD004753,PRD0610,1,159.67,159.67
HITM0014956,HORD004754,PRD0565,1,294.27,294.27
HITM0014957,HORD004754,PRD0720,1,313.84,313.84
HITM0014958,HORD004755,PRD0252,1,457.51,457.51
HITM0014959,HORD004755,PRD0442,1,1331.04,1331.04
HITM0014960,HORD004756,PRD0838,1,904.43,904.43
HITM0014961,HORD004756,PRD0565,1,294.27,294.27
HITM0014962,HORD004756,PRD0898,1,272.18,272.18
HITM0014963,HORD004756,PRD0015,1,828.91,828.91
HITM0014964,HORD004757,PRD0964,1,449.57,449.57
HITM0014965,HORD004757,PRD0284,1,4182.34,4182.34
HITM0014966,HORD004757,PRD0302,2,1005.45,2010.9
HITM0014967,HORD004757,PRD0055,1,534.13,534.13
HITM0014968,HORD004758,PRD0008,1,146.16,146.16
HITM0014969,HORD004758,PRD0356,2,215.96,431.92
HITM0014970,HORD004758,PRD0518,1,365.35,365.35
HITM0014971,HORD004759,PRD0145,2,564.49,1128.98
HITM0014972,HORD004760,PRD0470,1,116.53,116.53
HITM0014973,HORD004760,PRD0600,1,198.56,198.56
HITM0014974,HORD004760,PRD0698,1,445.24,445.24
HITM0014975,HORD004761,PRD0428,1,844.51,844.51
HITM0014976,HORD004761,PRD0176,2,408.12,816.24
HITM0014977,HORD004762,PRD0661,1,1048.18,1048.18
HITM0014978,HORD004762,PRD0050,2,56.24,112.48
HITM0014979,HORD004762,PRD0241,2,2265.52,4531.04
HITM0014980,HORD004763,PRD0904,1,1097.17,1097.17
HITM0014981,HORD004763,PRD0633,1,1190.36,1190.36
HITM0014982,HORD004764,PRD0244,1,847.84,847.84
HITM0014983,HORD004764,PRD0282,1,641.72,641.72
HITM0014984,HORD004764,PRD0992,1,1671.9,1671.9
HITM0014985,HORD004765,PRD0490,1,337.69,337.69
HITM0014986,HORD004765,PRD0061,2,1070.18,2140.36
HITM0014987,HORD004765,PRD0250,2,79.79,159.58
HITM0014988,HORD004765,PRD0551,2,2017.82,4035.64
HITM0014989,HORD004766,PRD0400,3,158.67,476.01
HITM0014990,HORD004766,PRD0693,1,1149.55,1149.55
HITM0014991,HORD004766,PRD0649,1,1306.2,1306.2
HITM0014992,HORD004766,PRD0320,3,190.98,572.94
HITM0014993,HORD004767,PRD0943,1,862.72,862.72
HITM0014994,HORD004767,PRD0821,1,1235.41,1235.41
HITM0014995,HORD004768,PRD0040,1,239.17,239.17
HITM0014996,HORD004768,PRD0770,1,144.73,144.73
HITM0014997,HORD004768,PRD0472,1,658.25,658.25
HITM0014998,HORD004769,PRD0143,2,926.46,1852.92
HITM0014999,HORD004769,PRD0650,1,233.76,233.76
HITM0015000,HORD004769,PRD0998,3,819.98,2459.94
HITM0015001,HORD004770,PRD0001,1,2393.92,2393.92
HITM0015002,HORD004770,PRD0100,1,206.02,206.02
HITM0015003,HORD004770,PRD0585,2,81.84,163.68
HITM0015004,HORD004771,PRD0494,1,1961.68,1961.68
HITM0015005,HORD004771,PRD0697,1,2301.55,2301.55
HITM0015006,HORD004772,PRD0346,1,291.88,291.88
HITM0015007,HORD004772,PRD0580,2,180.48,360.96
HITM0015008,HORD004772,PRD0938,2,929.59,1859.18
HITM0015009,HORD004773,PRD0645,1,206.79,206.79
HITM0015010,HORD004773,PRD0059,1,748.03,748.03
HITM0015011,HORD004773,PRD0301,1,1027.91,1027.91
HITM0015012,HORD004774,PRD0566,1,665.53,665.53
HITM0015013,HORD004774,PRD0007,1,1073.56,1073.56
HITM0015014,HORD004774,PRD0797,2,850.77,1701.54
HITM0015015,HORD004775,PRD0460,3,250.7,752.1
HITM0015016,HORD004775,PRD0726,1,479.51,479.51
HITM0015017,HORD004775,PRD0628,1,62.19,62.19
HITM0015018,HORD004775,PRD0399,1,273.24,273.24
HITM0015019,HORD004775,PRD0956,1,86.17,86.17
HITM0015020,HORD004776,PRD0440,1,57.41,57.41
HITM0015021,HORD004776,PRD0235,1,452.44,452.44
HITM0015022,HORD004777,PRD0742,1,1738.97,1738.97
HITM0015023,HORD004777,PRD0018,1,953.09,953.09
HITM0015024,HORD004778,PRD0660,1,15.31,15.31
HITM0015025,HORD004778,PRD0841,2,2157.33,4314.66
HITM0015026,HORD004778,PRD0100,1,206.02,206.02
HITM0015027,HORD004779,PRD0855,2,316.87,633.74
HITM0015028,HORD004779,PRD0917,1,1549.86,1549.86
HITM0015029,HORD004779,PRD0906,1,150.8,150.8
HITM0015030,HORD004780,PRD0273,1,697.23,697.23
HITM0015031,HORD004780,PRD0053,1,884.08,884.08
HITM0015032,HORD004781,PRD0854,2,2184.3,4368.6
HITM0015033,HORD004781,PRD0522,2,1323.78,2647.56
HITM0015034,HORD004782,PRD0267,1,657.53,657.53
HITM0015035,HORD004782,PRD0820,2,135.5,271.0
HITM0015036,HORD004782,PRD0537,2,669.66,1339.32
HITM0015037,HORD004783,PRD0120,1,46.82,46.82
HITM0015038,HORD004783,PRD0429,1,1195.52,1195.52
HITM0015039,HORD004784,PRD0645,2,206.79,413.58
HITM0015040,HORD004784,PRD0720,1,313.84,313.84
HITM0015041,HORD004784,PRD0081,1,1506.97,1506.97
HITM0015042,HORD004784,PRD0053,1,884.08,884.08
HITM0015043,HORD004785,PRD0358,1,1013.74,1013.74
HITM0015044,HORD004785,PRD0230,1,290.53,290.53
HITM0015045,HORD004785,PRD0398,1,567.86,567.86
HITM0015046,HORD004785,PRD0707,1,1182.83,1182.83
HITM0015047,HORD004786,PRD0308,1,1088.84,1088.84
HITM0015048,HORD004786,PRD0031,1,2841.2,2841.2
HITM0015049,HORD004787,PRD0895,3,1012.5,3037.5
HITM0015050,HORD004787,PRD0493,1,1091.53,1091.53
HITM0015051,HORD004788,PRD0118,1,578.97,578.97
HITM0015052,HORD004788,PRD0609,1,510.8,510.8
HITM0015053,HORD004788,PRD0621,1,1275.57,1275.57
HITM0015054,HORD004789,PRD0309,1,1023.7,1023.7
HITM0015055,HORD004790,PRD0633,1,1190.36,1190.36
HITM0015056,HORD004790,PRD0345,1,437.36,437.36
HITM0015057,HORD004790,PRD0262,1,973.33,973.33
HITM0015058,HORD004790,PRD0411,1,2843.11,2843.11
HITM0015059,HORD004791,PRD0061,2,1070.18,2140.36
HITM0015060,HORD004791,PRD0842,2,1418.63,2837.26
HITM0015061,HORD004791,PRD0506,1,760.73,760.73
HITM0015062,HORD004791,PRD0513,2,532.33,1064.66
HITM0015063,HORD004792,PRD0169,1,1449.49,1449.49
HITM0015064,HORD004792,PRD0267,1,657.53,657.53
HITM0015065,HORD004792,PRD0409,1,178.56,178.56
HITM0015066,HORD004793,PRD0776,1,143.41,143.41
HITM0015067,HORD004793,PRD0630,1,399.15,399.15
HITM0015068,HORD004794,PRD0671,1,1480.66,1480.66
HITM0015069,HORD004794,PRD0146,2,508.56,1017.12
HITM0015070,HORD004794,PRD0244,3,847.84,2543.52
HITM0015071,HORD004794,PRD0699,1,508.79,508.79
HITM0015072,HORD004795,PRD0928,1,302.59,302.59
HITM0015073,HORD004795,PRD0526,1,84.58,84.58
HITM0015074,HORD004795,PRD0675,1,98.97,98.97
HITM0015075,HORD004795,PRD0441,1,2838.69,2838.69
HITM0015076,HORD004796,PRD0310,1,83.71,83.71
HITM0015077,HORD004796,PRD0320,3,190.98,572.94
HITM0015078,HORD004796,PRD0174,2,2319.35,4638.7
HITM0015079,HORD004797,PRD0219,1,227.25,227.25
HITM0015080,HORD004797,PRD0596,1,846.46,846.46
HITM0015081,HORD004797,PRD0254,3,952.39,2857.17
HITM0015082,HORD004797,PRD0434,1,388.26,388.26
HITM0015083,HORD004798,PRD0935,1,41.85,41.85
HITM0015084,HORD004798,PRD0173,1,1519.14,1519.14
HITM0015085,HORD004798,PRD0126,1,273.65,273.65
HITM0015086,HORD004798,PRD0955,1,56.91,56.91
HITM0015087,HORD004799,PRD0541,1,3125.61,3125.61
HITM0015088,HORD004799,PRD0696,1,137.51,137.51
HITM0015089,HORD004799,PRD0695,1,980.37,980.37
HITM0015090,HORD004800,PRD0649,1,1306.2,1306.2
HITM0015091,HORD004800,PRD0746,2,683.7,1367.4
HITM0015092,HORD004800,PRD0433,1,983.68,983.68
HITM0015093,HORD004800,PRD0138,1,818.63,818.63
HITM0015094,HORD004801,PRD0859,1,530.9,530.9
HITM0015095,HORD004801,PRD0370,1,285.36,285.36
HITM0015096,HORD004801,PRD0055,1,534.13,534.13
HITM0015097,HORD004801,PRD0551,1,2017.82,2017.82
HITM0015098,HORD004802,PRD0809,1,217.32,217.32
HITM0015099,HORD004802,PRD0846,1,427.97,427.97
HITM0015100,HORD004802,PRD0108,2,462.45,924.9
HITM0015101,HORD004803,PRD0083,1,1563.94,1563.94
HITM0015102,HORD004804,PRD0503,1,946.68,946.68
HITM0015103,HORD004804,PRD0024,2,3386.44,6772.88
HITM0015104,HORD004804,PRD0679,1,1370.51,1370.51
HITM0015105,HORD004804,PRD0138,1,818.63,818.63
HITM0015106,HORD004805,PRD0613,1,644.35,644.35
HITM0015107,HORD004805,PRD0534,1,3831.9,3831.9
HITM0015108,HORD004805,PRD0124,1,659.93,659.93
HITM0015109,HORD004805,PRD0928,1,302.59,302.59
HITM0015110,HORD004805,PRD0887,1,159.97,159.97
HITM0015111,HORD004806,PRD0014,1,953.24,953.24
HITM0015112,HORD004806,PRD0873,1,343.79,343.79
HITM0015113,HORD004806,PRD0446,2,132.64,265.28
HITM0015114,HORD004807,PRD0171,1,2618.35,2618.35
HITM0015115,HORD004807,PRD0647,2,818.2,1636.4
HITM0015116,HORD004807,PRD0522,1,1323.78,1323.78
HITM0015117,HORD004808,PRD0551,1,2017.82,2017.82
HITM0015118,HORD004808,PRD0545,1,219.94,219.94
HITM0015119,HORD004808,PRD0567,1,1250.81,1250.81
HITM0015120,HORD004808,PRD0056,2,485.36,970.72
HITM0015121,HORD004809,PRD0614,1,2379.02,2379.02
HITM0015122,HORD004809,PRD0758,1,282.47,282.47
HITM0015123,HORD004809,PRD0856,1,734.6,734.6
HITM0015124,HORD004809,PRD0702,1,1587.86,1587.86
HITM0015125,HORD004809,PRD0406,1,403.51,403.51
HITM0015126,HORD004810,PRD0985,1,602.55,602.55
HITM0015127,HORD004810,PRD0537,1,669.66,669.66
HITM0015128,HORD004810,PRD0931,1,2472.47,2472.47
HITM0015129,HORD004811,PRD0318,1,930.52,930.52
HITM0015130,HORD004811,PRD0948,1,583.21,583.21
HITM0015131,HORD004811,PRD0429,1,1195.52,1195.52
HITM0015132,HORD004811,PRD0298,1,724.89,724.89
HITM0015133,HORD004811,PRD0897,1,368.24,368.24
HITM0015134,HORD004812,PRD0099,1,245.95,245.95
HITM0015135,HORD004812,PRD0785,1,91.04,91.04
HITM0015136,HORD004812,PRD0590,1,320.53,320.53
HITM0015137,HORD004813,PRD0024,2,3386.44,6772.88
HITM0015138,HORD004813,PRD0995,1,745.12,745.12
HITM0015139,HORD004813,PRD0007,1,1073.56,1073.56
HITM0015140,HORD004813,PRD0647,2,818.2,1636.4
HITM0015141,HORD004814,PRD0750,3,181.18,543.54
HITM0015142,HORD004814,PRD0961,2,1295.76,2591.52
HITM0015143,HORD004814,PRD0686,2,654.4,1308.8
HITM0015144,HORD004815,PRD0074,2,587.22,1174.44
HITM0015145,HORD004815,PRD0887,2,159.97,319.94
HITM0015146,HORD004816,PRD0712,1,1402.88,1402.88
HITM0015147,HORD004816,PRD0246,2,674.8,1349.6
HITM0015148,HORD004816,PRD0206,1,633.94,633.94
HITM0015149,HORD004816,PRD0931,1,2472.47,2472.47
HITM0015150,HORD004817,PRD0284,2,4182.34,8364.68
HITM0015151,HORD004817,PRD0424,1,2256.09,2256.09
HITM0015152,HORD004817,PRD0451,2,2851.18,5702.36
HITM0015153,HORD004817,PRD0416,1,420.25,420.25
HITM0015154,HORD004818,PRD0386,1,703.44,703.44
HITM0015155,HORD004818,PRD0733,1,1586.43,1586.43
HITM0015156,HORD004818,PRD0806,1,351.54,351.54
HITM0015157,HORD004818,PRD0750,1,181.18,181.18
HITM0015158,HORD004818,PRD0048,2,176.51,353.02
HITM0015159,HORD004819,PRD0701,1,3133.77,3133.77
HITM0015160,HORD004820,PRD0016,2,255.89,511.78
HITM0015161,HORD004820,PRD0580,1,180.48,180.48
HITM0015162,HORD004820,PRD0578,1,718.33,718.33
HITM0015163,HORD004820,PRD0803,2,585.93,1171.86
HITM0015164,HORD004820,PRD0792,3,1199.37,3598.11
HITM0015165,HORD004821,PRD0307,1,2081.93,2081.93
HITM0015166,HORD004821,PRD0116,1,333.11,333.11
HITM0015167,HORD004822,PRD0295,2,1095.89,2191.78
HITM0015168,HORD004822,PRD0703,1,289.3,289.3
HITM0015169,HORD004823,PRD0183,1,442.77,442.77
HITM0015170,HORD004823,PRD0686,1,654.4,654.4
HITM0015171,HORD004823,PRD0270,2,381.87,763.74
HITM0015172,HORD004823,PRD0875,1,1168.64,1168.64
HITM0015173,HORD004823,PRD0307,1,2081.93,2081.93
HITM0015174,HORD004824,PRD0575,1,177.67,177.67
HITM0015175,HORD004824,PRD0080,2,15.23,30.46
HITM0015176,HORD004825,PRD0189,1,325.61,325.61
HITM0015177,HORD004825,PRD0608,2,607.93,1215.86
HITM0015178,HORD004825,PRD0237,1,2383.14,2383.14
HITM0015179,HORD004826,PRD0833,2,941.26,1882.52
HITM0015180,HORD004826,PRD0722,1,373.93,373.93
HITM0015181,HORD004826,PRD0377,1,941.97,941.97
HITM0015182,HORD004826,PRD0687,1,729.09,729.09
HITM0015183,HORD004827,PRD0694,2,1984.32,3968.64
HITM0015184,HORD004827,PRD0872,1,1383.23,1383.23
HITM0015185,HORD004827,PRD0133,1,772.02,772.02
HITM0015186,HORD004828,PRD0469,1,710.35,710.35
HITM0015187,HORD004828,PRD0803,1,585.93,585.93
HITM0015188,HORD004829,PRD0067,1,1666.09,1666.09
HITM0015189,HORD004829,PRD0195,2,89.95,179.9
HITM0015190,HORD004829,PRD0035,1,215.11,215.11
HITM0015191,HORD004829,PRD0460,1,250.7,250.7
HITM0015192,HORD004830,PRD0825,2,606.92,1213.84
HITM0015193,HORD004830,PRD0415,1,78.5,78.5
HITM0015194,HORD004830,PRD0155,1,372.71,372.71
HITM0015195,HORD004830,PRD0222,1,1210.33,1210.33
HITM0015196,HORD004831,PRD0369,1,123.0,123.0
HITM0015197,HORD004831,PRD0667,1,1136.29,1136.29
HITM0015198,HORD004831,PRD0497,1,2082.0,2082.0
HITM0015199,HORD004832,PRD0108,1,462.45,462.45
HITM0015200,HORD004832,PRD0080,1,15.23,15.23
HITM0015201,HORD004832,PRD0409,1,178.56,178.56
HITM0015202,HORD004833,PRD0803,1,585.93,585.93
HITM0015203,HORD004833,PRD0526,1,84.58,84.58
HITM0015204,HORD004833,PRD0707,2,1182.83,2365.66
HITM0015205,HORD004834,PRD0826,1,402.15,402.15
HITM0015206,HORD004834,PRD0577,1,2330.53,2330.53
HITM0015207,HORD004835,PRD0162,1,1783.95,1783.95
HITM0015208,HORD004835,PRD0872,1,1383.23,1383.23
HITM0015209,HORD004836,PRD0779,1,621.7,621.7
HITM0015210,HORD004836,PRD0645,1,206.79,206.79
HITM0015211,HORD004836,PRD0246,1,674.8,674.8
HITM0015212,HORD004836,PRD0560,1,414.95,414.95
HITM0015213,HORD004837,PRD0118,1,578.97,578.97
HITM0015214,HORD004838,PRD0458,1,960.04,960.04
HITM0015215,HORD004838,PRD0008,1,146.16,146.16
HITM0015216,HORD004838,PRD0150,1,338.38,338.38
HITM0015217,HORD004838,PRD0285,1,709.46,709.46
HITM0015218,HORD004839,PRD0309,2,1023.7,2047.4
HITM0015219,HORD004839,PRD0541,1,3125.61,3125.61
HITM0015220,HORD004839,PRD0349,1,1056.93,1056.93
HITM0015221,HORD004840,PRD0142,1,1647.71,1647.71
HITM0015222,HORD004840,PRD0149,1,427.78,427.78
HITM0015223,HORD004840,PRD0594,1,2046.58,2046.58
HITM0015224,HORD004841,PRD0978,1,897.68,897.68
HITM0015225,HORD004841,PRD0868,1,956.14,956.14
HITM0015226,HORD004842,PRD0855,1,316.87,316.87
HITM0015227,HORD004842,PRD0831,1,2373.29,2373.29
HITM0015228,HORD004842,PRD0061,1,1070.18,1070.18
HITM0015229,HORD004842,PRD0290,1,151.92,151.92
HITM0015230,HORD004843,PRD0268,1,395.01,395.01
HITM0015231,HORD004843,PRD0470,1,116.53,116.53
HITM0015232,HORD004843,PRD0619,1,394.74,394.74
HITM0015233,HORD004844,PRD0825,1,606.92,606.92
HITM0015234,HORD004844,PRD0476,1,181.3,181.3
HITM0015235,HORD004845,PRD0159,1,1223.4,1223.4
HITM0015236,HORD004845,PRD0175,2,883.13,1766.26
HITM0015237,HORD004845,PRD0005,1,503.71,503.71
HITM0015238,HORD004845,PRD0106,1,40.68,40.68
HITM0015239,HORD004846,PRD0985,2,602.55,1205.1
HITM0015240,HORD004846,PRD0447,1,388.49,388.49
HITM0015241,HORD004846,PRD0708,1,545.08,545.08
HITM0015242,HORD004847,PRD0690,1,30.42,30.42
HITM0015243,HORD004847,PRD0923,1,819.32,819.32
HITM0015244,HORD004848,PRD0328,1,490.58,490.58
HITM0015245,HORD004848,PRD0413,1,1348.47,1348.47
HITM0015246,HORD004848,PRD0281,1,1296.1,1296.1
HITM0015247,HORD004848,PRD0055,1,534.13,534.13
HITM0015248,HORD004848,PRD0588,1,828.34,828.34
HITM0015249,HORD004849,PRD0320,1,190.98,190.98
HITM0015250,HORD004849,PRD0529,2,915.61,1831.22
HITM0015251,HORD004849,PRD0492,1,961.25,961.25
HITM0015252,HORD004849,PRD0564,1,3629.67,3629.67
HITM0015253,HORD004849,PRD0336,1,657.61,657.61
HITM0015254,HORD004850,PRD0483,3,998.58,2995.74
HITM0015255,HORD004850,PRD0753,1,272.68,272.68
HITM0015256,HORD004851,PRD0240,1,417.49,417.49
HITM0015257,HORD004851,PRD0610,1,159.67,159.67
HITM0015258,HORD004851,PRD0370,2,285.36,570.72
HITM0015259,HORD004851,PRD0878,1,453.39,453.39
HITM0015260,HORD004852,PRD0830,2,57.62,115.24
HITM0015261,HORD004852,PRD0253,1,1494.32,1494.32
HITM0015262,HORD004852,PRD0593,1,703.89,703.89
HITM0015263,HORD004852,PRD0619,2,394.74,789.48
HITM0015264,HORD004853,PRD0791,1,2879.43,2879.43
HITM0015265,HORD004853,PRD0397,1,1333.88,1333.88
HITM0015266,HORD004853,PRD0338,1,925.26,925.26
HITM0015267,HORD004854,PRD0638,1,249.29,249.29
HITM0015268,HORD004854,PRD0296,2,767.13,1534.26
HITM0015269,HORD004854,PRD0193,1,596.94,596.94
HITM0015270,HORD004855,PRD0533,2,367.95,735.9
HITM0015271,HORD004855,PRD0427,1,1212.42,1212.42
HITM0015272,HORD004856,PRD0670,1,152.13,152.13
HITM0015273,HORD004856,PRD0116,1,333.11,333.11
HITM0015274,HORD004857,PRD0133,1,772.02,772.02
HITM0015275,HORD004857,PRD0193,1,596.94,596.94
HITM0015276,HORD004857,PRD0235,1,452.44,452.44
HITM0015277,HORD004858,PRD0542,1,1746.75,1746.75
HITM0015278,HORD004858,PRD0133,2,772.02,1544.04
HITM0015279,HORD004859,PRD0936,1,214.36,214.36
HITM0015280,HORD004859,PRD0614,1,2379.02,2379.02
HITM0015281,HORD004859,PRD0840,1,48.65,48.65
HITM0015282,HORD004859,PRD0524,1,3613.52,3613.52
HITM0015283,HORD004860,PRD0895,1,1012.5,1012.5
HITM0015284,HORD004860,PRD0033,3,884.6,2653.8
HITM0015285,HORD004860,PRD0397,2,1333.88,2667.76
HITM0015286,HORD004861,PRD0932,3,1610.28,4830.84
HITM0015287,HORD004861,PRD0330,1,222.78,222.78
HITM0015288,HORD004861,PRD0858,1,188.42,188.42
HITM0015289,HORD004862,PRD0329,1,320.22,320.22
HITM0015290,HORD004862,PRD0676,1,499.99,499.99
HITM0015291,HORD004862,PRD0828,1,457.81,457.81
HITM0015292,HORD004863,PRD0766,1,734.79,734.79
HITM0015293,HORD004863,PRD0514,1,1035.93,1035.93
HITM0015294,HORD004863,PRD0753,2,272.68,545.36
HITM0015295,HORD004864,PRD0996,1,643.77,643.77
HITM0015296,HORD004864,PRD0090,1,223.82,223.82
HITM0015297,HORD004865,PRD0130,2,234.4,468.8
HITM0015298,HORD004865,PRD0431,1,1519.4,1519.4
HITM0015299,HORD004865,PRD0721,1,2364.46,2364.46
HITM0015300,HORD004865,PRD0101,1,1188.71,1188.71
HITM0015301,HORD004866,PRD0128,1,237.78,237.78
HITM0015302,HORD004866,PRD0828,1,457.81,457.81
HITM0015303,HORD004866,PRD0405,2,146.11,292.22
HITM0015304,HORD004867,PRD0516,1,293.41,293.41
HITM0015305,HORD004867,PRD0104,2,1407.8,2815.6
HITM0015306,HORD004867,PRD0683,1,609.14,609.14
HITM0015307,HORD004868,PRD0410,1,212.08,212.08
HITM0015308,HORD004868,PRD0379,1,722.92,722.92
HITM0015309,HORD004868,PRD0706,1,173.61,173.61
HITM0015310,HORD004868,PRD0016,1,255.89,255.89
HITM0015311,HORD004868,PRD0462,1,595.57,595.57
HITM0015312,HORD004869,PRD0736,2,828.82,1657.64
HITM0015313,HORD004869,PRD0342,1,771.91,771.91
HITM0015314,HORD004869,PRD0339,3,1457.58,4372.74
HITM0015315,HORD004869,PRD0888,1,735.67,735.67
HITM0015316,HORD004870,PRD0794,2,464.13,928.26
HITM0015317,HORD004871,PRD0414,1,1024.71,1024.71
HITM0015318,HORD004871,PRD0456,1,111.78,111.78
HITM0015319,HORD004871,PRD0745,2,882.2,1764.4
HITM0015320,HORD004871,PRD0427,1,1212.42,1212.42
HITM0015321,HORD004872,PRD0934,2,4104.95,8209.9
HITM0015322,HORD004872,PRD0994,1,916.4,916.4
HITM0015323,HORD004872,PRD0811,1,1099.78,1099.78
HITM0015324,HORD004873,PRD0945,1,113.23,113.23
HITM0015325,HORD004873,PRD0828,1,457.81,457.81
HITM0015326,HORD004874,PRD0888,1,735.67,735.67
HITM0015327,HORD004874,PRD0266,1,667.96,667.96
HITM0015328,HORD004874,PRD0831,1,2373.29,2373.29
HITM0015329,HORD004875,PRD0996,1,643.77,643.77
HITM0015330,HORD004875,PRD0051,1,2153.52,2153.52
HITM0015331,HORD004875,PRD0692,2,488.18,976.36
HITM0015332,HORD004876,PRD0233,1,804.27,804.27
HITM0015333,HORD004877,PRD0012,1,711.13,711.13
HITM0015334,HORD004877,PRD0233,1,804.27,804.27
HITM0015335,HORD004877,PRD0357,1,2299.18,2299.18
HITM0015336,HORD004878,PRD0736,1,828.82,828.82
HITM0015337,HORD004878,PRD0032,1,581.78,581.78
HITM0015338,HORD004878,PRD0628,3,62.19,186.57
HITM0015339,HORD004879,PRD0089,1,1041.14,1041.14
HITM0015340,HORD004880,PRD0518,1,365.35,365.35
HITM0015341,HORD004880,PRD0250,1,79.79,79.79
HITM0015342,HORD004880,PRD0886,2,529.82,1059.64
HITM0015343,HORD004880,PRD0369,1,123.0,123.0
HITM0015344,HORD004881,PRD0909,2,167.36,334.72
HITM0015345,HORD004881,PRD0858,1,188.42,188.42
HITM0015346,HORD004882,PRD0437,1,2082.66,2082.66
HITM0015347,HORD004882,PRD0215,1,273.66,273.66
HITM0015348,HORD004882,PRD0074,1,587.22,587.22
HITM0015349,HORD004882,PRD0513,1,532.33,532.33
HITM0015350,HORD004883,PRD0919,1,202.1,202.1
HITM0015351,HORD004883,PRD0004,1,468.81,468.81
HITM0015352,HORD004883,PRD0993,2,752.35,1504.7
HITM0015353,HORD004883,PRD0051,1,2153.52,2153.52
HITM0015354,HORD004884,PRD0327,1,1792.58,1792.58
HITM0015355,HORD004884,PRD0621,2,1275.57,2551.14
HITM0015356,HORD004884,PRD0319,3,882.45,2647.35
HITM0015357,HORD004885,PRD0833,1,941.26,941.26
HITM0015358,HORD004885,PRD0183,1,442.77,442.77
HITM0015359,HORD004886,PRD0835,1,982.79,982.79
HITM0015360,HORD004886,PRD0568,2,237.73,475.46
HITM0015361,HORD004886,PRD0802,1,593.98,593.98
HITM0015362,HORD004887,PRD0098,1,848.52,848.52
HITM0015363,HORD004887,PRD0301,2,1027.91,2055.82
HITM0015364,HORD004887,PRD0197,1,179.71,179.71
HITM0015365,HORD004888,PRD0059,2,748.03,1496.06
HITM0015366,HORD004888,PRD0091,1,2959.54,2959.54
HITM0015367,HORD004888,PRD0926,2,315.02,630.04
HITM0015368,HORD004888,PRD0200,2,160.69,321.38
HITM0015369,HORD004889,PRD0282,1,641.72,641.72
HITM0015370,HORD004889,PRD0480,1,379.33,379.33
HITM0015371,HORD004889,PRD0706,1,173.61,173.61
HITM0015372,HORD004890,PRD0975,2,1104.47,2208.94
HITM0015373,HORD004890,PRD0272,1,830.69,830.69
HITM0015374,HORD004890,PRD0355,1,412.17,412.17
HITM0015375,HORD004891,PRD0113,1,418.73,418.73
HITM0015376,HORD004891,PRD0528,1,386.06,386.06
HITM0015377,HORD004891,PRD0088,1,767.45,767.45
HITM0015378,HORD004891,PRD0269,1,236.51,236.51
HITM0015379,HORD004892,PRD0265,1,94.03,94.03
HITM0015380,HORD004892,PRD0509,1,306.02,306.02
HITM0015381,HORD004892,PRD0251,1,2656.31,2656.31
HITM0015382,HORD004892,PRD0260,1,386.46,386.46
HITM0015383,HORD004893,PRD0567,1,1250.81,1250.81
HITM0015384,HORD004893,PRD0268,1,395.01,395.01
HITM0015385,HORD004894,PRD0392,1,647.54,647.54
HITM0015386,HORD004894,PRD0486,1,297.99,297.99
HITM0015387,HORD004894,PRD0662,1,808.63,808.63
HITM0015388,HORD004894,PRD0647,2,818.2,1636.4
HITM0015389,HORD004894,PRD0979,3,1164.08,3492.24
HITM0015390,HORD004895,PRD0426,1,571.98,571.98
HITM0015391,HORD004895,PRD0453,3,1232.3,3696.9
HITM0015392,HORD004895,PRD0490,1,337.69,337.69
HITM0015393,HORD004896,PRD0421,2,2441.59,4883.18
HITM0015394,HORD004896,PRD0265,1,94.03,94.03
HITM0015395,HORD004897,PRD0972,1,690.82,690.82
HITM0015396,HORD004897,PRD0638,1,249.29,249.29
HITM0015397,HORD004897,PRD0962,1,1496.58,1496.58
HITM0015398,HORD004898,PRD0054,1,2814.02,2814.02
HITM0015399,HORD004898,PRD0036,2,120.39,240.78
HITM0015400,HORD004898,PRD0356,1,215.96,215.96
HITM0015401,HORD004898,PRD0486,1,297.99,297.99
HITM0015402,HORD004898,PRD0296,2,767.13,1534.26
HITM0015403,HORD004899,PRD0179,1,769.0,769.0
HITM0015404,HORD004899,PRD0866,1,684.58,684.58
HITM0015405,HORD004899,PRD0722,1,373.93,373.93
HITM0015406,HORD004900,PRD0846,1,427.97,427.97
HITM0015407,HORD004900,PRD0494,1,1961.68,1961.68
HITM0015408,HORD004900,PRD0718,1,214.61,214.61
HITM0015409,HORD004900,PRD0819,3,282.56,847.68
HITM0015410,HORD004901,PRD0269,1,236.51,236.51
HITM0015411,HORD004901,PRD0738,1,778.08,778.08
HITM0015412,HORD004901,PRD0789,1,776.9,776.9
HITM0015413,HORD004901,PRD0100,1,206.02,206.02
HITM0015414,HORD004902,PRD0190,1,274.29,274.29
HITM0015415,HORD004902,PRD0553,1,1464.9,1464.9
HITM0015416,HORD004903,PRD0929,1,897.78,897.78
HITM0015417,HORD004903,PRD0565,1,294.27,294.27
HITM0015418,HORD004903,PRD0405,1,146.11,146.11
HITM0015419,HORD004903,PRD0623,1,1221.11,1221.11
HITM0015420,HORD004904,PRD0494,1,1961.68,1961.68
HITM0015421,HORD004904,PRD0099,3,245.95,737.85
HITM0015422,HORD004904,PRD0708,1,545.08,545.08
HITM0015423,HORD004905,PRD0737,1,540.55,540.55
HITM0015424,HORD004905,PRD0988,1,236.45,236.45
HITM0015425,HORD004906,PRD0808,1,566.96,566.96
HITM0015426,HORD004906,PRD0801,1,1009.09,1009.09
HITM0015427,HORD004906,PRD0074,1,587.22,587.22
HITM0015428,HORD004906,PRD0827,1,1290.81,1290.81
HITM0015429,HORD004907,PRD0923,1,819.32,819.32
HITM0015430,HORD004908,PRD0308,1,1088.84,1088.84
HITM0015431,HORD004908,PRD0521,1,2581.65,2581.65
HITM0015432,HORD004908,PRD0875,1,1168.64,1168.64
HITM0015433,HORD004908,PRD0741,1,1525.47,1525.47
HITM0015434,HORD004909,PRD0867,1,500.96,500.96
HITM0015435,HORD004909,PRD0195,1,89.95,89.95
HITM0015436,HORD004909,PRD0333,1,1274.3,1274.3
HITM0015437,HORD004910,PRD0357,1,2299.18,2299.18
HITM0015438,HORD004910,PRD0351,2,1823.65,3647.3
HITM0015439,HORD004911,PRD0489,1,1207.96,1207.96
HITM0015440,HORD004911,PRD0928,2,302.59,605.18
HITM0015441,HORD004911,PRD0369,3,123.0,369.0
HITM0015442,HORD004911,PRD0882,1,404.51,404.51
HITM0015443,HORD004912,PRD0592,1,471.73,471.73
HITM0015444,HORD004913,PRD0808,1,566.96,566.96
HITM0015445,HORD004913,PRD0218,1,637.83,637.83
HITM0015446,HORD004913,PRD0042,1,1502.85,1502.85
HITM0015447,HORD004913,PRD0768,1,1063.13,1063.13
HITM0015448,HORD004914,PRD0560,2,414.95,829.9
HITM0015449,HORD004914,PRD0698,1,445.24,445.24
HITM0015450,HORD004914,PRD0413,1,1348.47,1348.47
HITM0015451,HORD004915,PRD0202,1,1282.0,1282.0
HITM0015452,HORD004915,PRD0099,1,245.95,245.95
HITM0015453,HORD004915,PRD0704,1,3699.65,3699.65
HITM0015454,HORD004915,PRD0741,1,1525.47,1525.47
HITM0015455,HORD004916,PRD0603,1,851.99,851.99
HITM0015456,HORD004916,PRD0233,2,804.27,1608.54
HITM0015457,HORD004916,PRD0461,1,1664.1,1664.1
HITM0015458,HORD004916,PRD0334,1,2155.76,2155.76
HITM0015459,HORD004916,PRD0665,1,758.8,758.8
HITM0015460,HORD004917,PRD0462,1,595.57,595.57
HITM0015461,HORD004917,PRD0730,1,241.01,241.01
HITM0015462,HORD004917,PRD0623,2,1221.11,2442.22
HITM0015463,HORD004917,PRD0073,2,1270.32,2540.64
HITM0015464,HORD004918,PRD0053,1,884.08,884.08
HITM0015465,HORD004918,PRD0905,1,951.23,951.23
HITM0015466,HORD004918,PRD0542,1,1746.75,1746.75
HITM0015467,HORD004919,PRD0300,1,305.18,305.18
HITM0015468,HORD004919,PRD0560,1,414.95,414.95
HITM0015469,HORD004919,PRD0940,1,200.38,200.38
HITM0015470,HORD004919,PRD0500,1,250.29,250.29
HITM0015471,HORD004920,PRD0022,2,1385.01,2770.02
HITM0015472,HORD004920,PRD0066,1,66.71,66.71
HITM0015473,HORD004921,PRD0364,1,3680.48,3680.48
HITM0015474,HORD004921,PRD0238,1,814.82,814.82
HITM0015475,HORD004922,PRD0600,1,198.56,198.56
HITM0015476,HORD004922,PRD0842,1,1418.63,1418.63
HITM0015477,HORD004922,PRD0536,2,274.78,549.56
HITM0015478,HORD004922,PRD0525,1,589.06,589.06
HITM0015479,HORD004923,PRD0260,1,386.46,386.46
HITM0015480,HORD004923,PRD0646,1,155.12,155.12
HITM0015481,HORD004923,PRD0668,1,982.03,982.03
HITM0015482,HORD004923,PRD0270,1,381.87,381.87
HITM0015483,HORD004924,PRD0475,1,1049.43,1049.43
HITM0015484,HORD004924,PRD0756,1,238.54,238.54
HITM0015485,HORD004924,PRD0990,1,268.68,268.68
HITM0015486,HORD004924,PRD0042,1,1502.85,1502.85
HITM0015487,HORD004924,PRD0449,1,483.76,483.76
HITM0015488,HORD004925,PRD0097,1,2221.25,2221.25
HITM0015489,HORD004925,PRD0882,1,404.51,404.51
HITM0015490,HORD004925,PRD0886,2,529.82,1059.64
HITM0015491,HORD004925,PRD0084,1,1560.4,1560.4
HITM0015492,HORD004926,PRD0722,2,373.93,747.86
HITM0015493,HORD004926,PRD0705,1,200.18,200.18
HITM0015494,HORD004926,PRD0376,1,689.26,689.26
HITM0015495,HORD004926,PRD0608,1,607.93,607.93
HITM0015496,HORD004927,PRD0126,1,273.65,273.65
HITM0015497,HORD004927,PRD0195,2,89.95,179.9
HITM0015498,HORD004927,PRD0329,1,320.22,320.22
HITM0015499,HORD004927,PRD0687,1,729.09,729.09
HITM0015500,HORD004928,PRD0442,1,1331.04,1331.04
HITM0015501,HORD004928,PRD0431,1,1519.4,1519.4
HITM0015502,HORD004928,PRD0995,1,745.12,745.12
HITM0015503,HORD004928,PRD0218,1,637.83,637.83
HITM0015504,HORD004929,PRD0100,1,206.02,206.02
HITM0015505,HORD004929,PRD0865,1,308.23,308.23
HITM0015506,HORD004930,PRD0216,2,503.39,1006.78
HITM0015507,HORD004930,PRD0797,1,850.77,850.77
HITM0015508,HORD004930,PRD0266,1,667.96,667.96
HITM0015509,HORD004930,PRD0622,1,678.69,678.69
HITM0015510,HORD004931,PRD0889,1,893.76,893.76
HITM0015511,HORD004931,PRD0032,1,581.78,581.78
HITM0015512,HORD004931,PRD0533,1,367.95,367.95
HITM0015513,HORD004932,PRD0856,1,734.6,734.6
HITM0015514,HORD004932,PRD0602,1,1093.07,1093.07
HITM0015515,HORD004932,PRD0960,1,155.66,155.66
HITM0015516,HORD004932,PRD0451,1,2851.18,2851.18
HITM0015517,HORD004933,PRD0164,2,1650.2,3300.4
HITM0015518,HORD004933,PRD0400,1,158.67,158.67
HITM0015519,HORD004934,PRD0658,2,471.69,943.38
HITM0015520,HORD004934,PRD0767,1,2003.56,2003.56
HITM0015521,HORD004934,PRD0741,1,1525.47,1525.47
HITM0015522,HORD004934,PRD0425,1,615.94,615.94
HITM0015523,HORD004934,PRD0755,1,417.76,417.76
HITM0015524,HORD004935,PRD0638,2,249.29,498.58
HITM0015525,HORD004935,PRD0433,1,983.68,983.68
HITM0015526,HORD004935,PRD0265,1,94.03,94.03
HITM0015527,HORD004935,PRD0455,1,679.95,679.95
HITM0015528,HORD004936,PRD0288,1,324.08,324.08
HITM0015529,HORD004936,PRD0239,2,761.02,1522.04
HITM0015530,HORD004936,PRD0130,1,234.4,234.4
HITM0015531,HORD004937,PRD0469,1,710.35,710.35
HITM0015532,HORD004937,PRD0079,1,1319.99,1319.99
HITM0015533,HORD004937,PRD0586,1,110.38,110.38
HITM0015534,HORD004937,PRD0144,2,2737.49,5474.98
HITM0015535,HORD004938,PRD0566,1,665.53,665.53
HITM0015536,HORD004938,PRD0139,1,1416.61,1416.61
HITM0015537,HORD004938,PRD0797,1,850.77,850.77
HITM0015538,HORD004938,PRD0356,1,215.96,215.96
HITM0015539,HORD004939,PRD1000,1,120.72,120.72
HITM0015540,HORD004939,PRD0716,1,197.99,197.99
HITM0015541,HORD004939,PRD0569,1,238.57,238.57
HITM0015542,HORD004940,PRD0656,2,473.06,946.12
HITM0015543,HORD004940,PRD0643,2,1556.87,3113.74
HITM0015544,HORD004940,PRD0916,1,110.26,110.26
HITM0015545,HORD004941,PRD0696,1,137.51,137.51
HITM0015546,HORD004941,PRD0014,1,953.24,953.24
HITM0015547,HORD004942,PRD0471,1,1997.5,1997.5
HITM0015548,HORD004943,PRD0928,1,302.59,302.59
HITM0015549,HORD004943,PRD0767,2,2003.56,4007.12
HITM0015550,HORD004943,PRD0847,1,370.04,370.04
HITM0015551,HORD004944,PRD0172,1,642.62,642.62
HITM0015552,HORD004944,PRD0807,1,1766.65,1766.65
HITM0015553,HORD004945,PRD0145,1,564.49,564.49
HITM0015554,HORD004945,PRD0381,1,2583.59,2583.59
HITM0015555,HORD004945,PRD0058,1,137.85,137.85
HITM0015556,HORD004945,PRD0617,1,2145.95,2145.95
HITM0015557,HORD004945,PRD0402,1,335.07,335.07
HITM0015558,HORD004946,PRD0593,2,703.89,1407.78
HITM0015559,HORD004946,PRD0955,1,56.91,56.91
HITM0015560,HORD004947,PRD0917,2,1549.86,3099.72
HITM0015561,HORD004947,PRD0850,1,312.03,312.03
HITM0015562,HORD004947,PRD0680,1,369.12,369.12
HITM0015563,HORD004948,PRD0529,1,915.61,915.61
HITM0015564,HORD004948,PRD0592,1,471.73,471.73
HITM0015565,HORD004949,PRD0385,1,272.03,272.03
HITM0015566,HORD004949,PRD0833,1,941.26,941.26
HITM0015567,HORD004949,PRD0093,2,1233.02,2466.04
HITM0015568,HORD004949,PRD0543,1,303.53,303.53
HITM0015569,HORD004950,PRD0491,1,1885.4,1885.4
HITM0015570,HORD004950,PRD0345,1,437.36,437.36
HITM0015571,HORD004950,PRD0809,1,217.32,217.32
HITM0015572,HORD004951,PRD0696,1,137.51,137.51
HITM0015573,HORD004951,PRD0547,1,2316.63,2316.63
HITM0015574,HORD004951,PRD0386,2,703.44,1406.88
HITM0015575,HORD004951,PRD0074,3,587.22,1761.66
HITM0015576,HORD004952,PRD0443,1,393.59,393.59
HITM0015577,HORD004952,PRD0616,1,480.04,480.04
HITM0015578,HORD004953,PRD0753,1,272.68,272.68
HITM0015579,HORD004953,PRD0977,1,171.2,171.2
HITM0015580,HORD004953,PRD0052,1,1050.73,1050.73
HITM0015581,HORD004954,PRD0244,1,847.84,847.84
HITM0015582,HORD004955,PRD0197,1,179.71,179.71
HITM0015583,HORD004955,PRD0011,1,1160.31,1160.31
HITM0015584,HORD004955,PRD0221,1,1071.11,1071.11
HITM0015585,HORD004955,PRD0560,1,414.95,414.95
HITM0015586,HORD004956,PRD0950,1,71.67,71.67
HITM0015587,HORD004957,PRD0048,1,176.51,176.51
HITM0015588,HORD004957,PRD0835,2,982.79,1965.58
HITM0015589,HORD004957,PRD0753,2,272.68,545.36
HITM0015590,HORD004957,PRD0588,2,828.34,1656.68
HITM0015591,HORD004958,PRD0760,1,145.6,145.6
HITM0015592,HORD004958,PRD0411,1,2843.11,2843.11
HITM0015593,HORD004958,PRD0208,1,425.89,425.89
HITM0015594,HORD004959,PRD0831,1,2373.29,2373.29
HITM0015595,HORD004959,PRD0368,1,372.64,372.64
HITM0015596,HORD004960,PRD0563,1,530.17,530.17
HITM0015597,HORD004961,PRD0662,2,808.63,1617.26
HITM0015598,HORD004961,PRD0715,1,61.65,61.65
HITM0015599,HORD004961,PRD0650,1,233.76,233.76
HITM0015600,HORD004961,PRD0369,1,123.0,123.0
HITM0015601,HORD004961,PRD0845,1,1093.84,1093.84
HITM0015602,HORD004962,PRD0190,2,274.29,548.58
HITM0015603,HORD004962,PRD0407,1,607.64,607.64
HITM0015604,HORD004962,PRD0280,1,149.57,149.57
HITM0015605,HORD004963,PRD0826,1,402.15,402.15
HITM0015606,HORD004963,PRD0553,3,1464.9,4394.7
HITM0015607,HORD004963,PRD0978,2,897.68,1795.36
HITM0015608,HORD004963,PRD0343,1,1104.21,1104.21
HITM0015609,HORD004964,PRD0858,2,188.42,376.84
HITM0015610,HORD004964,PRD0375,1,901.8,901.8
HITM0015611,HORD004964,PRD0509,1,306.02,306.02
HITM0015612,HORD004964,PRD0118,1,578.97,578.97
HITM0015613,HORD004964,PRD0641,1,1601.27,1601.27
HITM0015614,HORD004965,PRD0655,1,261.66,261.66
HITM0015615,HORD004966,PRD0455,1,679.95,679.95
HITM0015616,HORD004966,PRD0774,1,3381.71,3381.71
HITM0015617,HORD004966,PRD0635,2,140.41,280.82
HITM0015618,HORD004966,PRD0396,1,672.25,672.25
HITM0015619,HORD004966,PRD0666,1,703.13,703.13
HITM0015620,HORD004967,PRD0089,1,1041.14,1041.14
HITM0015621,HORD004967,PRD0096,1,327.95,327.95
HITM0015622,HORD004967,PRD0645,2,206.79,413.58
HITM0015623,HORD004968,PRD0950,1,71.67,71.67
HITM0015624,HORD004968,PRD0112,1,1668.77,1668.77
HITM0015625,HORD004968,PRD0986,2,445.06,890.12
HITM0015626,HORD004968,PRD0276,1,443.22,443.22
HITM0015627,HORD004969,PRD0404,1,1363.51,1363.51
HITM0015628,HORD004969,PRD0356,1,215.96,215.96
HITM0015629,HORD004969,PRD0909,1,167.36,167.36
HITM0015630,HORD004969,PRD0020,1,254.09,254.09
HITM0015631,HORD004969,PRD0630,2,399.15,798.3
HITM0015632,HORD004970,PRD0126,1,273.65,273.65
HITM0015633,HORD004971,PRD0407,1,607.64,607.64
HITM0015634,HORD004971,PRD0085,1,477.42,477.42
HITM0015635,HORD004971,PRD0803,1,585.93,585.93
HITM0015636,HORD004971,PRD0568,1,237.73,237.73
HITM0015637,HORD004972,PRD0517,2,466.6,933.2
HITM0015638,HORD004972,PRD0011,2,1160.31,2320.62
HITM0015639,HORD004972,PRD0495,1,1086.82,1086.82
HITM0015640,HORD004973,PRD0369,2,123.0,246.0
HITM0015641,HORD004973,PRD0167,1,2514.98,2514.98
HITM0015642,HORD004973,PRD0683,2,609.14,1218.28
HITM0015643,HORD004973,PRD0673,1,1159.13,1159.13
HITM0015644,HORD004974,PRD0102,1,1075.3,1075.3
HITM0015645,HORD004974,PRD0532,3,1430.86,4292.58
HITM0015646,HORD004974,PRD0142,1,1647.71,1647.71
HITM0015647,HORD004974,PRD0585,1,81.84,81.84
HITM0015648,HORD004974,PRD0627,1,869.77,869.77
HITM0015649,HORD004975,PRD0250,2,79.79,159.58
HITM0015650,HORD004975,PRD0034,1,797.09,797.09
HITM0015651,HORD004975,PRD0451,1,2851.18,2851.18
HITM0015652,HORD004975,PRD0364,2,3680.48,7360.96
HITM0015653,HORD004976,PRD0531,2,2292.33,4584.66
HITM0015654,HORD004976,PRD0537,1,669.66,669.66
HITM0015655,HORD004976,PRD0254,1,952.39,952.39
HITM0015656,HORD004976,PRD0696,1,137.51,137.51
HITM0015657,HORD004977,PRD0072,1,713.12,713.12
HITM0015658,HORD004977,PRD0879,1,1214.72,1214.72
HITM0015659,HORD004977,PRD0036,2,120.39,240.78
HITM0015660,HORD004978,PRD0122,3,1652.29,4956.87
HITM0015661,HORD004978,PRD0298,1,724.89,724.89
HITM0015662,HORD004978,PRD0133,2,772.02,1544.04
HITM0015663,HORD004979,PRD0861,1,1625.97,1625.97
HITM0015664,HORD004979,PRD0619,1,394.74,394.74
HITM0015665,HORD004979,PRD0731,1,1026.14,1026.14
HITM0015666,HORD004979,PRD0846,1,427.97,427.97
HITM0015667,HORD004980,PRD0882,1,404.51,404.51
HITM0015668,HORD004980,PRD0843,1,676.52,676.52
HITM0015669,HORD004980,PRD0492,1,961.25,961.25
HITM0015670,HORD004980,PRD0221,1,1071.11,1071.11
HITM0015671,HORD004981,PRD0720,1,313.84,313.84
HITM0015672,HORD004981,PRD0372,1,943.73,943.73
HITM0015673,HORD004981,PRD0110,2,110.2,220.4
HITM0015674,HORD004982,PRD0076,1,729.89,729.89
HITM0015675,HORD004982,PRD0700,1,105.41,105.41
HITM0015676,HORD004982,PRD0710,1,221.52,221.52
HITM0015677,HORD004983,PRD0194,1,537.22,537.22
HITM0015678,HORD004983,PRD0036,2,120.39,240.78
HITM0015679,HORD004984,PRD0743,1,1557.24,1557.24
HITM0015680,HORD004984,PRD0368,1,372.64,372.64
HITM0015681,HORD004985,PRD0505,1,967.54,967.54
HITM0015682,HORD004985,PRD0585,2,81.84,163.68
HITM0015683,HORD004986,PRD0638,1,249.29,249.29
HITM0015684,HORD004986,PRD0954,2,848.21,1696.42
HITM0015685,HORD004987,PRD0269,2,236.51,473.02
HITM0015686,HORD004988,PRD0109,2,326.84,653.68
HITM0015687,HORD004988,PRD0636,1,801.41,801.41
HITM0015688,HORD004988,PRD0580,3,180.48,541.44
HITM0015689,HORD004988,PRD0805,1,997.5,997.5
HITM0015690,HORD004989,PRD0050,1,56.24,56.24
HITM0015691,HORD004989,PRD0675,1,98.97,98.97
HITM0015692,HORD004989,PRD0170,1,202.15,202.15
HITM0015693,HORD004989,PRD0716,1,197.99,197.99
HITM0015694,HORD004990,PRD0805,2,997.5,1995.0
HITM0015695,HORD004991,PRD0617,3,2145.95,6437.85
HITM0015696,HORD004991,PRD0256,1,297.13,297.13
HITM0015697,HORD004991,PRD0710,1,221.52,221.52
HITM0015698,HORD004992,PRD0679,1,1370.51,1370.51
HITM0015699,HORD004992,PRD0155,1,372.71,372.71
HITM0015700,HORD004993,PRD0221,3,1071.11,3213.33
HITM0015701,HORD004993,PRD0345,2,437.36,874.72
HITM0015702,HORD004993,PRD0023,2,620.72,1241.44
HITM0015703,HORD004993,PRD0509,1,306.02,306.02
HITM0015704,HORD004993,PRD0430,2,126.46,252.92
HITM0015705,HORD004994,PRD0074,1,587.22,587.22
HITM0015706,HORD004994,PRD0833,2,941.26,1882.52
HITM0015707,HORD004994,PRD0232,1,1634.96,1634.96
HITM0015708,HORD004995,PRD0655,1,261.66,261.66
HITM0015709,HORD004996,PRD0408,1,1038.75,1038.75
HITM0015710,HORD004996,PRD0928,1,302.59,302.59
HITM0015711,HORD004997,PRD0018,3,953.09,2859.27
HITM0015712,HORD004997,PRD0293,1,1414.37,1414.37
HITM0015713,HORD004997,PRD0725,2,107.02,214.04
HITM0015714,HORD004998,PRD0795,1,1118.81,1118.81
HITM0015715,HORD004998,PRD0395,1,366.66,366.66
HITM0015716,HORD004998,PRD0935,1,41.85,41.85
HITM0015717,HORD004998,PRD0905,2,951.23,1902.46
HITM0015718,HORD004999,PRD0037,2,1207.21,2414.42
HITM0015719,HORD004999,PRD0809,1,217.32,217.32
HITM0015720,HORD004999,PRD0110,2,110.2,220.4
HITM0015721,HORD005000,PRD0562,1,1226.97,1226.97
HITM0015722,HORD005000,PRD0316,2,640.98,1281.96
HITM0015723,HORD005000,PRD0833,1,941.26,941.26
